image_id,class_id,x_center,y_center,width,height,confidence
000003_jpg.rf.8511b9c219dbf9799a6d58900b15917d.jpg,7,0.49923765659332275,0.48109108209609985,0.48668038845062256,0.6417520046234131,0.9309127926826477
000006_jpg.rf.89610ec419ccfab22f8314026b90ee26.jpg,7,0.3771618604660034,0.1663484424352646,0.28303298354148865,0.3326968848705292,0.9244555830955505
00000_00000_00003_png.rf.d18afc3c9625ffb1974029d3e3762aee.jpg,6,0.5221714377403259,0.5104529857635498,0.5825948119163513,0.5917396545410156,0.9193965196609497
00000_00000_00005_png.rf.ab60a274676963d378f5014e89d9e2b1.jpg,6,0.5385123491287231,0.5351869463920593,0.6249727010726929,0.6354007124900818,0.946351170539856
00000_00000_00005_png.rf.ab60a274676963d378f5014e89d9e2b1.jpg,1,0.5651012659072876,0.017536569386720657,0.03974705561995506,0.03496604412794113,0.002147698076441884
00000_00000_00006_png.rf.9d1ea68507aff6973a1dbcdc6f4422a8.jpg,6,0.5340551137924194,0.5544978380203247,0.6012153625488281,0.6064673662185669,0.9508224129676819
00000_00000_00008_png.rf.ff305dcd6e9ceb9188937311a4a1b207.jpg,6,0.5159887671470642,0.5109983086585999,0.6602910757064819,0.6503692865371704,0.9517804980278015
00000_00000_00008_png.rf.ff305dcd6e9ceb9188937311a4a1b207.jpg,1,0.560815155506134,0.016281278803944588,0.03603674843907356,0.03237937390804291,0.0036865128204226494
00000_00000_00013_png.rf.9076cbfc7f7811fa22547539a7e7ac02.jpg,6,0.5389572978019714,0.5015045404434204,0.7135182619094849,0.7172831892967224,0.9494180679321289
00000_00000_00013_png.rf.9076cbfc7f7811fa22547539a7e7ac02.jpg,1,0.014473190531134605,0.016142060980200768,0.02894638106226921,0.03179856762290001,0.004977048374712467
00000_00000_00017_png.rf.6c2381a6a103a041f23159fbd44868ed.jpg,6,0.5301483273506165,0.5282514095306396,0.7599903345108032,0.7419757843017578,0.9434483647346497
00000_00000_00021_png.rf.0803f8eb5b4566c44100cfef9d0bfa8e.jpg,6,0.5248972773551941,0.5407128930091858,0.8028749227523804,0.8082886934280396,0.9444363117218018
00000_00000_00024_png.rf.8b21eb79678eed47df52a9ab4319bc08.jpg,6,0.513225793838501,0.5070016980171204,0.8376613259315491,0.8301593065261841,0.9637515544891357
00000_00001_00008_png.rf.936b0185c3b9131c96d42d60a5da1abb.jpg,6,0.5366509556770325,0.5379999876022339,0.606780469417572,0.6066725254058838,0.9593906998634338
00000_00001_00008_png.rf.936b0185c3b9131c96d42d60a5da1abb.jpg,1,0.37827566266059875,0.03301502391695976,0.038775186985731125,0.06603004783391953,0.0029578565154224634
00000_00001_00013_png.rf.c2367f9d1b377597b2cc3706b70fa818.jpg,6,0.5217784643173218,0.5286165475845337,0.6578682661056519,0.6533940434455872,0.9513952732086182
00000_00001_00016_png.rf.2818a0160369aa9d2465007de479d6d3.jpg,6,0.5166760087013245,0.514944314956665,0.6661491990089417,0.6619939804077148,0.9595540761947632
00000_00001_00020_png.rf.4fc3ed0f124f480c5152a541fff2dbf7.jpg,6,0.5338696241378784,0.5020919442176819,0.7152466177940369,0.7127416133880615,0.9636530876159668
00000_00001_00020_png.rf.4fc3ed0f124f480c5152a541fff2dbf7.jpg,14,0.11208046972751617,0.06400471180677414,0.22416093945503235,0.12786071002483368,0.005315421149134636
00000_00001_00020_png.rf.4fc3ed0f124f480c5152a541fff2dbf7.jpg,14,0.05676955357193947,0.06338517367839813,0.11322833597660065,0.12677034735679626,0.004026499576866627
00000_00001_00020_png.rf.af293e6651965d897c75935cf2084f7d.jpg,6,0.5338696241378784,0.5020919442176819,0.7152466177940369,0.7127416133880615,0.9636530876159668
00000_00001_00020_png.rf.af293e6651965d897c75935cf2084f7d.jpg,14,0.11208046972751617,0.06400471180677414,0.22416093945503235,0.12786071002483368,0.005315421149134636
00000_00001_00020_png.rf.af293e6651965d897c75935cf2084f7d.jpg,14,0.05676955357193947,0.06338517367839813,0.11322833597660065,0.12677034735679626,0.004026499576866627
00000_00001_00021_png.rf.beb4a4004ddd09e998abac6f77de0322.jpg,6,0.5305585861206055,0.514629602432251,0.7308148741722107,0.749134361743927,0.9613453149795532
00000_00002_00012_png.rf.d345a307460a0fa32e159261cffa0e88.jpg,6,0.5143895149230957,0.5143784284591675,0.6175714135169983,0.6316944360733032,0.9441178441047668
00000_00002_00012_png.rf.d345a307460a0fa32e159261cffa0e88.jpg,1,0.5890756845474243,0.015595445409417152,0.04747772216796875,0.030992310494184494,0.002199731068685651
00000_00002_00015_png.rf.9c6647dad127ad8ea26b08ef5e31f15f.jpg,6,0.5342969298362732,0.5178351998329163,0.6916491985321045,0.6814107298851013,0.9452980756759644
00000_00002_00015_png.rf.9c6647dad127ad8ea26b08ef5e31f15f.jpg,1,0.014726968482136726,0.026005946099758148,0.028255939483642578,0.052011892199516296,0.03843361884355545
00000_00002_00026_png.rf.092c69361ef48fd43b479aa48fc829d9.jpg,6,0.5075943470001221,0.5018162131309509,0.8192523717880249,0.7997793555259705,0.9485976099967957
00000_00002_00026_png.rf.092c69361ef48fd43b479aa48fc829d9.jpg,0,0.4763796925544739,0.006288998760282993,0.021604133769869804,0.01225084625184536,0.0033273561857640743
00000_00003_00003_png.rf.cb1242e3f504fdf75084201d1d568a93.jpg,6,0.5371459722518921,0.5615519881248474,0.5803062915802002,0.5555257797241211,0.9651827812194824
00000_00003_00003_png.rf.cb1242e3f504fdf75084201d1d568a93.jpg,0,0.6459518671035767,0.03705205023288727,0.7058759331703186,0.07410410046577454,0.0013319287681952119
00000_00003_00005_png.rf.91e4d86cd4241911356889c94ae3f5ee.jpg,6,0.5362579822540283,0.5322864055633545,0.5789105296134949,0.5822207927703857,0.9519415497779846
00000_00003_00005_png.rf.91e4d86cd4241911356889c94ae3f5ee.jpg,0,0.23664361238479614,0.030379921197891235,0.4564704895019531,0.06075984239578247,0.08699048310518265
00000_00003_00005_png.rf.91e4d86cd4241911356889c94ae3f5ee.jpg,1,0.2406863570213318,0.03158583492040634,0.4790375530719757,0.06317166984081268,0.0225235503166914
00000_00003_00005_png.rf.91e4d86cd4241911356889c94ae3f5ee.jpg,1,0.2492223083972931,0.047136034816503525,0.49538999795913696,0.09368626028299332,0.005634003784507513
00000_00003_00005_png.rf.91e4d86cd4241911356889c94ae3f5ee.jpg,0,0.2521800696849823,0.032008714973926544,0.325676292181015,0.06401742994785309,0.0049663386307656765
00000_00003_00005_png.rf.91e4d86cd4241911356889c94ae3f5ee.jpg,0,0.6663259267807007,0.03723146393895149,0.6624664068222046,0.07446292787790298,0.0030387609731405973
00000_00003_00005_png.rf.91e4d86cd4241911356889c94ae3f5ee.jpg,1,0.2514192461967468,0.10206231474876404,0.5023943185806274,0.20362748205661774,0.001161707565188408
00000_00003_00005_png.rf.91e4d86cd4241911356889c94ae3f5ee.jpg,1,0.7451142072677612,0.04321824014186859,0.5085076689720154,0.08643648028373718,0.0010392620461061597
00000_00003_00005_png.rf.91e4d86cd4241911356889c94ae3f5ee.jpg,0,0.4199197590351105,0.03590351715683937,0.8147065043449402,0.07159829139709473,0.0010116922203451395
00000_00003_00011_png.rf.7d5f2a85458f70654be03f2a2cd47c06.jpg,6,0.5376205444335938,0.5170814394950867,0.627996027469635,0.6331237554550171,0.9526990056037903
00000_00003_00011_png.rf.7d5f2a85458f70654be03f2a2cd47c06.jpg,5,0.739820122718811,0.03330231085419655,0.5203598141670227,0.0666046217083931,0.0038740159943699837
00000_00003_00011_png.rf.7d5f2a85458f70654be03f2a2cd47c06.jpg,0,0.7411946654319763,0.03285050019621849,0.5176107287406921,0.06566932052373886,0.0030331439338624477
00000_00003_00011_png.rf.7d5f2a85458f70654be03f2a2cd47c06.jpg,11,0.7376824021339417,0.0359741747379303,0.44167855381965637,0.0719483494758606,0.001152814831584692
00000_00003_00015_png.rf.a18e8c7a509b0f5f98fe6221bac9aee4.jpg,6,0.5354633927345276,0.534309446811676,0.6941394209861755,0.7101174592971802,0.9516183137893677
00000_00003_00015_png.rf.a18e8c7a509b0f5f98fe6221bac9aee4.jpg,0,0.703197181224823,0.030980270355939865,0.593605637550354,0.06193698197603226,0.012537049129605293
00000_00003_00015_png.rf.a18e8c7a509b0f5f98fe6221bac9aee4.jpg,0,0.6164506673812866,0.03577117994427681,0.7670985460281372,0.07137467712163925,0.005361197981983423
00000_00003_00015_png.rf.a18e8c7a509b0f5f98fe6221bac9aee4.jpg,0,0.46764475107192993,0.04447402432560921,0.8423912525177002,0.08841855823993683,0.004456929862499237
00000_00003_00015_png.rf.a18e8c7a509b0f5f98fe6221bac9aee4.jpg,1,0.823341965675354,0.02513820119202137,0.35331615805625916,0.05027640238404274,0.0017399920616298914
00000_00003_00017_png.rf.cb107aac6c3f74cfb122de76625c4abc.jpg,6,0.5073844194412231,0.5168036222457886,0.7430620193481445,0.7077444791793823,0.9583311676979065
00000_00003_00019_png.rf.d5f22619ed92e72b6d2ed7150b2db7c3.jpg,6,0.527743399143219,0.5132307410240173,0.7397043704986572,0.7318510413169861,0.9587026834487915
00000_00003_00019_png.rf.d5f22619ed92e72b6d2ed7150b2db7c3.jpg,0,0.5524377226829529,0.03451956808567047,0.8600248098373413,0.06860481202602386,0.0016341195441782475
00000_00004_00027_png.rf.339c3f63582ed2785e9d0740821e561e.jpg,6,0.5227247476577759,0.5237855315208435,0.8448232412338257,0.8425245881080627,0.9463302493095398
00000_00005_00000_png.rf.4b0a9b1409c4ee2cc880aa6e173d5e0e.jpg,6,0.5269788503646851,0.518348753452301,0.5560904741287231,0.5552197694778442,0.9150230884552002
00000_00005_00003_png.rf.df858754a637fecb106924e9bc47a832.jpg,6,0.5583912134170532,0.5228853821754456,0.5510100722312927,0.5828603506088257,0.9390172362327576
00000_00005_00009_png.rf.318081408daa3bd6bd66422e94bd3dca.jpg,6,0.5381377935409546,0.5134800672531128,0.618133544921875,0.6331606507301331,0.9453034996986389
00000_00005_00016_png.rf.80996367c51768326648d4c53f8a1e63.jpg,6,0.5210551619529724,0.4934617578983307,0.6618087291717529,0.7055076956748962,0.949369490146637
00000_00005_00025_png.rf.f6c63209955abab1fc2ea39248553192.jpg,6,0.520248532295227,0.5065447688102722,0.8048714995384216,0.8395613431930542,0.9744364023208618
00000_00005_00027_png.rf.397ea37e7f1f7c3029ef77da37b4d73a.jpg,6,0.5034967064857483,0.4971494674682617,0.8417821526527405,0.8301990032196045,0.9772006273269653
00000_00006_00000_png.rf.89204de3eb332a0f1dfbdbfeed2c4f19.jpg,6,0.5066533088684082,0.5450023412704468,0.4788943827152252,0.5730674862861633,0.9352537393569946
00000_00006_00000_png.rf.89204de3eb332a0f1dfbdbfeed2c4f19.jpg,1,0.8155319690704346,0.48084133863449097,0.3689361810684204,0.8690105080604553,0.01083669625222683
00000_00006_00000_png.rf.89204de3eb332a0f1dfbdbfeed2c4f19.jpg,1,0.8782500624656677,0.4686393141746521,0.24349990487098694,0.8245977163314819,0.0023962578270584345
00000_00006_00004_png.rf.f3eaa594302a3387574994936ac8af80.jpg,6,0.49545207619667053,0.5091921091079712,0.5816881656646729,0.6042938232421875,0.9534000158309937
00000_00006_00004_png.rf.f3eaa594302a3387574994936ac8af80.jpg,1,0.8671512603759766,0.44251900911331177,0.2651553452014923,0.8850380182266235,0.0037280702963471413
00000_00006_00004_png.rf.f3eaa594302a3387574994936ac8af80.jpg,1,0.42147254943847656,0.008605274371802807,0.20869365334510803,0.017210548743605614,0.003047446720302105
00000_00006_00004_png.rf.f3eaa594302a3387574994936ac8af80.jpg,1,0.8241274952888489,0.1231512576341629,0.35116004943847656,0.2463025152683258,0.0016232352936640382
00000_00006_00004_png.rf.f3eaa594302a3387574994936ac8af80.jpg,1,0.41361719369888306,0.021653858944773674,0.2330816388130188,0.04330771788954735,0.0010649967007339
00000_00006_00009_png.rf.69ada07a494f34af78f9cbb977bb1fe7.jpg,6,0.5233133435249329,0.525913417339325,0.6743135452270508,0.652391791343689,0.9455850124359131
00000_00006_00009_png.rf.69ada07a494f34af78f9cbb977bb1fe7.jpg,1,0.4104304611682892,0.009226342663168907,0.22578781843185425,0.018452685326337814,0.0013518339255824685
00000_00006_00009_png.rf.abb45158e58a911f6eb8f4784f718205.jpg,6,0.5233133435249329,0.525913417339325,0.6743135452270508,0.652391791343689,0.9455850124359131
00000_00006_00009_png.rf.abb45158e58a911f6eb8f4784f718205.jpg,1,0.4104304611682892,0.009226342663168907,0.22578781843185425,0.018452685326337814,0.0013518339255824685
00000_00006_00014_png.rf.c18a9a99443ea933a462c18e7d9cc035.jpg,6,0.5099665522575378,0.4940102696418762,0.7038594484329224,0.7029191255569458,0.937842071056366
00000_00006_00021_png.rf.ceba1690308218617be309fd8dd38971.jpg,6,0.5202283263206482,0.5188360810279846,0.7766441702842712,0.7416974306106567,0.9557676315307617
00000_00006_00021_png.rf.ceba1690308218617be309fd8dd38971.jpg,11,0.11612795293331146,0.9128372669219971,0.2317752093076706,0.17416609823703766,0.0021010811906307936
00000_00006_00021_png.rf.ceba1690308218617be309fd8dd38971.jpg,11,0.11434169858694077,0.865454375743866,0.22868339717388153,0.26909124851226807,0.0020586398895829916
00000_00006_00022_png.rf.8a9524bcedd0aa85d431b5314bdaf179.jpg,6,0.5087423920631409,0.5121105909347534,0.7789579629898071,0.7535380721092224,0.9475685358047485
00000_00006_00022_png.rf.ac6d1330d86c61ae4067afdd3a258ab3.jpg,6,0.5087423920631409,0.5121105909347534,0.7789579629898071,0.7535380721092224,0.9475685358047485
000012_jpg.rf.a2e9009c1ca91c2272045589701123f0.jpg,7,0.4925915598869324,0.33806082606315613,0.8140558004379272,0.38688924908638,0.875774085521698
000012_jpg.rf.a2e9009c1ca91c2272045589701123f0.jpg,12,0.8237403035163879,0.9818418025970459,0.08520852774381638,0.034618377685546875,0.8097470998764038
000012_jpg.rf.a2e9009c1ca91c2272045589701123f0.jpg,12,0.8352699875831604,0.9820375442504883,0.05938706174492836,0.03162838891148567,0.028624659404158592
000012_jpg.rf.a2e9009c1ca91c2272045589701123f0.jpg,5,0.526319682598114,0.9834645986557007,0.059177618473768234,0.029664039611816406,0.00372786121442914
000012_jpg.rf.a2e9009c1ca91c2272045589701123f0.jpg,12,0.5318779945373535,0.983971357345581,0.04513777047395706,0.023830046877264977,0.001235761446878314
000012_jpg.rf.a2e9009c1ca91c2272045589701123f0.jpg,3,0.14896586537361145,0.9817229509353638,0.13627606630325317,0.03458976745605469,0.0011896855430677533
000012_jpg.rf.a2e9009c1ca91c2272045589701123f0.jpg,0,0.25040262937545776,0.9845870137214661,0.050100233405828476,0.026038169860839844,0.0011752715799957514
000015_jpg.rf.1c60d15418d0291507def26c241ed27e.jpg,7,0.2565724551677704,0.3712773025035858,0.41739338636398315,0.48154112696647644,0.940639317035675
00001_00006_00004_png.rf.d10a2232f001894c293a3899de728cad.jpg,7,0.5237029790878296,0.532299280166626,0.7534054517745972,0.769764244556427,0.9714578986167908
00001_00006_00026_png.rf.49d271a1ad59fd8fc3022b9d27fd55e2.jpg,7,0.5051971673965454,0.5066015720367432,0.821902334690094,0.8654895424842834,0.963821291923523
00001_00010_00003_png.rf.7aafa0add84d32dae0f70c72f29be839.jpg,7,0.5317028760910034,0.5680912733078003,0.530971884727478,0.5309991836547852,0.938346266746521
00001_00010_00003_png.rf.7aafa0add84d32dae0f70c72f29be839.jpg,1,0.8627369999885559,0.20625121891498566,0.2745260000228882,0.4125024378299713,0.005216548684984446
00001_00010_00003_png.rf.7aafa0add84d32dae0f70c72f29be839.jpg,1,0.7757198810577393,0.2754671275615692,0.44815173745155334,0.5509282350540161,0.00358410831540823
00001_00010_00003_png.rf.7aafa0add84d32dae0f70c72f29be839.jpg,1,0.8597201108932495,0.12965193390846252,0.28055983781814575,0.25930386781692505,0.0024959202855825424
00001_00010_00003_png.rf.7aafa0add84d32dae0f70c72f29be839.jpg,1,0.7482712268829346,0.3536214232444763,0.5033424496650696,0.7035808563232422,0.0010128432186320424
00001_00010_00010_png.rf.0c717d1fcb47c63dc21133891c67058d.jpg,7,0.5477728247642517,0.5418927073478699,0.5957556366920471,0.613031268119812,0.9466812610626221
00001_00011_00006_png.rf.b3c9ed7b58e8b06312406f5fb6ecb9cd.jpg,7,0.5125432014465332,0.5277008414268494,0.6566559076309204,0.6223097443580627,0.9673424363136292
00001_00014_00020_png.rf.dae49e781829147dd4dfd5b4812d0068.jpg,7,0.5104378461837769,0.5178367495536804,0.8002322316169739,0.8149482011795044,0.9384499788284302
00001_00019_00006_png.rf.ba8186909430430fb44e7eea3282a96b.jpg,7,0.5363381505012512,0.5104557275772095,0.5957400798797607,0.6113379001617432,0.9490405321121216
00001_00020_00001_png.rf.558285df18ab5e029ed28ae9b0442173.jpg,7,0.4875355362892151,0.5297898054122925,0.6237735748291016,0.7504843473434448,0.950569212436676
00001_00020_00009_png.rf.70d380dd904a8b782ac06daf41622bc8.jpg,7,0.4879123270511627,0.5103902220726013,0.7129262685775757,0.7810841202735901,0.9710421562194824
00001_00021_00006_png.rf.c24e2e36491660b540a9b81687c16bc3.jpg,7,0.5256268382072449,0.5487146377563477,0.5755959749221802,0.6054707765579224,0.9339748620986938
00001_00021_00007_png.rf.7054b7fcb56980bcabcf57e0f1cb9182.jpg,7,0.5410007238388062,0.5043075680732727,0.5795033574104309,0.6141761541366577,0.7159350514411926
00001_00022_00001_png.rf.f68bab926df5c93b7a8baf9d168955d1.jpg,7,0.5225891470909119,0.515419602394104,0.6205704212188721,0.5550990700721741,0.9655269384384155
00001_00023_00007_png.rf.f20610daefe32091399ce0ee1b9799f6.jpg,7,0.5720773339271545,0.5658121109008789,0.558192253112793,0.5911237001419067,0.9449898600578308
00001_00025_00025_png.rf.9556a94e4da441bd05e548d86099c3c0.jpg,7,0.5097435712814331,0.509278416633606,0.7811551690101624,0.7920895218849182,0.9679650664329529
00001_00028_00017_png.rf.ff6c0bf1f57a58c63e706c5a59b9b55e.jpg,7,0.5183514952659607,0.47749000787734985,0.697239339351654,0.7880767583847046,0.9738779664039612
00001_00028_00017_png.rf.ff6c0bf1f57a58c63e706c5a59b9b55e.jpg,14,0.9683555364608765,0.42865073680877686,0.06324518471956253,0.6911187767982483,0.03358927369117737
00001_00028_00017_png.rf.ff6c0bf1f57a58c63e706c5a59b9b55e.jpg,9,0.9689064621925354,0.4210178256034851,0.062042236328125,0.5863212943077087,0.007076927460730076
00001_00028_00017_png.rf.ff6c0bf1f57a58c63e706c5a59b9b55e.jpg,7,0.9710325002670288,0.42023032903671265,0.05793498083949089,0.5791382193565369,0.005873457062989473
00001_00028_00017_png.rf.ff6c0bf1f57a58c63e706c5a59b9b55e.jpg,14,0.9540836811065674,0.461267352104187,0.09181895852088928,0.808368444442749,0.0039192382246255875
00001_00029_00011_png.rf.8778f18a5af227481b72a0bd897cb144.jpg,7,0.544508695602417,0.5307132005691528,0.6498501300811768,0.6539688110351562,0.9636521935462952
00001_00029_00011_png.rf.8778f18a5af227481b72a0bd897cb144.jpg,0,0.036728374660015106,0.01521213911473751,0.07345674932003021,0.03042427822947502,0.001280042459256947
00001_00030_00008_png.rf.f42a5ab100ba2300ff2ef3273198a629.jpg,7,0.5371806621551514,0.5329798460006714,0.5602715611457825,0.6739867329597473,0.9573743343353271
00001_00031_00011_png.rf.d92d0588e5bfd7f8ced37d558e0efd54.jpg,7,0.5420612096786499,0.5021499991416931,0.5690227150917053,0.6046014428138733,0.9682433605194092
00001_00032_00012_png.rf.e30cf3974f41a7316dff0477b7c4c589.jpg,7,0.5042873024940491,0.5427477955818176,0.6833441853523254,0.6866934895515442,0.9726773500442505
00001_00033_00010_png.rf.4b1b4602c3c04f4aa72ce1f952cce126.jpg,7,0.5221635699272156,0.5108546614646912,0.6151812076568604,0.6095746159553528,0.9614064693450928
00001_00033_00013_png.rf.7df949e59990e9dabfbc631176beada9.jpg,7,0.5560658574104309,0.5647290945053101,0.6355196237564087,0.6441663503646851,0.9589517712593079
00001_00035_00012_png.rf.ef688824fa8eae681376cbaa7708a2dd.jpg,7,0.5324246287345886,0.5424929261207581,0.6417403817176819,0.607916533946991,0.9659339785575867
00001_00035_00012_png.rf.ef688824fa8eae681376cbaa7708a2dd.jpg,1,0.4693622589111328,0.016703255474567413,0.0411762073636055,0.03276369348168373,0.0013102306984364986
00001_00038_00012_png.rf.769276765c04567a8afdd2300298c7cb.jpg,7,0.49355173110961914,0.48385918140411377,0.5939314365386963,0.5923624038696289,0.9635447263717651
00001_00038_00013_png.rf.9bea2c6ade7591cafa7a3ee2d6447b63.jpg,7,0.5107523202896118,0.49036353826522827,0.6067705750465393,0.608475387096405,0.9531276226043701
00001_00042_00000_png.rf.ac8cef49708d26776dd018e63c08ee29.jpg,7,0.5140460729598999,0.5283309817314148,0.5676409006118774,0.5930726528167725,0.9531072974205017
00001_00059_00004_png.rf.74b0bb0dc2200bf50c665e4b2017a9cf.jpg,7,0.5353929400444031,0.5151175856590271,0.6522538661956787,0.6585639715194702,0.9571670293807983
00001_00060_00007_png.rf.1bf10fd8b24b215fba58ab5975968559.jpg,7,0.5102537870407104,0.5416111350059509,0.6862130761146545,0.6940184235572815,0.9617111086845398
00001_00063_00003_png.rf.e87ae69015487ca78a229870bc3ed27f.jpg,7,0.5746689438819885,0.5732830762863159,0.5967572927474976,0.6349912881851196,0.936225414276123
00001_00063_00003_png.rf.e87ae69015487ca78a229870bc3ed27f.jpg,1,0.93405681848526,0.2353760302066803,0.13188648223876953,0.4707520604133606,0.026530815288424492
00001_00063_00003_png.rf.e87ae69015487ca78a229870bc3ed27f.jpg,1,0.9333229064941406,0.11977122724056244,0.13335418701171875,0.23939737677574158,0.0011854757321998477
00001_00064_00019_png.rf.135e30aa3fe9209e095eb3ff5e304ebb.jpg,7,0.529262900352478,0.49609023332595825,0.7112071514129639,0.7299220561981201,0.9642775058746338
00001_00065_00006_png.rf.161dc86f1aaaf56ceadeedb9920c11ec.jpg,7,0.5628136992454529,0.503607451915741,0.6332477927207947,0.6122797727584839,0.9526867866516113
00001_00066_00015_png.rf.e1adfeb91011dcf5d548147d1acc30eb.jpg,7,0.48873013257980347,0.5222799777984619,0.7675540447235107,0.7563657760620117,0.9722126126289368
00001_00066_00015_png.rf.e1adfeb91011dcf5d548147d1acc30eb.jpg,14,0.9651613235473633,0.5209842324256897,0.06906582415103912,0.6523528695106506,0.24277690052986145
00001_00066_00015_png.rf.e1adfeb91011dcf5d548147d1acc30eb.jpg,14,0.9540141820907593,0.49377700686454773,0.09197162091732025,0.6626694798469543,0.03363797441124916
00001_00066_00015_png.rf.e1adfeb91011dcf5d548147d1acc30eb.jpg,9,0.9640153050422668,0.4787786900997162,0.07195913046598434,0.621435284614563,0.021023662760853767
00001_00066_00015_png.rf.e1adfeb91011dcf5d548147d1acc30eb.jpg,7,0.9658569097518921,0.4774748980998993,0.06828616559505463,0.5986111760139465,0.018724393099546432
00001_00066_00015_png.rf.e1adfeb91011dcf5d548147d1acc30eb.jpg,6,0.9637438058853149,0.5012831091880798,0.07251247763633728,0.619265615940094,0.01856749877333641
00001_00068_00007_png.rf.4bb41a90249c981be7a87239ef7d4288.jpg,7,0.48275163769721985,0.5220838189125061,0.5887367129325867,0.5724343061447144,0.9587974548339844
00002_00000_00005_png.rf.6a3d73b59a12500d97c5ad071900f3e8.jpg,9,0.5279494524002075,0.5092909336090088,0.6457013487815857,0.7282839417457581,0.9838613867759705
00002_00000_00008_png.rf.fef84220cd4e8886da3b88267904e21d.jpg,9,0.5372148156166077,0.5079936385154724,0.6891284584999084,0.753424346446991,0.9844316840171814
00002_00000_00016_png.rf.5c98b3aeaa1ebc1ebc1afb2b2e8d9750.jpg,9,0.5033251047134399,0.5079734325408936,0.718291163444519,0.7992302775382996,0.9798689484596252
00002_00004_00025_png.rf.088e01a14aec1e026c95b0b5ab8b08ec.jpg,9,0.5192257761955261,0.5220704078674316,0.8159875273704529,0.7983331680297852,0.9823859333992004
00002_00006_00028_png.rf.70f98b1fc1d0c548e37ffe7968c81a40.jpg,9,0.49257293343544006,0.5238077640533447,0.7388169169425964,0.7923266291618347,0.9861708879470825
00002_00007_00012_png.rf.cda4cec2b68cd6819ec43a7799d667a5.jpg,9,0.5326063632965088,0.5135807394981384,0.6231311559677124,0.6708901524543762,0.9691913723945618
00002_00007_00012_png.rf.cda4cec2b68cd6819ec43a7799d667a5.jpg,12,0.8359180092811584,0.11397780478000641,0.3147529363632202,0.22795560956001282,0.0014429703587666154
00002_00010_00029_png.rf.526a5527eafd2cdc74e872afe9fb8276.jpg,9,0.4915001690387726,0.5025282502174377,0.8089761734008789,0.8487118482589722,0.9598194360733032
00002_00011_00028_png.rf.4b4e80fab739c206b44c9d195a2f08e0.jpg,9,0.5037891864776611,0.4855082631111145,0.715404212474823,0.7828718423843384,0.9806592464447021
00002_00015_00017_png.rf.81a2cb9a7cc2d150109c3af756943d8e.jpg,9,0.5007149577140808,0.5204437971115112,0.7617899179458618,0.7599034905433655,0.98598712682724
00002_00016_00002_png.rf.c2bf6b0c65f3f2b845d281aef33328e0.jpg,9,0.5233888626098633,0.5352645516395569,0.6038379669189453,0.638605535030365,0.9962069988250732
00002_00016_00002_png.rf.c2bf6b0c65f3f2b845d281aef33328e0.jpg,12,0.644901692867279,0.13562370836734772,0.7101966142654419,0.26968881487846375,0.002365274354815483
00002_00016_00002_png.rf.c2bf6b0c65f3f2b845d281aef33328e0.jpg,12,0.8373695015907288,0.13848918676376343,0.32450947165489197,0.275554358959198,0.0010740217985585332
00002_00017_00020_png.rf.1a27fc5910f7ff6cd9e5ecad10609fe4.jpg,9,0.518057107925415,0.5107893347740173,0.7094226479530334,0.729852557182312,0.9823569059371948
00002_00017_00020_png.rf.1a27fc5910f7ff6cd9e5ecad10609fe4.jpg,11,0.49636217951774597,0.9615049362182617,0.3980436623096466,0.07699012756347656,0.1776116043329239
00002_00017_00020_png.rf.1a27fc5910f7ff6cd9e5ecad10609fe4.jpg,6,0.4829176366329193,0.9585501551628113,0.3909859359264374,0.08289968222379684,0.013341470621526241
00002_00017_00020_png.rf.1a27fc5910f7ff6cd9e5ecad10609fe4.jpg,0,0.48565414547920227,0.9590904712677002,0.41005170345306396,0.0818190947175026,0.012255449779331684
00002_00017_00020_png.rf.1a27fc5910f7ff6cd9e5ecad10609fe4.jpg,10,0.4815524220466614,0.9567479491233826,0.40602460503578186,0.08650420606136322,0.0034744231961667538
00002_00017_00020_png.rf.1a27fc5910f7ff6cd9e5ecad10609fe4.jpg,1,0.48333480954170227,0.9537659287452698,0.42146366834640503,0.09246811270713806,0.0022328044287860394
00002_00017_00020_png.rf.1a27fc5910f7ff6cd9e5ecad10609fe4.jpg,1,0.48090237379074097,0.9378699064254761,0.4517577290534973,0.12426017224788666,0.0010046479292213917
00002_00017_00026_png.rf.0e0c876d62e868e7b8bbea45c2854b90.jpg,9,0.500389039516449,0.50779128074646,0.7845326066017151,0.8204792737960815,0.9813490509986877
00002_00017_00026_png.rf.0e0c876d62e868e7b8bbea45c2854b90.jpg,11,0.49387550354003906,0.9718577861785889,0.568169355392456,0.05482446402311325,0.014821361750364304
00002_00028_00013_png.rf.4c1b88702f75ba47a05c979c6a1a24af.jpg,9,0.5312985181808472,0.5199701189994812,0.6409577131271362,0.6471337080001831,0.9893769025802612
00002_00029_00020_png.rf.92b3fdd9df0a753fcf7dd9e098f54ca5.jpg,9,0.49307507276535034,0.5196931958198547,0.7619954347610474,0.7556003332138062,0.9569082856178284
00002_00032_00021_png.rf.45636f29d1c772fb421d516a9741145a.jpg,9,0.49520185589790344,0.5423398017883301,0.6493260264396667,0.6905279159545898,0.9877259135246277
00002_00057_00023_png.rf.c8c4e00edf84e93fdca59e89ca4480e8.jpg,9,0.5072258710861206,0.5129965543746948,0.7924693822860718,0.7810826897621155,0.9866718649864197
00002_00063_00008_png.rf.42b7f6b82f752ce45b8a4128928bea6b.jpg,9,0.5315657258033752,0.5322768688201904,0.5624331831932068,0.5711444020271301,0.9835055470466614
00002_00065_00004_png.rf.dd58840a036850f03da5f6bbdd1940d2.jpg,9,0.5362957119941711,0.5485198497772217,0.676517128944397,0.7234929203987122,0.9936110377311707
00002_00065_00004_png.rf.dd58840a036850f03da5f6bbdd1940d2.jpg,1,0.10635291785001755,0.010327229276299477,0.19291602075099945,0.020527968183159828,0.006194833666086197
00002_00065_00004_png.rf.dd58840a036850f03da5f6bbdd1940d2.jpg,1,0.14751121401786804,0.024643687531352043,0.28751808404922485,0.049287255853414536,0.0010796027490869164
00002_00065_00005_png.rf.f156b51c34d4fe59f4f1981ecab62ed0.jpg,9,0.5207700729370117,0.5249649882316589,0.6609532237052917,0.7007607817649841,0.9808130860328674
00002_00065_00005_png.rf.f156b51c34d4fe59f4f1981ecab62ed0.jpg,0,0.17807616293430328,0.026517095044255257,0.35195571184158325,0.05303419008851051,0.009562704712152481
00002_00065_00005_png.rf.f156b51c34d4fe59f4f1981ecab62ed0.jpg,1,0.4008093476295471,0.008419295772910118,0.2001781314611435,0.016838591545820236,0.002757323207333684
00002_00065_00005_png.rf.f156b51c34d4fe59f4f1981ecab62ed0.jpg,1,0.1846693605184555,0.026229096576571465,0.36659157276153564,0.05245819315314293,0.001521668629720807
00002_00065_00005_png.rf.f156b51c34d4fe59f4f1981ecab62ed0.jpg,1,0.19775493443012238,0.013572996482253075,0.25063851475715637,0.02714599296450615,0.001111470628529787
00003_00000_00008_png.rf.976bc2ecdc3e69167320fc22712ec43d.jpg,10,0.5209470391273499,0.48815077543258667,0.6125465631484985,0.6192120313644409,0.9443265795707703
00003_00002_00016_png.rf.f31757e4e66bdf3dd7c10888f14ba7c6.jpg,10,0.5494436025619507,0.5011405348777771,0.6616199016571045,0.6992573142051697,0.9267834424972534
00003_00002_00023_png.rf.4d47dbf061aedff7277a91be6a5bbc6b.jpg,10,0.531948983669281,0.532187819480896,0.7492551207542419,0.7577884197235107,0.9360651969909668
00003_00010_00012_png.rf.992b5dc958856171d8218c027b672b12.jpg,10,0.4902907609939575,0.49573010206222534,0.6193139553070068,0.6193625926971436,0.9354925155639648
00003_00014_00015_png.rf.4a4854b32d96279361db09f8b4d4bbcf.jpg,10,0.5482617616653442,0.5334827899932861,0.6178306937217712,0.6455762386322021,0.9077604413032532
00003_00019_00004_png.rf.0e5e854d48614cdc5bef09b4b3085a03.jpg,10,0.5041853189468384,0.5060898661613464,0.6085993647575378,0.590747058391571,0.8284408450126648
00003_00019_00004_png.rf.0e5e854d48614cdc5bef09b4b3085a03.jpg,1,0.42504405975341797,0.035956837236881256,0.13671892881393433,0.07191367447376251,0.005487306509166956
00003_00026_00011_png.rf.33d98e9ee599a39d6f2b819682707a5a.jpg,10,0.5305217504501343,0.5441739559173584,0.5682907700538635,0.6048426032066345,0.9307284355163574
00003_00026_00022_png.rf.f67190b7724f3871c19569e098d5cc02.jpg,10,0.531761109828949,0.5048516988754272,0.6927245259284973,0.7052561044692993,0.9412922263145447
00003_00027_00025_png.rf.4c1fd45a0b5f0f724237f83b7d47c499.jpg,10,0.5300315618515015,0.5037221908569336,0.7636796236038208,0.7838714122772217,0.9467562437057495
00003_00034_00015_png.rf.16921ba926f31008a26ba58d2337527f.jpg,10,0.5048132538795471,0.5109922885894775,0.666951596736908,0.6698617935180664,0.9292323589324951
00003_00034_00015_png.rf.16921ba926f31008a26ba58d2337527f.jpg,1,0.31817421317100525,0.01458008587360382,0.029556365683674812,0.02875930815935135,0.0031006827484816313
00003_00035_00028_png.rf.ee8da916ee92d6dc7e62eedaf09a79e4.jpg,10,0.5034911036491394,0.48921090364456177,0.7923862934112549,0.8014994859695435,0.9377241134643555
00003_00036_00017_png.rf.8ac2d0085877d733785436132fdc938e.jpg,10,0.5158515572547913,0.5074113011360168,0.7043076753616333,0.6652673482894897,0.9413134455680847
00003_00036_00028_png.rf.b1c4322c721873c9caa6ed9fd25eeb07.jpg,10,0.5041263103485107,0.4929116368293762,0.8036860823631287,0.8082008361816406,0.9517070055007935
00003_00036_00028_png.rf.b3b837a4ff3803383e94a13fe8fc748b.jpg,10,0.5041263103485107,0.4929116368293762,0.8036860823631287,0.8082008361816406,0.9517070055007935
00003_00038_00015_png.rf.68af73eb3c3267953582146c619d7c25.jpg,10,0.5388794541358948,0.49573564529418945,0.6676860451698303,0.6751916408538818,0.9396395087242126
00003_00038_00015_png.rf.68af73eb3c3267953582146c619d7c25.jpg,1,0.94264155626297,0.8568084239959717,0.11471689492464066,0.2745163142681122,0.003441868582740426
00003_00038_00015_png.rf.68af73eb3c3267953582146c619d7c25.jpg,14,0.9422445893287659,0.8579878211021423,0.11551086604595184,0.268074631690979,0.0029482869431376457
00003_00038_00026_png.rf.a69d0576816db3c4d315d0dce5b99721.jpg,10,0.5121034979820251,0.5062963962554932,0.8242241740226746,0.8439925909042358,0.9283832311630249
00003_00040_00029_png.rf.7d37fc566ece4627cb04b2b8d32dc473.jpg,10,0.517836332321167,0.5114983320236206,0.6703323721885681,0.6736217141151428,0.9343330264091492
00003_00042_00029_png.rf.d0d6dd339d2be42128efbae34d3f541a.jpg,10,0.4965173602104187,0.5044206380844116,0.7544158697128296,0.7334644794464111,0.9294432401657104
00003_00044_00003_png.rf.2b73723d27b25434c3de6ca04adbe574.jpg,10,0.5449475646018982,0.5277969837188721,0.50296950340271,0.4869283437728882,0.92559415102005
00003_00044_00003_png.rf.2b73723d27b25434c3de6ca04adbe574.jpg,1,0.4174278974533081,0.4326143264770508,0.8348557949066162,0.8652286529541016,0.014110215939581394
00003_00044_00011_png.rf.9f723b9e228efc8339bf51faa590a58e.jpg,10,0.548561155796051,0.5441150069236755,0.5751017332077026,0.5796431303024292,0.9330256581306458
00003_00044_00013_png.rf.24a211df9596dccf36b448483be5f663.jpg,10,0.538772702217102,0.5143474340438843,0.6140559911727905,0.6159146428108215,0.9402968287467957
00003_00044_00013_png.rf.24a211df9596dccf36b448483be5f663.jpg,1,0.16807907819747925,0.01780605874955654,0.07660475373268127,0.0354631282389164,0.001866235863417387
00003_00044_00020_png.rf.dc91d31ec81c700753fe335f3fc42cf8.jpg,10,0.5305821895599365,0.5165268182754517,0.7258746027946472,0.711636483669281,0.9288904666900635
00003_00045_00010_png.rf.1eb0ead62274ff3e76b12140d0f4399b.jpg,10,0.538711667060852,0.536611795425415,0.6204774379730225,0.5975323915481567,0.9467808604240417
00003_00045_00010_png.rf.1eb0ead62274ff3e76b12140d0f4399b.jpg,1,0.05023569613695145,0.01667562685906887,0.1004713922739029,0.0327119305729866,0.007230422459542751
00003_00045_00010_png.rf.1eb0ead62274ff3e76b12140d0f4399b.jpg,0,0.04725738614797592,0.015431000851094723,0.09451477229595184,0.0305507592856884,0.005846908316016197
00003_00045_00019_png.rf.3120c19400c889f8dfd507e2f6f16995.jpg,10,0.5169702172279358,0.518689751625061,0.7374840974807739,0.7255675792694092,0.9417577385902405
00003_00046_00010_png.rf.891f75f30b9f3db0a566b63a5d08287f.jpg,10,0.5247033834457397,0.5040954351425171,0.6248577833175659,0.623274564743042,0.9378690123558044
000041_jpg.rf.89c814e3db33e70112e3447d54bb42c6.jpg,7,0.5388123989105225,0.30887371301651,0.27701741456985474,0.4772811532020569,0.9462509155273438
000041_jpg.rf.89c814e3db33e70112e3447d54bb42c6.jpg,0,0.9915429353713989,0.17176364362239838,0.016099562868475914,0.04645468667149544,0.0016072760336101055
000041_jpg.rf.89c814e3db33e70112e3447d54bb42c6.jpg,0,0.9886241555213928,0.17012718319892883,0.02110019139945507,0.03976454213261604,0.0010719416895881295
00004_00002_00014_png.rf.66ae4730024327a8ff79210c980a4667.jpg,11,0.509304404258728,0.5146801471710205,0.7058818340301514,0.6930622458457947,0.96700119972229
00004_00003_00014_png.rf.fbd79a43c27ae3464c7be84d785ed5e2.jpg,11,0.5454645156860352,0.5095476508140564,0.6399643421173096,0.6078128814697266,0.9657952785491943
00004_00004_00006_png.rf.779cd44893dd231e6e05b680dc9bef9a.jpg,11,0.5006971955299377,0.504764199256897,0.6907716989517212,0.6962277293205261,0.9350554943084717
00004_00004_00009_png.rf.fc4e5787fbeb0511656710884dc88284.jpg,11,0.5374287366867065,0.5146936178207397,0.6874005794525146,0.6958357691764832,0.9508708119392395
00004_00004_00009_png.rf.fc4e5787fbeb0511656710884dc88284.jpg,12,0.22425633668899536,0.15691235661506653,0.40650177001953125,0.3008045554161072,0.0035520854871720076
00004_00004_00009_png.rf.fc4e5787fbeb0511656710884dc88284.jpg,12,0.9381574392318726,0.8930076956748962,0.12160037457942963,0.20560608804225922,0.0018681446090340614
00004_00004_00009_png.rf.fc4e5787fbeb0511656710884dc88284.jpg,12,0.9359368085861206,0.8379109501838684,0.12737274169921875,0.3126857578754425,0.0016974855680018663
00004_00004_00009_png.rf.fc4e5787fbeb0511656710884dc88284.jpg,12,0.27849671244621277,0.13399016857147217,0.48941391706466675,0.267241895198822,0.001280341763049364
00004_00004_00009_png.rf.fc4e5787fbeb0511656710884dc88284.jpg,12,0.07938949018716812,0.19645927846431732,0.15877898037433624,0.3825852572917938,0.0012475823750719428
00004_00006_00002_png.rf.e126eb56f28cf1c98809239babe89334.jpg,11,0.5239285230636597,0.5331822037696838,0.5703149437904358,0.5737550258636475,0.9556346535682678
00004_00006_00002_png.rf.e126eb56f28cf1c98809239babe89334.jpg,11,0.5206091403961182,0.9409204721450806,0.5306784510612488,0.11773645132780075,0.004502210300415754
00004_00006_00002_png.rf.e126eb56f28cf1c98809239babe89334.jpg,1,0.5298377871513367,0.11575648188591003,0.8214222192764282,0.23151296377182007,0.0033906337339431047
00004_00006_00002_png.rf.e126eb56f28cf1c98809239babe89334.jpg,9,0.5144089460372925,0.940915048122406,0.5524531602859497,0.11764299124479294,0.002644922584295273
00004_00009_00021_png.rf.0f8628e061118cfeaad9228b32489e7c.jpg,11,0.49741703271865845,0.5394555926322937,0.6743134260177612,0.66158127784729,0.953618586063385
00004_00009_00021_png.rf.0f8628e061118cfeaad9228b32489e7c.jpg,0,0.793109655380249,0.05162970349192619,0.077890545129776,0.03107236698269844,0.003392951563000679
00004_00010_00020_png.rf.8985cbdd62ef877bd3b91429c517b515.jpg,11,0.5313519835472107,0.5088868737220764,0.7143619060516357,0.6871124505996704,0.9584792852401733
00004_00022_00020_png.rf.56c34e7fb6ec15747810e3706fb11e4a.jpg,11,0.5249810814857483,0.5130712985992432,0.6036806106567383,0.6165205836296082,0.9626966118812561
00004_00030_00003_png.rf.31ed58359e92300b61de2440b5f38d1a.jpg,11,0.539828360080719,0.5378997325897217,0.5492128729820251,0.5392880439758301,0.9738894104957581
00004_00030_00010_png.rf.c35b9a70b784be1bcd6b28d9ac1e12f5.jpg,11,0.5384260416030884,0.49519413709640503,0.5808374881744385,0.5875498056411743,0.9708389639854431
00004_00030_00010_png.rf.c35b9a70b784be1bcd6b28d9ac1e12f5.jpg,1,0.057655218988657,0.7459573745727539,0.115310437977314,0.48501870036125183,0.0010425791842862964
00004_00032_00009_png.rf.ea892d563594cad9d6d9ae8e8c9e9780.jpg,11,0.520675003528595,0.4944206476211548,0.5986053943634033,0.5897395610809326,0.9651456475257874
00004_00035_00005_png.rf.b222e7d3ff032a58afdfb10ad73d6911.jpg,11,0.5249377489089966,0.5139920115470886,0.5417198538780212,0.5429192781448364,0.9701542854309082
00004_00035_00005_png.rf.b222e7d3ff032a58afdfb10ad73d6911.jpg,1,0.9123627543449402,0.014413248747587204,0.17527440190315247,0.028826497495174408,0.0063026887364685535
00004_00035_00005_png.rf.b222e7d3ff032a58afdfb10ad73d6911.jpg,0,0.9068487882614136,0.0182147566229105,0.1863025575876236,0.036429513245821,0.0023732834961265326
00004_00035_00005_png.rf.b222e7d3ff032a58afdfb10ad73d6911.jpg,1,0.8248875141143799,0.45011255145072937,0.34989312291145325,0.8852630257606506,0.0012353037018328905
00004_00036_00014_png.rf.de499ca97d9e6307ab9f8e859dd43336.jpg,11,0.5190431475639343,0.5154957175254822,0.6799606084823608,0.6846336722373962,0.9809545278549194
00004_00036_00029_png.rf.f55502d5bebf262101364b930e187143.jpg,11,0.5116460919380188,0.5009869337081909,0.8292933702468872,0.8274655938148499,0.9696332216262817
00004_00037_00007_png.rf.223e842f5027e61ac59e32979ca930d6.jpg,11,0.5315943956375122,0.5137868523597717,0.5717403888702393,0.5652352571487427,0.9691861867904663
00004_00038_00011_png.rf.e8a8cb47ee1d09d447e63dd630056862.jpg,11,0.5086091756820679,0.4913719594478607,0.5382207036018372,0.5560160279273987,0.9558521509170532
00004_00038_00016_png.rf.91ed21fee2978def3dd315ee735fc1c0.jpg,11,0.5233364701271057,0.48755133152008057,0.5954883098602295,0.6274509429931641,0.9556753039360046
00004_00038_00023_png.rf.d7f850098ec568f71506f85f920d6eb3.jpg,11,0.4954555630683899,0.5150498151779175,0.68708336353302,0.7030165195465088,0.9570541381835938
00004_00039_00028_png.rf.b088fe4f42e92367b13ca2fe401844ac.jpg,11,0.5195773839950562,0.4911046624183655,0.7916247844696045,0.7875529527664185,0.9720474481582642
00004_00044_00016_png.rf.21f8e05be871f651648f89b58c3f20c7.jpg,11,0.5329538583755493,0.5090605020523071,0.6887570023536682,0.6810187697410583,0.9711037874221802
00004_00046_00013_png.rf.6c04ac5c1dc478a3d929f9f1446d90b0.jpg,11,0.5161106586456299,0.5147363543510437,0.6594400405883789,0.638912558555603,0.9690178036689758
00004_00049_00008_png.rf.92e7b20cb3ae99c683fc6a1a09ce836b.jpg,11,0.5379005074501038,0.5121434330940247,0.5584973692893982,0.5463901162147522,0.9550366997718811
00004_00049_00008_png.rf.92e7b20cb3ae99c683fc6a1a09ce836b.jpg,1,0.718987226486206,0.01902647316455841,0.04391948878765106,0.03805294632911682,0.0019054890144616365
00004_00050_00020_png.rf.5b1bab0bf6b9284c2c1cffcbe35b12ed.jpg,11,0.5022963881492615,0.5278825759887695,0.6285685896873474,0.6272769570350647,0.9390504360198975
00004_00052_00006_png.rf.17e668414f18071d605e3327513528de.jpg,11,0.5503504872322083,0.5508849024772644,0.5521819591522217,0.5296868681907654,0.9359280467033386
00004_00052_00006_png.rf.17e668414f18071d605e3327513528de.jpg,14,0.04611503705382347,0.8607922792434692,0.09223007410764694,0.275647908449173,0.010789772495627403
00004_00052_00006_png.rf.17e668414f18071d605e3327513528de.jpg,14,0.0735861212015152,0.8616048097610474,0.1471722424030304,0.2738136053085327,0.0025422980543226004
00004_00052_00016_png.rf.bfe7cf72a069a7a4347a21a300041156.jpg,11,0.5383188128471375,0.5063298940658569,0.6181256771087646,0.6112677454948425,0.9781834483146667
00004_00059_00010_png.rf.501920c3ea0f3537120f7b2835fcdc82.jpg,11,0.5048338770866394,0.5086166262626648,0.619033694267273,0.6305614709854126,0.9679619669914246
00004_00060_00021_png.rf.eb99d667b724b14132452c88d3674738.jpg,11,0.5174898505210876,0.5246179103851318,0.6931570768356323,0.7016283273696899,0.9685342907905579
00005_00000_00019_png.rf.fb70e266857ce9ceea9b772edb452ab4.jpg,12,0.5319254994392395,0.5295879244804382,0.675949215888977,0.683475136756897,0.9859760999679565
00005_00001_00016_png.rf.da02434245fde3214475aa75e6d4e2b6.jpg,12,0.5184316039085388,0.550670325756073,0.5765091180801392,0.6247990131378174,0.971125602722168
00005_00003_00012_png.rf.77d9df57d17122641644da65c80d2f0e.jpg,12,0.5369008779525757,0.5425599813461304,0.6390138864517212,0.6660982370376587,0.9601888060569763
00005_00004_00005_png.rf.53f4cde1da9ac0094d8c0d9fd968beb1.jpg,12,0.556757926940918,0.5407962203025818,0.6415913105010986,0.6151635646820068,0.9737513661384583
00005_00012_00025_png.rf.f8b1c97fbb9d575b38ad20cb4fc6e3b3.jpg,12,0.5129847526550293,0.5082412362098694,0.7904992699623108,0.7861200571060181,0.9929681420326233
00005_00014_00005_png.rf.0e24dd3583d580dadb9d69e73a08e78c.jpg,12,0.48828360438346863,0.5027847290039062,0.5784794688224792,0.5977811217308044,0.9776931405067444
00005_00014_00005_png.rf.0e24dd3583d580dadb9d69e73a08e78c.jpg,11,0.4884893000125885,0.9337475299835205,0.5614855289459229,0.13221131265163422,0.09628899395465851
00005_00014_00017_png.rf.ed92831e745be7167ec08c3f6d416b7d.jpg,12,0.518791675567627,0.49205759167671204,0.6754903793334961,0.7016627788543701,0.9899203777313232
00005_00016_00001_png.rf.fabe47d765e1b050e861dbb93b32167e.jpg,12,0.5381506681442261,0.5420953035354614,0.5690723061561584,0.5732988119125366,0.9700778126716614
00005_00044_00001_png.rf.b18c5a51d57be6cfa719c741ecba5d63.jpg,12,0.5257555246353149,0.5224719643592834,0.585509181022644,0.6403557062149048,0.9758007526397705
00005_00056_00008_png.rf.ce009bd4c68dbecc1d8f76f80550034d.jpg,12,0.5263998508453369,0.5357199311256409,0.6277291774749756,0.6432660222053528,0.9843296408653259
00005_00056_00012_png.rf.1125a7436050023f0b75206acb088f2a.jpg,12,0.5018517374992371,0.5284504294395447,0.6263917684555054,0.6287890076637268,0.9410470128059387
000069_jpg.rf.24da8297fff40a7760a8751ac763b821.jpg,7,0.44050920009613037,0.45205116271972656,0.33735716342926025,0.5100376605987549,0.938896894454956
000069_jpg.rf.24da8297fff40a7760a8751ac763b821.jpg,8,0.7843248844146729,0.42183589935302734,0.42306944727897644,0.8378899097442627,0.0025694305077195168
000076_jpg.rf.0066537c077a3d460d354c5de1fef980.jpg,7,0.6031836867332458,0.4360579252243042,0.15754204988479614,0.20983314514160156,0.93412846326828
000079_jpg.rf.4f001472f7893131e04b4bc151a1bbe6.jpg,7,0.4812275171279907,0.4258250594139099,0.46301916241645813,0.6412941813468933,0.9439250230789185
00007_00002_00021_png.rf.3e8282102bcbc3465886670d060ce78f.jpg,3,0.5160884857177734,0.5228087306022644,0.792687177658081,0.7951890230178833,0.9731128215789795
00007_00016_00010_png.rf.06129e0dcd04b8601e57009dce36f893.jpg,3,0.5288528203964233,0.5102208852767944,0.6559339165687561,0.6602388620376587,0.979330837726593
00007_00024_00027_png.rf.566faa37c8dd33d7cd4145572d744276.jpg,3,0.5069674849510193,0.5183669924736023,0.7613710761070251,0.7458449602127075,0.9605036973953247
00007_00027_00020_png.rf.1c1be801a97cd5152cb9bcceaf08f5cd.jpg,3,0.5105782151222229,0.509242057800293,0.7296823263168335,0.7217357158660889,0.9702667593955994
00007_00028_00022_png.rf.6c2e0f03a47cf5fa2fabb3ecec47124a.jpg,3,0.5390514731407166,0.529940128326416,0.7131237387657166,0.7512420415878296,0.9651271104812622
00007_00029_00014_png.rf.cc543e257165aa17476435f594aa76d1.jpg,3,0.5305805802345276,0.5112545490264893,0.6689790487289429,0.6674139499664307,0.9623106122016907
00007_00033_00014_png.rf.73a43aaa12af693eff052e2fb710db31.jpg,3,0.5618547201156616,0.5195378661155701,0.6344337463378906,0.6645610332489014,0.969276487827301
00007_00040_00020_png.rf.845babcc2b4638d89980330cf6c5bcb2.jpg,3,0.5227798223495483,0.5044785141944885,0.6480297446250916,0.6549378633499146,0.9765644073486328
00007_00040_00020_png.rf.845babcc2b4638d89980330cf6c5bcb2.jpg,1,0.5452671051025391,0.06255573779344559,0.1938522458076477,0.12511147558689117,0.0010708551853895187
00007_00040_00027_png.rf.8479c71333ccd871fbed5311de8ceaf8.jpg,3,0.5313459038734436,0.5161501169204712,0.6846667528152466,0.6935352683067322,0.9595514535903931
00007_00041_00000_png.rf.45f1f53954863a0d12d1cd00c092939b.jpg,3,0.5539048910140991,0.539366602897644,0.5503391623497009,0.5749647617340088,0.47929391264915466
00007_00041_00000_png.rf.45f1f53954863a0d12d1cd00c092939b.jpg,12,0.5527952313423157,0.540593683719635,0.5478105545043945,0.578065037727356,0.32857567071914673
00007_00041_00002_png.rf.02df629489fd7c902fdbd6c1dd2f78ae.jpg,3,0.5447394251823425,0.523974597454071,0.5561412572860718,0.5697749853134155,0.9181714653968811
00007_00042_00000_png.rf.b6fa9ef6ce63f92b01992d4ea8d63f5a.jpg,3,0.5081347823143005,0.5240870118141174,0.5930138230323792,0.5639561414718628,0.8583023548126221
00007_00043_00010_png.rf.b292148f880510d6254fec1a3d3bed44.jpg,3,0.5123282670974731,0.5194685459136963,0.615611732006073,0.6169344782829285,0.9619471430778503
000080_jpg.rf.254656b428b79e343e536f6ee51a24fc.jpg,7,0.7382354736328125,0.3748127818107605,0.36532270908355713,0.5009551048278809,0.9356210231781006
000086_jpg.rf.b654137b1cae075367f483dd2b5bac85.jpg,7,0.3224508464336395,0.4885749816894531,0.45546168088912964,0.615289568901062,0.9453062415122986
000086_jpg.rf.b654137b1cae075367f483dd2b5bac85.jpg,12,0.6297343373298645,0.9652652740478516,0.19384190440177917,0.06761051714420319,0.0024515956174582243
000086_jpg.rf.b654137b1cae075367f483dd2b5bac85.jpg,12,0.6509525775909424,0.9344667196273804,0.2368941307067871,0.12488438189029694,0.002053533447906375
000086_jpg.rf.b654137b1cae075367f483dd2b5bac85.jpg,12,0.7743781208992004,0.9254417419433594,0.40740472078323364,0.14474524557590485,0.001839135424233973
000086_jpg.rf.b654137b1cae075367f483dd2b5bac85.jpg,12,0.7158713936805725,0.9640856981277466,0.2947504222393036,0.07008171081542969,0.001521301455795765
000086_jpg.rf.b654137b1cae075367f483dd2b5bac85.jpg,12,0.7524182796478271,0.8528540730476379,0.4772965610027313,0.29429179430007935,0.001213400042615831
00008_00003_00002_png.rf.70816dfa48b29ed84d1abcb9bb09bf70.jpg,5,0.5663394927978516,0.5367062091827393,0.538740873336792,0.5352767109870911,0.8357524871826172
00008_00003_00002_png.rf.70816dfa48b29ed84d1abcb9bb09bf70.jpg,10,0.570590615272522,0.9303624033927917,0.5746033787727356,0.13898585736751556,0.14997760951519012
00008_00003_00002_png.rf.70816dfa48b29ed84d1abcb9bb09bf70.jpg,10,0.57240229845047,0.7850289940834045,0.5829639434814453,0.42953744530677795,0.011928957886993885
00008_00003_00002_png.rf.70816dfa48b29ed84d1abcb9bb09bf70.jpg,11,0.5741462707519531,0.8233264684677124,0.5809160470962524,0.35287797451019287,0.0021264399401843548
00008_00003_00002_png.rf.70816dfa48b29ed84d1abcb9bb09bf70.jpg,5,0.5410894155502319,0.9323856830596924,0.4878966212272644,0.13522866368293762,0.0018252418376505375
00008_00003_00002_png.rf.70816dfa48b29ed84d1abcb9bb09bf70.jpg,11,0.5782357454299927,0.9301420450210571,0.573249101638794,0.13931061327457428,0.0017713018460199237
00008_00004_00016_png.rf.3ba26e964ab9827715594ec40609937e.jpg,5,0.5183548927307129,0.5181531310081482,0.6593695878982544,0.7123028039932251,0.9775811433792114
00008_00005_00014_png.rf.31eccab502c0a10e9e32f0718618105e.jpg,5,0.5167170166969299,0.5030726194381714,0.6723041534423828,0.6871824860572815,0.9878882765769958
00008_00006_00026_png.rf.cb433297defc6e2a91fd89685c39f39f.jpg,5,0.515430212020874,0.5421873927116394,0.6809037923812866,0.7222234010696411,0.9973751306533813
00008_00007_00009_png.rf.8289199643586993b107ff888e950eab.jpg,5,0.5903778076171875,0.5193324685096741,0.5926940441131592,0.5882481336593628,0.9956750273704529
00008_00007_00009_png.rf.8289199643586993b107ff888e950eab.jpg,10,0.6115049123764038,0.9342742562294006,0.5888258218765259,0.13145145773887634,0.16035017371177673
00008_00007_00009_png.rf.8289199643586993b107ff888e950eab.jpg,11,0.606323778629303,0.9344438314437866,0.5972582101821899,0.13022378087043762,0.03961855173110962
00008_00007_00009_png.rf.8289199643586993b107ff888e950eab.jpg,5,0.6240362524986267,0.9367053508758545,0.5461199879646301,0.12619934976100922,0.0011752946302294731
00008_00007_00010_png.rf.d2dc382f864442f6d8551cc9f41e0bc7.jpg,5,0.5648828148841858,0.5184285044670105,0.584957480430603,0.5980530977249146,0.9966777563095093
00008_00007_00010_png.rf.d2dc382f864442f6d8551cc9f41e0bc7.jpg,11,0.5644433498382568,0.9410956501960754,0.5867888927459717,0.11705875396728516,0.18462121486663818
00008_00007_00010_png.rf.d2dc382f864442f6d8551cc9f41e0bc7.jpg,10,0.561212420463562,0.9409309029579163,0.5965826511383057,0.11813816428184509,0.062187109142541885
00008_00009_00012_png.rf.fa47f1ade7b6ffafc8c23e106e4ec0a9.jpg,5,0.5215250253677368,0.5174366235733032,0.5798009634017944,0.5986639857292175,0.9965445399284363
00008_00009_00012_png.rf.fa47f1ade7b6ffafc8c23e106e4ec0a9.jpg,11,0.5264284610748291,0.9331248998641968,0.5929805040359497,0.13336989283561707,0.19327934086322784
00008_00009_00012_png.rf.fa47f1ade7b6ffafc8c23e106e4ec0a9.jpg,10,0.5185627937316895,0.9317373037338257,0.5974818468093872,0.13652537763118744,0.10026343911886215
00008_00009_00012_png.rf.fa47f1ade7b6ffafc8c23e106e4ec0a9.jpg,5,0.5155114531517029,0.9344574809074402,0.5823501944541931,0.13108502328395844,0.0035932594910264015
00008_00009_00012_png.rf.fa47f1ade7b6ffafc8c23e106e4ec0a9.jpg,11,0.5193430781364441,0.767876386642456,0.6063932180404663,0.46387454867362976,0.0030767852440476418
00008_00011_00006_png.rf.416887ff8fd6e24fc585ce1838c632a4.jpg,5,0.5031779408454895,0.5371550917625427,0.5567798614501953,0.5727146863937378,0.9917899370193481
00008_00011_00006_png.rf.416887ff8fd6e24fc585ce1838c632a4.jpg,11,0.5023251175880432,0.9359309077262878,0.5692279934883118,0.12751197814941406,0.12624439597129822
00008_00011_00006_png.rf.416887ff8fd6e24fc585ce1838c632a4.jpg,10,0.5158072113990784,0.9435104131698608,0.5574990510940552,0.11293426156044006,0.034793514758348465
00008_00012_00022_png.rf.a76810c64a1c1a3def5cc808bb562890.jpg,5,0.5185266733169556,0.5109290480613708,0.741912841796875,0.7376416325569153,0.9959665536880493
00008_00014_00012_png.rf.a62ba5f792b061df92e0177a04931c7b.jpg,5,0.514642596244812,0.5289648771286011,0.664737343788147,0.6372253894805908,0.9685265421867371
00008_00019_00004_png.rf.b716b893116e783e1bd33e79d972b5ae.jpg,5,0.5361473560333252,0.5404640436172485,0.5861948728561401,0.5998014807701111,0.9841393232345581
00008_00020_00007_png.rf.956ee64b06ed8ea4354a07ebb0c979a1.jpg,5,0.5357697010040283,0.5292736887931824,0.5715895891189575,0.5813635587692261,0.9977036118507385
00008_00020_00015_png.rf.1815b3c75c86dd9d26141470c0c8542b.jpg,5,0.5188792943954468,0.5186314582824707,0.5421485304832458,0.5542563796043396,0.9908199906349182
00008_00034_00008_png.rf.811d6bdaab24c4e03281dd023835def5.jpg,5,0.5353667140007019,0.5004177093505859,0.5929577350616455,0.5872822999954224,0.983513593673706
00008_00034_00008_png.rf.811d6bdaab24c4e03281dd023835def5.jpg,10,0.5349085927009583,0.9172037839889526,0.6157649159431458,0.1655924916267395,0.2826079726219177
00008_00043_00018_png.rf.cb403d912587a88325e095df6ab3f1df.jpg,5,0.5284952521324158,0.5535632371902466,0.6508604288101196,0.7030174732208252,0.9912647604942322
00008_00045_00006_png.rf.04585cc625839dc38c94a4357ec9d19c.jpg,5,0.5269936323165894,0.5161339640617371,0.6191264390945435,0.6484087705612183,0.9907463788986206
00008_00045_00006_png.rf.04585cc625839dc38c94a4357ec9d19c.jpg,10,0.49177294969558716,0.9530079364776611,0.6637479066848755,0.09396663308143616,0.00279470207169652
00008_00046_00015_png.rf.fca28beca2d7c7a733ca865755be6dbc.jpg,5,0.5325523018836975,0.5114827752113342,0.6587148904800415,0.6748050451278687,0.9732564091682434
000091_jpg.rf.9762d3529d876b77e9d99aa8027e449c.jpg,7,0.4741034507751465,0.49415647983551025,0.5705375075340271,0.8063691854476929,0.9531360864639282
000099_jpg.rf.cc64c31e94947e188ec07796f1f590a2.jpg,7,0.6542037129402161,0.4026573896408081,0.4626113474369049,0.7987199425697327,0.9384918212890625
000100_jpg.rf.8948ed8c132dae637b8dde18d0c5be7b.jpg,9,0.7236248850822449,0.22454306483268738,0.16846531629562378,0.2153211534023285,0.9518482089042664
000100_jpg.rf.8948ed8c132dae637b8dde18d0c5be7b.jpg,1,0.5413029789924622,0.6526206135749817,0.04248619079589844,0.02020740509033203,0.002194060478359461
000100_jpg.rf.8948ed8c132dae637b8dde18d0c5be7b.jpg,1,0.14414550364017487,0.31313976645469666,0.11900555342435837,0.0720856711268425,0.0011475736973807216
000117_jpg.rf.c63f6b715b912a6e219500db2c4dd6fc.jpg,9,0.3924390375614166,0.45059484243392944,0.2974497377872467,0.2048841267824173,0.9350062012672424
000121_jpg.rf.c26ea4c0be18ece889414f12976c49f2.jpg,9,0.501845121383667,0.25165677070617676,0.2474282681941986,0.3542170524597168,0.9494935274124146
000129_jpg.rf.549b104a7fd5f8171f046d77ca7ddae7.jpg,9,0.6494112610816956,0.5320960879325867,0.5549761652946472,0.5736697912216187,0.983134388923645
000130_jpg.rf.21da097324e3450bb8ab634399961e84.jpg,9,0.49389272928237915,0.36924222111701965,0.2517622113227844,0.16683967411518097,0.9372258186340332
000130_jpg.rf.21da097324e3450bb8ab634399961e84.jpg,1,0.5822595357894897,0.020456401631236076,0.026330765336751938,0.03043864108622074,0.0013329210923984647
000130_jpg.rf.21da097324e3450bb8ab634399961e84.jpg,1,0.38917842507362366,0.007566509302705526,0.024881472811102867,0.01112417969852686,0.0013163884868845344
000132_jpg.rf.6da2ad3a8754fb97cfa5a54b1fa794dd.jpg,9,0.3583377003669739,0.30049461126327515,0.22601011395454407,0.20028799772262573,0.928554117679596
000145_jpg.rf.e37be0ff8c6d10e897956e8599346f71.jpg,9,0.49858328700065613,0.38305047154426575,0.8014793395996094,0.5333713889122009,0.9633642435073853
000147_jpg.rf.bca55a14814a6d3a2554145932eb5490.jpg,9,0.5159546136856079,0.1556052416563034,0.38420164585113525,0.16342958807945251,0.9399216175079346
00014_00001_00006_png.rf.98b02c00237d76518ece14a1bdc194e9.jpg,14,0.5167609453201294,0.5201581120491028,0.6464929580688477,0.6593758463859558,0.9391463994979858
00014_00001_00009_png.rf.e13fd9f6dce4c523d54929047f528a21.jpg,14,0.5231524705886841,0.51936274766922,0.6927452087402344,0.7006960511207581,0.932072639465332
00014_00001_00009_png.rf.e13fd9f6dce4c523d54929047f528a21.jpg,1,0.10125060379505157,0.02774393931031227,0.20024865865707397,0.05546395480632782,0.003724896116182208
00014_00001_00009_png.rf.e13fd9f6dce4c523d54929047f528a21.jpg,1,0.5498446226119995,0.056846991181373596,0.02977980114519596,0.11243367940187454,0.001492199837230146
00014_00001_00011_png.rf.3484d601f5012f5329eece492b0e69fa.jpg,14,0.5305476784706116,0.526441216468811,0.7099816203117371,0.744841992855072,0.9315661787986755
00014_00001_00019_png.rf.b23da2fc3bd75fcd44441c5f1e724952.jpg,14,0.5155500173568726,0.5106384754180908,0.8135548830032349,0.828632116317749,0.9249394536018372
00014_00002_00029_png.rf.39fe8d27d845bd7b01172c8fe6e4f766.jpg,14,0.5139374732971191,0.5100237727165222,0.7982339859008789,0.8086861968040466,0.9281409978866577
00014_00003_00001_png.rf.54c82cd619fe6dfe68ff0e9d0de201bd.jpg,14,0.530328631401062,0.5163920521736145,0.6965959072113037,0.7144847512245178,0.9342323541641235
00014_00003_00007_png.rf.4a4b5bfabfe079ec34b2bf1142a0461b.jpg,14,0.5167236924171448,0.48829513788223267,0.7553603649139404,0.778116762638092,0.9366194009780884
00014_00003_00009_png.rf.1e49e9f368c48bc8051b5d9f131171c3.jpg,14,0.5282095074653625,0.510213315486908,0.7525123357772827,0.7939203977584839,0.9385430812835693
00014_00004_00010_png.rf.d35020e5fb797eed8b025b0dca4fe434.jpg,14,0.5192356705665588,0.5410197973251343,0.7541746497154236,0.7287101745605469,0.9277735352516174
00014_00004_00020_png.rf.e3b35f3ca153fde99af4db4a67d2a564.jpg,14,0.5084484815597534,0.5195168852806091,0.8080163598060608,0.8105243444442749,0.9341801404953003
00014_00004_00020_png.rf.e3b35f3ca153fde99af4db4a67d2a564.jpg,3,0.03971084579825401,0.6982529163360596,0.07942169159650803,0.2018841654062271,0.001451627118512988
00014_00005_00004_png.rf.a5fc79eb6e949f3b096df8ccc70d188f.jpg,14,0.5200976133346558,0.5243507623672485,0.766182541847229,0.7874472737312317,0.9433826208114624
00014_00005_00025_png.rf.297d8a9543fcea575965086bb06f4890.jpg,14,0.5057666301727295,0.5141397714614868,0.8093178868293762,0.8286171555519104,0.9365474581718445
00014_00005_00025_png.rf.297d8a9543fcea575965086bb06f4890.jpg,0,0.3507450520992279,0.03150187060236931,0.49274832010269165,0.06274949759244919,0.03845232352614403
00014_00005_00025_png.rf.297d8a9543fcea575965086bb06f4890.jpg,0,0.44391030073165894,0.03311048820614815,0.2686616778373718,0.0662209764122963,0.013455115258693695
00014_00005_00025_png.rf.297d8a9543fcea575965086bb06f4890.jpg,1,0.44304853677749634,0.024407608434557915,0.2552105188369751,0.04881521686911583,0.0018867331091314554
00014_00005_00025_png.rf.297d8a9543fcea575965086bb06f4890.jpg,1,0.4482043385505676,0.03657380864024162,0.27482491731643677,0.07314761728048325,0.0011646891944110394
00014_00006_00015_png.rf.5cb649de18ff690e33a86445aca080dd.jpg,14,0.5282067060470581,0.5310485363006592,0.7265775203704834,0.7441645264625549,0.9240521192550659
00014_00007_00002_png.rf.280a89db2cae24714734ae7f443731ba.jpg,14,0.5135085582733154,0.5136942267417908,0.6248295307159424,0.6246713995933533,0.9455468654632568
00014_00007_00006_png.rf.d3261be1ac6d7605e46470fb8e4940f4.jpg,14,0.5171399712562561,0.5181222558021545,0.6482678651809692,0.6689050197601318,0.9342511892318726
00014_00007_00013_png.rf.bd8b36832e03b17e904c7a1a33f8937e.jpg,14,0.5243715643882751,0.528394341468811,0.744978666305542,0.7667713165283203,0.9431135058403015
00014_00008_00004_png.rf.ce893afcdfcca67343de52c60d510a98.jpg,14,0.541979193687439,0.5434494614601135,0.6129971742630005,0.6681501865386963,0.9342878460884094
00014_00008_00013_png.rf.a9f7b30283b689f1a5808560a69c0f7c.jpg,14,0.5016631484031677,0.5274854302406311,0.6845837235450745,0.7191087007522583,0.9403913617134094
00014_00008_00028_png.rf.41dc94b1892472b66d391791d753bb84.jpg,14,0.5096179842948914,0.5068647265434265,0.8257194757461548,0.8042531609535217,0.9194099307060242
00014_00009_00009_png.rf.b4d1b6a8d582e147ba85747dd85cc451.jpg,14,0.533698320388794,0.5256696343421936,0.6393035054206848,0.6496241688728333,0.9387586116790771
00014_00009_00009_png.rf.b4d1b6a8d582e147ba85747dd85cc451.jpg,1,0.3262271285057068,0.007161617279052734,0.21955060958862305,0.014323234558105469,0.002742742421105504
00014_00009_00014_png.rf.5998ff1f31bd52e787eaa23bb04f06d2.jpg,14,0.5187143683433533,0.5165985226631165,0.7537244558334351,0.7466484308242798,0.9359986186027527
00014_00009_00022_png.rf.c59286af8197704e8e88c3efdbf7b9d5.jpg,14,0.5191200971603394,0.5088979005813599,0.8294839859008789,0.8356375098228455,0.929570734500885
00014_00010_00014_png.rf.3f9712dbd32c574c45bf9dbb8517dd9f.jpg,14,0.5124586820602417,0.531324565410614,0.8084855675697327,0.7963546514511108,0.9266335964202881
00014_00010_00014_png.rf.3f9712dbd32c574c45bf9dbb8517dd9f.jpg,3,0.5722993016242981,0.05834478884935379,0.420183926820755,0.11668957769870758,0.0013192376354709268
00014_00010_00017_png.rf.10f5ad5e297030721e4521481f8ca702.jpg,14,0.5017544627189636,0.5092349648475647,0.797085702419281,0.7878243327140808,0.925631046295166
00014_00011_00027_png.rf.c81a4600612fc1eb5cc21661de7ef62b.jpg,14,0.5082446932792664,0.4993308484554291,0.8329617977142334,0.8118775486946106,0.9028435945510864
00014_00012_00028_png.rf.7e4a7979b1766d76ca5628991607b48c.jpg,14,0.5196910500526428,0.5218685865402222,0.7958085536956787,0.8052850365638733,0.9383761286735535
00014_00012_00028_png.rf.7e4a7979b1766d76ca5628991607b48c.jpg,1,0.9196517467498779,0.02483225055038929,0.03788148611783981,0.049512721598148346,0.007988822646439075
00014_00012_00028_png.rf.7e4a7979b1766d76ca5628991607b48c.jpg,1,0.915716290473938,0.021208329126238823,0.031582243740558624,0.04238879308104515,0.0039403242990374565
00014_00013_00000_png.rf.230606f2f715a2bde5a237acafa3604b.jpg,1,0.4962553381919861,0.5823367238044739,0.688727080821991,0.5108833909034729,0.032811205834150314
00014_00013_00000_png.rf.230606f2f715a2bde5a237acafa3604b.jpg,9,0.5015436410903931,0.5797836184501648,0.6815188527107239,0.5049169063568115,0.032606083899736404
00014_00013_00001_png.rf.e01f34bee93788d71a9ca127de49b201.jpg,14,0.49579471349716187,0.518240213394165,0.6036481857299805,0.5533556342124939,0.9421180486679077
00014_00013_00001_png.rf.e01f34bee93788d71a9ca127de49b201.jpg,1,0.43973350524902344,0.01023189164698124,0.16062718629837036,0.02046378329396248,0.0024657887406647205
00014_00013_00001_png.rf.e01f34bee93788d71a9ca127de49b201.jpg,1,0.4406718611717224,0.0071537792682647705,0.17212313413619995,0.014307558536529541,0.0024082851596176624
00014_00013_00003_png.rf.774d46f2b5700aec9e78f1959fd3030f.jpg,14,0.5112101435661316,0.5365888476371765,0.6235021352767944,0.6201139092445374,0.9377014636993408
00014_00022_00002_png.rf.067f3be88afec79842f718b26732c307.jpg,14,0.5305421352386475,0.5081673264503479,0.6447805166244507,0.6866340041160583,0.9463164806365967
00014_00023_00018_png.rf.7f4df748842e9a2b90d343c5612ff812.jpg,14,0.5232171416282654,0.5162761211395264,0.7900940775871277,0.7555874586105347,0.9375557899475098
00014_00023_00018_png.rf.7f4df748842e9a2b90d343c5612ff812.jpg,14,0.49243229627609253,0.061001285910606384,0.8235705494880676,0.1217322051525116,0.02104654721915722
00014_00023_00018_png.rf.7f4df748842e9a2b90d343c5612ff812.jpg,1,0.48462751507759094,0.06600050628185272,0.8585567474365234,0.1318071186542511,0.005653648171573877
00014_00024_00018_png.rf.1b7a484113cbc1f29d56a8f50156948a.jpg,14,0.5217260718345642,0.5278631448745728,0.7710546255111694,0.7351474165916443,0.9346781373023987
000163_jpg.rf.55c9537881a01c071eb6c3b46008b884.jpg,9,0.1892309933900833,0.14491793513298035,0.34386494755744934,0.28907883167266846,0.978812038898468
000163_jpg.rf.55c9537881a01c071eb6c3b46008b884.jpg,0,0.6015257239341736,0.006817552726715803,0.07206150144338608,0.01327770296484232,0.001181890838779509
000163_jpg.rf.55c9537881a01c071eb6c3b46008b884.jpg,0,0.6241732835769653,0.01155014242976904,0.37042397260665894,0.02310028485953808,0.001115069491788745
000166_jpg.rf.f37d1c743a28243f0e0f2482f2a67290.jpg,9,0.5009864568710327,0.4732694923877716,0.3841678500175476,0.6463429927825928,0.9721934199333191
000166_jpg.rf.f37d1c743a28243f0e0f2482f2a67290.jpg,9,0.22833745181560516,0.16582362353801727,0.0811188742518425,0.19041608273983002,0.0018286077538505197
000166_jpg.rf.f37d1c743a28243f0e0f2482f2a67290.jpg,9,0.23514464497566223,0.1825995147228241,0.06984886527061462,0.23790954053401947,0.0010311749065294862
000174_jpg.rf.4f68fb9dc24d6b51af78e847b1e30c10.jpg,9,0.6032723784446716,0.3946029543876648,0.294040709733963,0.425733357667923,0.974088191986084
000175_jpg.rf.3690880bd7e62c2260306322a3762cc7.jpg,9,0.603885293006897,0.40057235956192017,0.29323524236679077,0.4312455952167511,0.9801362752914429
000178_jpg.rf.0b4d8766b1bfcd897098e2f8b9bbe5d1.jpg,9,0.48328447341918945,0.5075050592422485,0.8016519546508789,0.5775133967399597,0.9560282826423645
000191_jpg.rf.055356915ad47ae7e1c0ded839d6c748.jpg,9,0.6853426694869995,0.4162199795246124,0.37320101261138916,0.5207570195198059,0.9581795334815979
000191_jpg.rf.055356915ad47ae7e1c0ded839d6c748.jpg,12,0.6059485077857971,0.9637433290481567,0.22431153059005737,0.07039150595664978,0.002324647270143032
000191_jpg.rf.055356915ad47ae7e1c0ded839d6c748.jpg,12,0.666081964969635,0.9632412195205688,0.3270246684551239,0.07176589965820312,0.0017754212021827698
000191_jpg.rf.055356915ad47ae7e1c0ded839d6c748.jpg,0,0.6390446424484253,0.31730154156684875,0.07199878245592117,0.039736345410346985,0.0012903405586257577
000193_jpg.rf.334b364417849eb38db4d2275dc85838.jpg,9,0.5002313852310181,0.3454861342906952,0.687383770942688,0.4684271812438965,0.9610405564308167
000198_jpg.rf.9f156753fda46dd6fe9848a1440afd1b.jpg,9,0.40843766927719116,0.45841163396835327,0.2599982023239136,0.38758373260498047,0.9602557420730591
000202_jpg.rf.7b9c03e897bab9b7a170deae87d31266.jpg,8,0.4558001160621643,0.23619666695594788,0.33911994099617004,0.21211491525173187,0.9788423180580139
000204_jpg.rf.0ea9da72e384254681f268a305a35eb6.jpg,8,0.4500674903392792,0.4955074191093445,0.47242552042007446,0.5733360052108765,0.9621499180793762
000216_jpg.rf.ba4ecb747ec69d54c3a1690dcf5f5b3a.jpg,8,0.4731537699699402,0.27623409032821655,0.38962215185165405,0.24193455278873444,0.9887725710868835
000220_jpg.rf.07bc310baa1bbe3fe3ba7117b874ff64.jpg,8,0.5273642539978027,0.36572015285491943,0.37092816829681396,0.26803380250930786,0.9892827272415161
000220_jpg.rf.07bc310baa1bbe3fe3ba7117b874ff64.jpg,0,0.26874127984046936,0.2964375913143158,0.5347290635108948,0.5928751826286316,0.0168563611805439
000220_jpg.rf.07bc310baa1bbe3fe3ba7117b874ff64.jpg,0,0.33017295598983765,0.22921165823936462,0.6566488742828369,0.45831114053726196,0.007267496548593044
000220_jpg.rf.07bc310baa1bbe3fe3ba7117b874ff64.jpg,0,0.8171924948692322,0.38907796144485474,0.21956421434879303,0.42746198177337646,0.0024818729143589735
000220_jpg.rf.07bc310baa1bbe3fe3ba7117b874ff64.jpg,0,0.218735933303833,0.36904245615005493,0.437471866607666,0.7322450876235962,0.0016653554048389196
000220_jpg.rf.07bc310baa1bbe3fe3ba7117b874ff64.jpg,0,0.8216949105262756,0.3436654210090637,0.27552393078804016,0.5025922060012817,0.0014002642128616571
000220_jpg.rf.07bc310baa1bbe3fe3ba7117b874ff64.jpg,0,0.6719443798065186,0.2784731686115265,0.6561111807823181,0.556946337223053,0.0011296538868919015
000223_jpg.rf.dbc866e5b7c69cf418e6bcca0e66e50b.jpg,8,0.6626402735710144,0.44196879863739014,0.5764566659927368,0.774179220199585,0.9930885434150696
000231_jpg.rf.71b28020e16b2c6b5aa86d24726609c8.jpg,8,0.5032414793968201,0.7815511226654053,0.21621905267238617,0.14417149126529694,0.9415957927703857
000238_jpg.rf.dd14162743767963400cffffaea73ac9.jpg,8,0.6512845158576965,0.5000298023223877,0.6048284769058228,0.9775763154029846,0.9968193769454956
000239_jpg.rf.9c2470be6d2e5443f4db1ababb992587.jpg,8,0.5185807943344116,0.34886375069618225,0.5766944289207458,0.4381898045539856,0.9847768545150757
000239_jpg.rf.9c2470be6d2e5443f4db1ababb992587.jpg,1,0.4086264371871948,0.00528985308483243,0.03403759002685547,0.010378820821642876,0.0019413076806813478
000257_jpg.rf.6f63b8fd63b0d875247ba0e3d776bd4f.jpg,8,0.2661231458187103,0.21650052070617676,0.4330520033836365,0.2872719168663025,0.984583854675293
000261_jpg.rf.7c97ab6d968e742c9cc124edd2630e3c.jpg,8,0.5155454277992249,0.2580515742301941,0.4230749011039734,0.30854928493499756,0.9668957591056824
000267_jpg.rf.45d318ba9ef48ae9327bb408eb24438e.jpg,8,0.6664600968360901,0.5008167028427124,0.29648953676223755,0.18757857382297516,0.9834454655647278
000267_jpg.rf.45d318ba9ef48ae9327bb408eb24438e.jpg,0,0.4354139566421509,0.1698264181613922,0.027462776750326157,0.025963710620999336,0.001154594006948173
000282_jpg.rf.26ad0708d13674c6d8cfce6f6bd40cdb.jpg,8,0.4960123896598816,0.47765401005744934,0.892220139503479,0.5774856209754944,0.9968807697296143
000282_jpg.rf.26ad0708d13674c6d8cfce6f6bd40cdb.jpg,8,0.32630717754364014,0.48492592573165894,0.548010528087616,0.5722280740737915,0.0010178694501519203
000286_jpg.rf.48a1be45c5db5656f2bacf687164c529.jpg,11,0.382670521736145,0.48327457904815674,0.4895729422569275,0.8857425451278687,0.7848619222640991
000286_jpg.rf.48a1be45c5db5656f2bacf687164c529.jpg,9,0.380538672208786,0.4760779142379761,0.4900082051753998,0.885071337223053,0.2746744453907013
000286_jpg.rf.48a1be45c5db5656f2bacf687164c529.jpg,8,0.7972557544708252,0.4675813317298889,0.40155813097953796,0.9351626634597778,0.01689707301557064
000287_jpg.rf.a4143ed52df9779f0f27104daf6a8762.jpg,8,0.756687581539154,0.352694571018219,0.26556718349456787,0.3493472933769226,0.9793403148651123
000287_jpg.rf.a4143ed52df9779f0f27104daf6a8762.jpg,14,0.3351820409297943,0.47341388463974,0.43870866298675537,0.5413879156112671,0.9344655275344849
000287_jpg.rf.a4143ed52df9779f0f27104daf6a8762.jpg,0,0.07040292024612427,0.5589098334312439,0.1407238245010376,0.8534855246543884,0.001198712270706892
000288_jpg.rf.2764018cfc726e02916e1739c8f35b5e.jpg,8,0.4824472665786743,0.6594583988189697,0.460929274559021,0.2922520339488983,0.9869365096092224
000289_jpg.rf.5bcff3507297a43a567fd64d593fd533.jpg,8,0.5037746429443359,0.2754323482513428,0.471670001745224,0.3187270164489746,0.9788627624511719
000295_jpg.rf.3940d624bf6e15926480dad000dd8fa4.jpg,8,0.5318491458892822,0.7152646780014038,0.5173038244247437,0.35919812321662903,0.9810149669647217
000300_jpg.rf.5013849426466f43fb71333c9d7e208b.jpg,10,0.29296454787254333,0.6740699410438538,0.25521165132522583,0.3938264846801758,0.9221592545509338
000300_jpg.rf.5013849426466f43fb71333c9d7e208b.jpg,13,0.5605462789535522,0.42486685514450073,0.022421469911932945,0.03742144629359245,0.07956885546445847
000300_jpg.rf.5013849426466f43fb71333c9d7e208b.jpg,10,0.560145914554596,0.4238584339618683,0.021821681410074234,0.03643875941634178,0.01331538986414671
000300_jpg.rf.5013849426466f43fb71333c9d7e208b.jpg,1,0.9136497974395752,0.3374052047729492,0.007200608029961586,0.009620923548936844,0.012488681823015213
000300_jpg.rf.5013849426466f43fb71333c9d7e208b.jpg,3,0.9946537017822266,0.8059213161468506,0.010455351322889328,0.04235150292515755,0.007466316223144531
000300_jpg.rf.5013849426466f43fb71333c9d7e208b.jpg,14,0.9944050312042236,0.8068077564239502,0.010918030515313148,0.03809430077672005,0.004576363600790501
000300_jpg.rf.5013849426466f43fb71333c9d7e208b.jpg,0,0.44875022768974304,0.4132719039916992,0.011691093444824219,0.01994210109114647,0.0016464979853481054
000300_jpg.rf.5013849426466f43fb71333c9d7e208b.jpg,14,0.9940401911735535,0.8051377534866333,0.01191960833966732,0.05589580535888672,0.0014011419843882322
000300_jpg.rf.5013849426466f43fb71333c9d7e208b.jpg,5,0.991637647151947,0.8201461434364319,0.016722312197089195,0.08398488909006119,0.0011133892694488168
000336_jpg.rf.be0bfe39579236b8f1710a54065f106c.jpg,5,0.8467247486114502,0.27348223328590393,0.19960689544677734,0.2827805280685425,0.2516576647758484
000336_jpg.rf.be0bfe39579236b8f1710a54065f106c.jpg,7,0.84798663854599,0.27476170659065247,0.20421241223812103,0.28764376044273376,0.08684943616390228
000338_jpg.rf.69f491edc3091d390af673d2da54e080.jpg,10,0.23724959790706635,0.15820258855819702,0.07628145813941956,0.13482855260372162,0.9525401592254639
000338_jpg.rf.69f491edc3091d390af673d2da54e080.jpg,8,0.2369907945394516,0.15884588658809662,0.07668337225914001,0.13280315697193146,0.0028040839824825525
000344_jpg.rf.86a946abb84be97bc833636b8b47b779.jpg,10,0.22099162638187408,0.44210243225097656,0.2510121762752533,0.36539772152900696,0.9707499742507935
000359_jpg.rf.767bed64e2ff0d34ec7b1db1d0e6c398.jpg,10,0.6609964966773987,0.41774851083755493,0.33885806798934937,0.5002453327178955,0.9251405000686646
000361_jpg.rf.373518288e417cc551b309d3533c6d0f.jpg,10,0.6667942404747009,0.4429437816143036,0.3667623698711395,0.5126003623008728,0.9410815238952637
000380_jpg.rf.7216ac7b95b9137ab398250ae08e026c.jpg,10,0.5521664023399353,0.4439776539802551,0.1745280921459198,0.27728599309921265,0.9424526691436768
000383_jpg.rf.070efbd57b6f1e61ece84acca33ec797.jpg,9,0.5976470708847046,0.43314045667648315,0.16642819344997406,0.23241670429706573,0.4045087695121765
000383_jpg.rf.070efbd57b6f1e61ece84acca33ec797.jpg,10,0.5987035036087036,0.4322201609611511,0.1662222445011139,0.23469771444797516,0.37066271901130676
000384_jpg.rf.0bd20cbc913cf806be9769b408f6e5d6.jpg,10,0.37586286664009094,0.3476516902446747,0.10036930441856384,0.12939444184303284,0.953399121761322
000384_jpg.rf.0bd20cbc913cf806be9769b408f6e5d6.jpg,1,0.6299765706062317,0.006016237195581198,0.04535902291536331,0.012032474391162395,0.0016999696381390095
000412_jpg.rf.4201db338b39b5c120994db37fbf058f.jpg,7,0.641575276851654,0.4242156147956848,0.5254176259040833,0.6679967641830444,0.9469106793403625
000443_jpg.rf.a212d740b71445278e52aec90cdd3e47.jpg,7,0.6128677725791931,0.31120818853378296,0.2701568305492401,0.39505842328071594,0.9244094491004944
000446_jpg.rf.6c9f95ad6ab51802829691fd907953e2.jpg,7,0.6436516046524048,0.48795002698898315,0.4631313979625702,0.6529890298843384,0.9494017362594604
000464_jpg.rf.e5b8f6d9c318c1ad7e34ee049bd64988.jpg,11,0.3205280900001526,0.2844170331954956,0.30155861377716064,0.5437939763069153,0.9309006333351135
000466_jpg.rf.f609fd155d77826a456bb83ec2fba973.jpg,11,0.5019787549972534,0.4420877695083618,0.35024696588516235,0.21496343612670898,0.9513133764266968
000466_jpg.rf.f609fd155d77826a456bb83ec2fba973.jpg,0,0.9838167428970337,0.15041083097457886,0.030875205993652344,0.028982015326619148,0.02259138599038124
000475_jpg.rf.b44fe1a1d53315f7ff81d3bea0277189.jpg,11,0.586062490940094,0.21068185567855835,0.3031081557273865,0.360845148563385,0.9272405505180359
000478_jpg.rf.ea1348c002d93944315cd4db7cccc0ed.jpg,11,0.6778048276901245,0.35096344351768494,0.20322558283805847,0.30655184388160706,0.9421949982643127
000478_jpg.rf.ea1348c002d93944315cd4db7cccc0ed.jpg,0,0.23278173804283142,0.41077345609664917,0.029363926500082016,0.018438633531332016,0.0027753328904509544
000478_jpg.rf.ea1348c002d93944315cd4db7cccc0ed.jpg,0,0.5246480703353882,0.7332043051719666,0.020837601274251938,0.013893640600144863,0.002361679682508111
000485_jpg.rf.af7e94cba40a41c54db6ce2495de5789.jpg,11,0.5209062099456787,0.6425403356552124,0.16743069887161255,0.2247709184885025,0.9265931248664856
000485_jpg.rf.af7e94cba40a41c54db6ce2495de5789.jpg,5,0.5163544416427612,0.39073461294174194,0.22521275281906128,0.2669060230255127,0.0022377849090844393
000488_jpg.rf.39fb3e780926eca95137e27b755f19af.jpg,11,0.683601975440979,0.6433117985725403,0.3709142506122589,0.24224607646465302,0.9603573083877563
000495_jpg.rf.62cc333852734fdf12c38fb00d5a8273.jpg,11,0.22729046642780304,0.5117752552032471,0.2885434329509735,0.45227497816085815,0.9179111123085022
000500_jpg.rf.b742528d52c611a0eb6f2d0453a3c81a.jpg,11,0.8217115998268127,0.44085997343063354,0.09871020913124084,0.13225342333316803,0.9877002239227295
000507_jpg.rf.cef3041f8b255c4cea0070fe8e2c04e4.jpg,11,0.6714388132095337,0.3460037410259247,0.35925501585006714,0.2903199791908264,0.9355709552764893
000507_jpg.rf.cef3041f8b255c4cea0070fe8e2c04e4.jpg,9,0.9638811349868774,0.642400324344635,0.0495220348238945,0.05340399965643883,0.05014681816101074
000512_jpg.rf.e2e180ced9b44c98c59556fef04838bd.jpg,11,0.38301882147789,0.4661295711994171,0.6015740036964417,0.7344900965690613,0.9498341083526611
000512_jpg.rf.e2e180ced9b44c98c59556fef04838bd.jpg,11,0.8312082290649414,0.1978270709514618,0.21143531799316406,0.2542816400527954,0.9390432834625244
000514_jpg.rf.b0d6f6a9a9a1c36ac223b9185a3cfed6.jpg,11,0.7150773406028748,0.2637665867805481,0.08655071258544922,0.11057981848716736,0.9791293144226074
000514_jpg.rf.b0d6f6a9a9a1c36ac223b9185a3cfed6.jpg,0,0.7142100930213928,0.028516074642539024,0.5599254369735718,0.05692640319466591,0.02812490426003933
000514_jpg.rf.b0d6f6a9a9a1c36ac223b9185a3cfed6.jpg,11,0.6931275725364685,0.26284855604171753,0.12606392800807953,0.11273413151502609,0.01970141939818859
000514_jpg.rf.b0d6f6a9a9a1c36ac223b9185a3cfed6.jpg,0,0.7912210822105408,0.0273691825568676,0.41145452857017517,0.0547383651137352,0.010228780098259449
000514_jpg.rf.b0d6f6a9a9a1c36ac223b9185a3cfed6.jpg,1,0.014227470383048058,0.32986322045326233,0.02747061662375927,0.028703689575195312,0.0059928917326033115
000514_jpg.rf.b0d6f6a9a9a1c36ac223b9185a3cfed6.jpg,1,0.8310766220092773,0.024734048172831535,0.3181510269641876,0.04946809634566307,0.00532454252243042
000514_jpg.rf.b0d6f6a9a9a1c36ac223b9185a3cfed6.jpg,1,0.009446066804230213,0.33037275075912476,0.01743381656706333,0.027649108320474625,0.0032708800863474607
000514_jpg.rf.b0d6f6a9a9a1c36ac223b9185a3cfed6.jpg,1,0.011663304641842842,0.33567148447036743,0.02184486575424671,0.03376370295882225,0.003268188564106822
000514_jpg.rf.b0d6f6a9a9a1c36ac223b9185a3cfed6.jpg,0,0.6277214288711548,0.031340163201093674,0.7403362989425659,0.06256671249866486,0.002855481579899788
000514_jpg.rf.b0d6f6a9a9a1c36ac223b9185a3cfed6.jpg,1,0.8744093179702759,0.018811484798789024,0.24579811096191406,0.03762296959757805,0.002149161882698536
000514_jpg.rf.b0d6f6a9a9a1c36ac223b9185a3cfed6.jpg,0,0.19990594685077667,0.34448766708374023,0.02272440865635872,0.017948077991604805,0.001971834572032094
000514_jpg.rf.b0d6f6a9a9a1c36ac223b9185a3cfed6.jpg,1,0.36270105838775635,0.02571355365216732,0.17373865842819214,0.05142710730433464,0.0018546669743955135
000514_jpg.rf.b0d6f6a9a9a1c36ac223b9185a3cfed6.jpg,1,0.01026369258761406,0.33955928683280945,0.018822234123945236,0.0433686338365078,0.0017516069347038865
000514_jpg.rf.b0d6f6a9a9a1c36ac223b9185a3cfed6.jpg,1,0.5690931081771851,0.03110468201339245,0.22528113424777985,0.06127484515309334,0.0015405246522277594
000514_jpg.rf.b0d6f6a9a9a1c36ac223b9185a3cfed6.jpg,1,0.7611436247825623,0.029116302728652954,0.41937100887298584,0.05823260545730591,0.0014499264070764184
000514_jpg.rf.b0d6f6a9a9a1c36ac223b9185a3cfed6.jpg,1,0.8990631103515625,0.0067236521281301975,0.20187370479106903,0.013447304256260395,0.0010516459587961435
000514_jpg.rf.b0d6f6a9a9a1c36ac223b9185a3cfed6.jpg,1,0.8603478670120239,0.009931857697665691,0.19913262128829956,0.019863715395331383,0.0010170300956815481
000534_jpg.rf.fc7a9c184c96044637a59a8abbc842d2.jpg,11,0.8089335560798645,0.46514540910720825,0.1406428962945938,0.18350781500339508,0.9097555875778198
000534_jpg.rf.fc7a9c184c96044637a59a8abbc842d2.jpg,9,0.627013623714447,0.17801333963871002,0.031514499336481094,0.04350849241018295,0.004288705065846443
000558_jpg.rf.40c69cee11121c32100bc0ec9dc29849.jpg,12,0.7923126816749573,0.3558655381202698,0.33397790789604187,0.401344895362854,0.9753584265708923
000566_jpg.rf.85d938d7ad9b91799d8732111b98cc79.jpg,12,0.3972088098526001,0.22631791234016418,0.1895257830619812,0.29369500279426575,0.9762930870056152
000566_jpg.rf.85d938d7ad9b91799d8732111b98cc79.jpg,1,0.5796310901641846,0.6629195809364319,0.02559434436261654,0.07123470306396484,0.1587488204240799
000566_jpg.rf.85d938d7ad9b91799d8732111b98cc79.jpg,0,0.579409658908844,0.6625574827194214,0.025312019512057304,0.06889658421278,0.1559940129518509
000592_jpg.rf.7264e25a590f878fcb39467d550219de.jpg,12,0.7175427675247192,0.3898470997810364,0.524040162563324,0.7796941995620728,0.9871292114257812
000595_jpg.rf.5b549a5e1f209899e21445383698e00d.jpg,12,0.7056370973587036,0.6870985627174377,0.41926348209381104,0.6080047488212585,0.9793211221694946
000595_jpg.rf.5b549a5e1f209899e21445383698e00d.jpg,1,0.35674116015434265,0.004809779580682516,0.039080142974853516,0.009619559161365032,0.0017143110744655132
000596_jpg.rf.eb635457db0d42d1d585000296f83145.jpg,12,0.7811244130134583,0.3908090889453888,0.40819305181503296,0.7130113244056702,0.9870679974555969
000596_jpg.rf.eb635457db0d42d1d585000296f83145.jpg,1,0.6477094888687134,0.03499375656247139,0.24302098155021667,0.06998751312494278,0.002165831159800291
000596_jpg.rf.eb635457db0d42d1d585000296f83145.jpg,1,0.6797333359718323,0.027116019278764725,0.22935305535793304,0.05423203855752945,0.0016589193837717175
000599_jpg.rf.87f4886233a457df94743a34ee410218.jpg,12,0.8105398416519165,0.2448325902223587,0.3231147527694702,0.47985804080963135,0.9825929403305054
000599_jpg.rf.87f4886233a457df94743a34ee410218.jpg,0,0.048052553087472916,0.019494889304041862,0.09610510617494583,0.038989778608083725,0.012319130823016167
000599_jpg.rf.87f4886233a457df94743a34ee410218.jpg,1,0.04984583333134651,0.019236663356423378,0.09969166666269302,0.038473326712846756,0.0060372124426066875
000626_jpg.rf.844a2fbefbe88499e977a640a50441c8.jpg,12,0.5088527202606201,0.25122708082199097,0.21557117998600006,0.37989872694015503,0.9787935018539429
000629_jpg.rf.7fc79b6ca0f85116dc5588dd6869900c.jpg,12,0.450173020362854,0.33961227536201477,0.4638325572013855,0.32558390498161316,0.9741470217704773
000629_jpg.rf.7fc79b6ca0f85116dc5588dd6869900c.jpg,0,0.9769237041473389,0.9298660755157471,0.043013352900743484,0.031077971681952477,0.001977375941351056
000629_jpg.rf.7fc79b6ca0f85116dc5588dd6869900c.jpg,1,0.805810809135437,0.9102394580841064,0.02117428369820118,0.016837267205119133,0.0011061318218708038
000635_jpg.rf.add3c9544fc93e8ad88fcb67fbb714cb.jpg,12,0.49327006936073303,0.16464875638484955,0.10924474895000458,0.14794184267520905,0.929167628288269
000644_jpg.rf.e150fedf356c73b528bb6943f267e094.jpg,12,0.37297385931015015,0.21302351355552673,0.3462201654911041,0.22524943947792053,0.9522337317466736
000649_jpg.rf.f86b7d2974091d1956dedec6e79cbf61.jpg,12,0.27619051933288574,0.1673969179391861,0.11969394236803055,0.1665274053812027,0.9348509311676025
000652_jpg.rf.2d13be3464e928dde8d4e3a7ed638236.jpg,12,0.6363123655319214,0.5317636728286743,0.08248864859342575,0.12195737659931183,0.9312180876731873
000652_jpg.rf.2d13be3464e928dde8d4e3a7ed638236.jpg,12,0.44053635001182556,0.4429689645767212,0.7114206552505493,0.8372052907943726,0.012933573685586452
000652_jpg.rf.2d13be3464e928dde8d4e3a7ed638236.jpg,12,0.7701152563095093,0.5107918381690979,0.3407365381717682,0.19278676807880402,0.009240129962563515
000652_jpg.rf.2d13be3464e928dde8d4e3a7ed638236.jpg,12,0.3956080675125122,0.5181378722190857,0.5704584121704102,0.2863462567329407,0.0036721564829349518
000652_jpg.rf.2d13be3464e928dde8d4e3a7ed638236.jpg,0,0.9245567321777344,0.9542497396469116,0.14986324310302734,0.09150050580501556,0.0021511262748390436
000652_jpg.rf.2d13be3464e928dde8d4e3a7ed638236.jpg,12,0.5457083582878113,0.4964991807937622,0.8068448305130005,0.9827108383178711,0.0013492073630914092
000652_jpg.rf.2d13be3464e928dde8d4e3a7ed638236.jpg,12,0.3971279561519623,0.5876744985580444,0.594284176826477,0.2876721918582916,0.0011959602124989033
000654_jpg.rf.d267c50f2def671a3af6c7816a990548.jpg,12,0.4530264735221863,0.37272021174430847,0.19322337210178375,0.2929771840572357,0.9795272946357727
000656_jpg.rf.2bfcb3a401a6cd59986f442316903cca.jpg,12,0.8474773168563843,0.3460823595523834,0.23503230512142181,0.23852798342704773,0.983253002166748
000656_jpg.rf.2bfcb3a401a6cd59986f442316903cca.jpg,0,0.3326924741268158,0.641596257686615,0.021745022386312485,0.015231132507324219,0.002499530790373683
000656_jpg.rf.2bfcb3a401a6cd59986f442316903cca.jpg,0,0.3335731327533722,0.6404659748077393,0.01943093165755272,0.02432742528617382,0.0012745162239298224
000658_jpg.rf.305458475fd66b31a8b2796cceb9f511.jpg,12,0.5649188160896301,0.452889621257782,0.13441866636276245,0.19050811231136322,0.9495259523391724
000664_jpg.rf.882fdd90b90c7f1af1fc37a7467443cf.jpg,12,0.2299356460571289,0.7252730131149292,0.2543112635612488,0.3125167191028595,0.981253981590271
000664_jpg.rf.882fdd90b90c7f1af1fc37a7467443cf.jpg,9,0.2374003827571869,0.33575373888015747,0.2541074752807617,0.3214436173439026,0.958911120891571
000670_jpg.rf.9b82f265d8e858e1ac239f550bb09315.jpg,12,0.7890382409095764,0.2554078698158264,0.2666948735713959,0.3733013868331909,0.9710246324539185
000670_jpg.rf.9b82f265d8e858e1ac239f550bb09315.jpg,1,0.26456689834594727,0.6100366115570068,0.058615684509277344,0.026855286210775375,0.0021637720055878162
000680_jpg.rf.10f9a8b0c68fd4c3a3f991673e8be240.jpg,12,0.7893143892288208,0.32032060623168945,0.32655423879623413,0.41944754123687744,0.9807469248771667
000684_jpg.rf.da8d58e5754b48f640c2521ce190912e.jpg,12,0.3756300210952759,0.44982507824897766,0.6101366281509399,0.7463538646697998,0.9849510192871094
000684_jpg.rf.da8d58e5754b48f640c2521ce190912e.jpg,12,0.8308448791503906,0.19081929326057434,0.2127145677804947,0.26350462436676025,0.9799830913543701
000689_jpg.rf.e7eb671b04e54cabccbc491dc3087e13.jpg,12,0.49767500162124634,0.4931151270866394,0.3435700833797455,0.5953502655029297,0.9844471216201782
000695_jpg.rf.5433ef9bdff69bb898a98f69af622064.jpg,12,0.22259356081485748,0.32338985800743103,0.21006713807582855,0.2995748221874237,0.981183648109436
000700_jpg.rf.4abc8faa3c8f0970d53095fa9218cf8a.jpg,13,0.9103267192840576,0.5481752157211304,0.08620203286409378,0.12800826132297516,0.9119467735290527
000700_jpg.rf.4abc8faa3c8f0970d53095fa9218cf8a.jpg,9,0.4113069772720337,0.49271994829177856,0.03009653091430664,0.05925600230693817,0.007932179607450962
000703_jpg.rf.2999e1a86a880c30b97644b227648d36.jpg,13,0.501189649105072,0.37447288632392883,0.5272493362426758,0.5847730040550232,0.9977225661277771
000711_jpg.rf.0a584e00809f5da1be911472ba1f8e7b.jpg,13,0.9189680814743042,0.5955171585083008,0.06677854806184769,0.1144990548491478,0.7804579138755798
000711_jpg.rf.0a584e00809f5da1be911472ba1f8e7b.jpg,12,0.07956959307193756,0.5547065734863281,0.04455352574586868,0.0729406401515007,0.4830997586250305
000711_jpg.rf.0a584e00809f5da1be911472ba1f8e7b.jpg,9,0.0791061595082283,0.5544244050979614,0.04481073468923569,0.07317876815795898,0.21512115001678467
000711_jpg.rf.0a584e00809f5da1be911472ba1f8e7b.jpg,7,0.07934944331645966,0.5543841123580933,0.045242805033922195,0.07382715493440628,0.15752668678760529
000711_jpg.rf.0a584e00809f5da1be911472ba1f8e7b.jpg,3,0.0781470239162445,0.6084238886833191,0.05315398797392845,0.04292088374495506,0.010927475057542324
000711_jpg.rf.0a584e00809f5da1be911472ba1f8e7b.jpg,3,0.07905145734548569,0.5544294714927673,0.04392489045858383,0.07139898836612701,0.007591741159558296
000711_jpg.rf.0a584e00809f5da1be911472ba1f8e7b.jpg,1,0.779900848865509,0.008196883834898472,0.011529188603162766,0.008760113269090652,0.004026566166430712
000711_jpg.rf.0a584e00809f5da1be911472ba1f8e7b.jpg,5,0.07902692258358002,0.5548509955406189,0.04454681649804115,0.07245947420597076,0.0031036394648253918
000711_jpg.rf.0a584e00809f5da1be911472ba1f8e7b.jpg,8,0.07888167351484299,0.5547857284545898,0.046317167580127716,0.07104892283678055,0.0024958704598248005
000711_jpg.rf.0a584e00809f5da1be911472ba1f8e7b.jpg,10,0.07896700501441956,0.5539547204971313,0.045528344810009,0.07087190449237823,0.002341332845389843
000713_jpg.rf.ea540b12ec46dd3f2dad786ab321c3a3.jpg,7,0.5257562398910522,0.4582611322402954,0.3370475769042969,0.25259682536125183,0.931818425655365
000722_jpg.rf.9bee48a5dc22112fb5a705192fd54d45.jpg,8,0.5026386976242065,0.6256600022315979,0.16423988342285156,0.19952058792114258,0.9583525061607361
000722_jpg.rf.9bee48a5dc22112fb5a705192fd54d45.jpg,13,0.5050296783447266,0.3229752779006958,0.1755533218383789,0.24575962126255035,0.19428442418575287
000722_jpg.rf.9bee48a5dc22112fb5a705192fd54d45.jpg,7,0.5039588809013367,0.32276901602745056,0.17626835405826569,0.24529868364334106,0.01483845803886652
000722_jpg.rf.9bee48a5dc22112fb5a705192fd54d45.jpg,1,0.8355138301849365,0.323173850774765,0.01240040734410286,0.04662599787116051,0.008883647620677948
000729_jpg.rf.7b1a28094ac79f94f38e0ca9d4037037.jpg,12,0.8603911995887756,0.2416815608739853,0.2745054066181183,0.43236273527145386,0.98431396484375
000729_jpg.rf.7b1a28094ac79f94f38e0ca9d4037037.jpg,8,0.814030110836029,0.5187832117080688,0.1703500747680664,0.09000833332538605,0.0030020142439752817
000735_jpg.rf.8927d1a7914f3b404d59d7afb8238ce4.jpg,13,0.539939820766449,0.2870939075946808,0.22182680666446686,0.3757128417491913,0.9898373484611511
000735_jpg.rf.8927d1a7914f3b404d59d7afb8238ce4.jpg,1,0.3985132873058319,0.7716187834739685,0.012640549801290035,0.008688926696777344,0.002933121519163251
000736_jpg.rf.228d17ea85d8e4b2f1fd5a1fec7582d9.jpg,13,0.4458036422729492,0.2541113495826721,0.25558459758758545,0.17171615362167358,0.9871782064437866
000736_jpg.rf.228d17ea85d8e4b2f1fd5a1fec7582d9.jpg,11,0.4517480731010437,0.4192129969596863,0.2590162456035614,0.16330741345882416,0.8286348581314087
000736_jpg.rf.228d17ea85d8e4b2f1fd5a1fec7582d9.jpg,12,0.14428076148033142,0.6313508749008179,0.008220287039875984,0.009625875391066074,0.0013578016078099608
000741_jpg.rf.48077831b42aa2a01691cd30be5da048.jpg,13,0.675399899482727,0.3393546938896179,0.42354506254196167,0.6769132614135742,0.9969707727432251
000741_jpg.rf.48077831b42aa2a01691cd30be5da048.jpg,1,0.3904012143611908,0.7821711301803589,0.02382403239607811,0.0163265373557806,0.02261514589190483
000741_jpg.rf.48077831b42aa2a01691cd30be5da048.jpg,1,0.3900006413459778,0.7846202850341797,0.025925636291503906,0.02167547680437565,0.012176202610135078
000741_jpg.rf.48077831b42aa2a01691cd30be5da048.jpg,1,0.39280077815055847,0.7900181412696838,0.032459259033203125,0.0325462631881237,0.005031375680118799
000741_jpg.rf.48077831b42aa2a01691cd30be5da048.jpg,13,0.556165874004364,0.33632490038871765,0.18555428087711334,0.6669152975082397,0.002675676718354225
000741_jpg.rf.48077831b42aa2a01691cd30be5da048.jpg,1,0.38989970088005066,0.7996681928634644,0.032867688685655594,0.05006452649831772,0.0017032907344400883
000741_jpg.rf.48077831b42aa2a01691cd30be5da048.jpg,1,0.394035667181015,0.7811625599861145,0.02861243113875389,0.01816837675869465,0.0012965543428435922
000753_jpg.rf.23d05489386c3399c5d26ac779015d26.jpg,13,0.6483548879623413,0.7390924096107483,0.11329401284456253,0.1640387326478958,0.9664582014083862
000753_jpg.rf.23d05489386c3399c5d26ac779015d26.jpg,8,0.5600621104240417,0.3132272958755493,0.01988469623029232,0.031801555305719376,0.0016298526898026466
000762_jpg.rf.ea6102293c9b38d9f90158f1a4cc33f7.jpg,13,0.6778233647346497,0.4094519019126892,0.22202759981155396,0.2728578448295593,0.9929024577140808
000763_jpg.rf.6018d10dd3889ec0579a386c052fb6ff.jpg,13,0.4615677297115326,0.3208288848400116,0.09020967036485672,0.15814366936683655,0.9401671886444092
000769_jpg.rf.1df4a76b3e7055f19fd63f71a3d4ab3f.jpg,13,0.7864551544189453,0.4991070032119751,0.2838815450668335,0.22405649721622467,0.998400866985321
000783_jpg.rf.0f12070feb6f7bc91c48aa93a65d2e93.jpg,13,0.6489187479019165,0.26587966084480286,0.2620200514793396,0.4610758423805237,0.999675989151001
000786_jpg.rf.60798d12643d9be450731115c76bd86c.jpg,13,0.7887109518051147,0.10160756856203079,0.13873672485351562,0.14033105969429016,0.930618405342102
000786_jpg.rf.60798d12643d9be450731115c76bd86c.jpg,13,0.806160032749176,0.24845394492149353,0.37691938877105713,0.44219785928726196,0.004691469483077526
000790_jpg.rf.ddb1d679830f7cafbcbec2013a6ff2fc.jpg,13,0.7674559354782104,0.09203532338142395,0.23688162863254547,0.18092982470989227,0.9930083751678467
000790_jpg.rf.ddb1d679830f7cafbcbec2013a6ff2fc.jpg,1,0.2914367616176605,0.009305441752076149,0.34097081422805786,0.018610883504152298,0.00422705290839076
000790_jpg.rf.ddb1d679830f7cafbcbec2013a6ff2fc.jpg,1,0.25626111030578613,0.005596841685473919,0.20948457717895508,0.011067771352827549,0.0032190827187150717
000790_jpg.rf.ddb1d679830f7cafbcbec2013a6ff2fc.jpg,1,0.37517184019088745,0.00949863437563181,0.34540483355522156,0.01899726875126362,0.0018343866104260087
000790_jpg.rf.ddb1d679830f7cafbcbec2013a6ff2fc.jpg,1,0.19518589973449707,0.0057971361093223095,0.21665437519550323,0.0114701297134161,0.0018004049779847264
000790_jpg.rf.ddb1d679830f7cafbcbec2013a6ff2fc.jpg,1,0.1966298371553421,0.009349016472697258,0.34483665227890015,0.018698032945394516,0.0017408974235877395
000790_jpg.rf.ddb1d679830f7cafbcbec2013a6ff2fc.jpg,1,0.3353034555912018,0.005644713994115591,0.20927879214286804,0.011124351061880589,0.0014745417283847928
000790_jpg.rf.ddb1d679830f7cafbcbec2013a6ff2fc.jpg,0,0.3920343518257141,0.009437288157641888,0.3385818302631378,0.018874576315283775,0.0013886740198358893
000790_jpg.rf.ddb1d679830f7cafbcbec2013a6ff2fc.jpg,0,0.4438071548938751,0.009087827987968922,0.3046150803565979,0.018175655975937843,0.0012517631985247135
000792_jpg.rf.3899b0ef3229b4f18a7954698cc40c92.jpg,1,0.2124800831079483,0.5343227982521057,0.027425618842244148,0.07780075073242188,0.7055886387825012
000792_jpg.rf.3899b0ef3229b4f18a7954698cc40c92.jpg,0,0.36755993962287903,0.23584315180778503,0.02065746672451496,0.06806954741477966,0.6017783284187317
000792_jpg.rf.3899b0ef3229b4f18a7954698cc40c92.jpg,1,0.34167128801345825,0.23737430572509766,0.01895805448293686,0.0676768347620964,0.5886078476905823
000792_jpg.rf.3899b0ef3229b4f18a7954698cc40c92.jpg,1,0.3190728724002838,0.5043430328369141,0.023080458864569664,0.05468893051147461,0.5838978886604309
000792_jpg.rf.3899b0ef3229b4f18a7954698cc40c92.jpg,1,0.012461916543543339,0.5283422470092773,0.021754669025540352,0.07481575012207031,0.14778190851211548
000792_jpg.rf.3899b0ef3229b4f18a7954698cc40c92.jpg,0,0.6005461812019348,0.26152023673057556,0.013898666016757488,0.05438173562288284,0.13074418902397156
000792_jpg.rf.3899b0ef3229b4f18a7954698cc40c92.jpg,0,0.3426123261451721,0.23667588829994202,0.018879743292927742,0.06865501403808594,0.04727568477392197
000792_jpg.rf.3899b0ef3229b4f18a7954698cc40c92.jpg,0,0.5974567532539368,0.26215678453445435,0.0124664306640625,0.055250369012355804,0.01367665734142065
000792_jpg.rf.3899b0ef3229b4f18a7954698cc40c92.jpg,1,0.01088549755513668,0.5152838826179504,0.01699257269501686,0.0494733601808548,0.005791124422103167
000792_jpg.rf.3899b0ef3229b4f18a7954698cc40c92.jpg,0,0.5854046940803528,0.26308518648147583,0.012371540069580078,0.05335817113518715,0.0047775255516171455
000792_jpg.rf.3899b0ef3229b4f18a7954698cc40c92.jpg,0,0.5882326364517212,0.2610664665699005,0.01431520190089941,0.058783385902643204,0.004766336176544428
000792_jpg.rf.3899b0ef3229b4f18a7954698cc40c92.jpg,1,0.00726637477055192,0.5291632413864136,0.013724352233111858,0.0766592025756836,0.004607699811458588
000792_jpg.rf.3899b0ef3229b4f18a7954698cc40c92.jpg,0,0.27818581461906433,0.15287360548973083,0.018153062090277672,0.011509931646287441,0.0028591782320290804
000792_jpg.rf.3899b0ef3229b4f18a7954698cc40c92.jpg,0,0.27035391330718994,0.15253615379333496,0.022150607779622078,0.011795667931437492,0.0015070057706907392
000797_jpg.rf.3d78d9d11140e03357ddde30e7e7e98e.jpg,7,0.5236121416091919,0.46217119693756104,0.35180342197418213,0.5956720113754272,0.9440890550613403
000808_jpg.rf.8007590175a593bc5b4408a31ade3f3a.jpg,0,0.5446326732635498,0.2361125349998474,0.02088315598666668,0.0665547326207161,0.8726049661636353
000808_jpg.rf.8007590175a593bc5b4408a31ade3f3a.jpg,0,0.36306631565093994,0.24904336035251617,0.019843725487589836,0.06708125025033951,0.7371305823326111
000808_jpg.rf.8007590175a593bc5b4408a31ade3f3a.jpg,1,0.36346834897994995,0.25010016560554504,0.020254794508218765,0.06670581549406052,0.324462890625
000808_jpg.rf.8007590175a593bc5b4408a31ade3f3a.jpg,13,0.7535668611526489,0.42107656598091125,0.010082611814141273,0.01640998385846615,0.04810352623462677
000808_jpg.rf.8007590175a593bc5b4408a31ade3f3a.jpg,0,0.6046442985534668,0.23806296288967133,0.013182053342461586,0.03426847234368324,0.0014020770322531462
000809_jpg.rf.dcd99922c592f3b634ddb443bf40dce1.jpg,1,0.5512019991874695,0.12848487496376038,0.02541828155517578,0.08990311622619629,0.764430820941925
000809_jpg.rf.dcd99922c592f3b634ddb443bf40dce1.jpg,1,0.33778366446495056,0.15371330082416534,0.027363227680325508,0.09300628304481506,0.7038488984107971
000809_jpg.rf.dcd99922c592f3b634ddb443bf40dce1.jpg,9,0.6285520792007446,0.30002227425575256,0.026484893634915352,0.048280809074640274,0.6147048473358154
000809_jpg.rf.dcd99922c592f3b634ddb443bf40dce1.jpg,1,0.832912027835846,0.2689301073551178,0.023772092536091805,0.08698700368404388,0.4355783462524414
000809_jpg.rf.dcd99922c592f3b634ddb443bf40dce1.jpg,7,0.5760905146598816,0.1367107778787613,0.031330108642578125,0.0601375475525856,0.19381210207939148
000809_jpg.rf.dcd99922c592f3b634ddb443bf40dce1.jpg,8,0.5757830739021301,0.13595642149448395,0.03045731410384178,0.0628119558095932,0.055887479335069656
000809_jpg.rf.dcd99922c592f3b634ddb443bf40dce1.jpg,1,0.8228322267532349,0.03916734457015991,0.03201521188020706,0.07635009288787842,0.03255618363618851
000809_jpg.rf.dcd99922c592f3b634ddb443bf40dce1.jpg,1,0.9329357743263245,0.014771387912333012,0.04226625710725784,0.02940562181174755,0.024831246584653854
000809_jpg.rf.dcd99922c592f3b634ddb443bf40dce1.jpg,1,0.8952795267105103,0.013684988021850586,0.02169000171124935,0.027032379060983658,0.014727644622325897
000809_jpg.rf.dcd99922c592f3b634ddb443bf40dce1.jpg,1,0.8821073770523071,0.013658197596669197,0.039946410804986954,0.027299093082547188,0.009501263499259949
000809_jpg.rf.dcd99922c592f3b634ddb443bf40dce1.jpg,0,0.9332099556922913,0.014353773556649685,0.044239263981580734,0.02870754711329937,0.008194519206881523
000809_jpg.rf.dcd99922c592f3b634ddb443bf40dce1.jpg,1,0.9458656311035156,0.015606752596795559,0.032848358154296875,0.031213505193591118,0.006805100943893194
000809_jpg.rf.dcd99922c592f3b634ddb443bf40dce1.jpg,0,0.7078392505645752,0.3817642033100128,0.009961568750441074,0.02854321524500847,0.005839437246322632
000809_jpg.rf.dcd99922c592f3b634ddb443bf40dce1.jpg,1,0.8755697011947632,0.013035628944635391,0.02575206756591797,0.025756658986210823,0.004870778881013393
000809_jpg.rf.dcd99922c592f3b634ddb443bf40dce1.jpg,1,0.3267381489276886,0.3188818395137787,0.029019245877861977,0.029035385698080063,0.0043493350967764854
000809_jpg.rf.dcd99922c592f3b634ddb443bf40dce1.jpg,1,0.5732704997062683,0.12994757294654846,0.03609011694788933,0.07698559761047363,0.001959410263225436
000809_jpg.rf.dcd99922c592f3b634ddb443bf40dce1.jpg,1,0.9683603048324585,0.014846086502075195,0.022114533931016922,0.02943143993616104,0.0019536036998033524
000809_jpg.rf.dcd99922c592f3b634ddb443bf40dce1.jpg,0,0.9453613758087158,0.01508512906730175,0.03588404878973961,0.0301702581346035,0.0016457997262477875
000809_jpg.rf.dcd99922c592f3b634ddb443bf40dce1.jpg,0,0.7399004697799683,0.31952017545700073,0.009660940617322922,0.0071675959043204784,0.0014700384344905615
000809_jpg.rf.dcd99922c592f3b634ddb443bf40dce1.jpg,0,0.7087467908859253,0.3736467957496643,0.012411264702677727,0.04017430171370506,0.0013021486811339855
000809_jpg.rf.dcd99922c592f3b634ddb443bf40dce1.jpg,1,0.7369688749313354,0.030885014683008194,0.024387579411268234,0.06161998212337494,0.0012934597907587886
000809_jpg.rf.dcd99922c592f3b634ddb443bf40dce1.jpg,6,0.7466936707496643,0.38635459542274475,0.008739104494452477,0.023081889376044273,0.0011078454554080963
000811_jpg.rf.142d78a345147dc179446aa8ec1191ce.jpg,1,0.5010250806808472,0.28299570083618164,0.019121097400784492,0.06001228466629982,0.7609718441963196
000811_jpg.rf.142d78a345147dc179446aa8ec1191ce.jpg,1,0.3050800561904907,0.28734150528907776,0.01670345850288868,0.05746360868215561,0.6692294478416443
000811_jpg.rf.142d78a345147dc179446aa8ec1191ce.jpg,7,0.4759085774421692,0.2869254946708679,0.020069122314453125,0.040245238691568375,0.0427069291472435
000811_jpg.rf.142d78a345147dc179446aa8ec1191ce.jpg,8,0.4766553044319153,0.28648823499679565,0.02123873122036457,0.03925532475113869,0.01689700223505497
000811_jpg.rf.142d78a345147dc179446aa8ec1191ce.jpg,1,0.7991209030151367,0.3493979573249817,0.029859542846679688,0.02776421047747135,0.015182474628090858
000811_jpg.rf.142d78a345147dc179446aa8ec1191ce.jpg,1,0.7616338133811951,0.3780692219734192,0.026201467961072922,0.08744353801012039,0.00665693823248148
000811_jpg.rf.142d78a345147dc179446aa8ec1191ce.jpg,1,0.7619934678077698,0.3548615872859955,0.02429213933646679,0.039191171526908875,0.006452071946114302
000811_jpg.rf.142d78a345147dc179446aa8ec1191ce.jpg,1,0.2631947100162506,0.008486011065542698,0.021708965301513672,0.014095265418291092,0.004967533517628908
000811_jpg.rf.142d78a345147dc179446aa8ec1191ce.jpg,1,0.2554124593734741,0.007767734117805958,0.031640805304050446,0.014171415939927101,0.004755414091050625
000811_jpg.rf.142d78a345147dc179446aa8ec1191ce.jpg,1,0.6634355783462524,0.0944942757487297,0.009532341733574867,0.03592679649591446,0.004444803576916456
000811_jpg.rf.142d78a345147dc179446aa8ec1191ce.jpg,0,0.24628295004367828,0.009567206725478172,0.04707389697432518,0.01805710792541504,0.003648430109024048
000811_jpg.rf.142d78a345147dc179446aa8ec1191ce.jpg,8,0.5174677968025208,0.28343576192855835,0.010036065243184566,0.053142182528972626,0.0028216021601110697
000811_jpg.rf.142d78a345147dc179446aa8ec1191ce.jpg,1,0.8016461730003357,0.35061872005462646,0.026361465454101562,0.03610765188932419,0.0027784202247858047
000811_jpg.rf.142d78a345147dc179446aa8ec1191ce.jpg,0,0.20438700914382935,0.005089734680950642,0.02799912542104721,0.010179469361901283,0.002253948012366891
000811_jpg.rf.142d78a345147dc179446aa8ec1191ce.jpg,0,0.665084958076477,0.0928608849644661,0.011312704533338547,0.0371224619448185,0.0021353045012801886
000811_jpg.rf.142d78a345147dc179446aa8ec1191ce.jpg,1,0.4760386347770691,0.2860792875289917,0.02179182507097721,0.04386625066399574,0.001884009689092636
000811_jpg.rf.142d78a345147dc179446aa8ec1191ce.jpg,1,0.7997347116470337,0.3604324162006378,0.03287337347865105,0.05040084570646286,0.0016966663533821702
000811_jpg.rf.142d78a345147dc179446aa8ec1191ce.jpg,0,0.22585703432559967,0.008968140929937363,0.08522554486989975,0.017642121762037277,0.0013112344313412905
000811_jpg.rf.142d78a345147dc179446aa8ec1191ce.jpg,1,0.7991864681243896,0.37145116925239563,0.03365325927734375,0.07350368052721024,0.0011764096561819315
000811_jpg.rf.142d78a345147dc179446aa8ec1191ce.jpg,1,0.21058596670627594,0.0057915267534554005,0.033117201179265976,0.011320998892188072,0.0011757883476093411
000811_jpg.rf.142d78a345147dc179446aa8ec1191ce.jpg,8,0.08837736397981644,0.6172263026237488,0.17675472795963287,0.7655473947525024,0.001079405308701098
000811_jpg.rf.142d78a345147dc179446aa8ec1191ce.jpg,1,0.19598887860774994,0.0045058513060212135,0.021407365798950195,0.009011702612042427,0.0010757825803011656
000815_jpg.rf.29afabe5f464c19bf77856ba5a90bd1e.jpg,8,0.6485728621482849,0.5772456526756287,0.1986435055732727,0.3155280351638794,0.9770169854164124
000815_jpg.rf.29afabe5f464c19bf77856ba5a90bd1e.jpg,9,0.2626800835132599,0.3295966684818268,0.014995372854173183,0.02913588657975197,0.0010279979323968291
000822_jpg.rf.63b8e6ec737487b4e7e9e2ed48754226.jpg,13,0.647882878780365,0.7385884523391724,0.11378835141658783,0.16421794891357422,0.9708858132362366
000822_jpg.rf.63b8e6ec737487b4e7e9e2ed48754226.jpg,7,0.5607784986495972,0.3134130835533142,0.022443000227212906,0.03161362558603287,0.007031154818832874
000822_jpg.rf.63b8e6ec737487b4e7e9e2ed48754226.jpg,11,0.5792617797851562,0.41482844948768616,0.08782228827476501,0.2871527075767517,0.0011880203383043408
000822_jpg.rf.63b8e6ec737487b4e7e9e2ed48754226.jpg,13,0.5308264493942261,0.8167940378189087,0.4900249242782593,0.3663187026977539,0.0011356468312442303
000825_jpg.rf.dd850d3ac847bd61179c2191ebc02b37.jpg,1,0.3095940947532654,0.26451364159584045,0.014913082122802734,0.04751383513212204,0.5201623439788818
000825_jpg.rf.dd850d3ac847bd61179c2191ebc02b37.jpg,1,0.2829801142215729,0.26518407464027405,0.015156269073486328,0.04770636558532715,0.42106565833091736
000825_jpg.rf.dd850d3ac847bd61179c2191ebc02b37.jpg,1,0.6349706053733826,0.4538986086845398,0.013658303767442703,0.037904005497694016,0.22185450792312622
000825_jpg.rf.dd850d3ac847bd61179c2191ebc02b37.jpg,1,0.6351935267448425,0.4595458209514618,0.01770268939435482,0.04528075084090233,0.05396992340683937
000825_jpg.rf.dd850d3ac847bd61179c2191ebc02b37.jpg,1,0.535159170627594,0.4709419012069702,0.01347846258431673,0.03814506530761719,0.017079809680581093
000825_jpg.rf.dd850d3ac847bd61179c2191ebc02b37.jpg,1,0.6345442533493042,0.24300862848758698,0.039894215762615204,0.018476668745279312,0.013220923952758312
000825_jpg.rf.dd850d3ac847bd61179c2191ebc02b37.jpg,1,0.9105154275894165,0.05496776103973389,0.031085601076483727,0.10851986706256866,0.01110750064253807
000825_jpg.rf.dd850d3ac847bd61179c2191ebc02b37.jpg,0,0.591923713684082,0.2793252170085907,0.06091249734163284,0.07026494294404984,0.009629216976463795
000825_jpg.rf.dd850d3ac847bd61179c2191ebc02b37.jpg,1,0.6184375286102295,0.2425350546836853,0.014416694641113281,0.016887959092855453,0.0069986931048333645
000825_jpg.rf.dd850d3ac847bd61179c2191ebc02b37.jpg,1,0.6287246346473694,0.2493227869272232,0.02722681500017643,0.02726164273917675,0.006354901939630508
000825_jpg.rf.dd850d3ac847bd61179c2191ebc02b37.jpg,1,0.649048924446106,0.2406931221485138,0.04430389404296875,0.016946792602539062,0.004447707906365395
000825_jpg.rf.dd850d3ac847bd61179c2191ebc02b37.jpg,8,0.6180717945098877,0.2437596321105957,0.012263884767889977,0.01757192611694336,0.004053642973303795
000825_jpg.rf.dd850d3ac847bd61179c2191ebc02b37.jpg,10,0.4330402612686157,0.4689525365829468,0.017506416887044907,0.03666496276855469,0.003977878950536251
000825_jpg.rf.dd850d3ac847bd61179c2191ebc02b37.jpg,1,0.6361398100852966,0.2467767596244812,0.025832396000623703,0.027132034301757812,0.003949430305510759
000825_jpg.rf.dd850d3ac847bd61179c2191ebc02b37.jpg,1,0.6185067892074585,0.2473306655883789,0.013390174135565758,0.026078883558511734,0.0037960908375680447
000825_jpg.rf.dd850d3ac847bd61179c2191ebc02b37.jpg,1,0.6937305927276611,0.4621296525001526,0.02189658209681511,0.041323110461235046,0.0036638304591178894
000825_jpg.rf.dd850d3ac847bd61179c2191ebc02b37.jpg,1,0.6933584809303284,0.46739667654037476,0.020125608891248703,0.031328972429037094,0.0034665928687900305
000825_jpg.rf.dd850d3ac847bd61179c2191ebc02b37.jpg,10,0.45234033465385437,0.4724714159965515,0.01495111919939518,0.03564717248082161,0.003428495954722166
000825_jpg.rf.dd850d3ac847bd61179c2191ebc02b37.jpg,1,0.6424145102500916,0.24256941676139832,0.03306902199983597,0.021221546456217766,0.003119634697213769
000825_jpg.rf.dd850d3ac847bd61179c2191ebc02b37.jpg,0,0.004287693649530411,0.26917874813079834,0.00824971217662096,0.03095313161611557,0.002640155842527747
000825_jpg.rf.dd850d3ac847bd61179c2191ebc02b37.jpg,5,0.5347541570663452,0.4701493978500366,0.013930137269198895,0.03946399688720703,0.0019035283476114273
000825_jpg.rf.dd850d3ac847bd61179c2191ebc02b37.jpg,0,0.6425133943557739,0.3804628551006317,0.015585899353027344,0.014444608241319656,0.0017245255876332521
000825_jpg.rf.dd850d3ac847bd61179c2191ebc02b37.jpg,1,0.6941350102424622,0.46380603313446045,0.018168816342949867,0.022430419921875,0.0015222694491967559
000825_jpg.rf.dd850d3ac847bd61179c2191ebc02b37.jpg,1,0.4526592493057251,0.4725368320941925,0.01579207554459572,0.035552576184272766,0.001458261045627296
000825_jpg.rf.dd850d3ac847bd61179c2191ebc02b37.jpg,1,0.6303370594978333,0.25554803013801575,0.02893059141933918,0.038362227380275726,0.001407989184372127
000825_jpg.rf.dd850d3ac847bd61179c2191ebc02b37.jpg,11,0.4501163363456726,0.4720970392227173,0.01609061285853386,0.036203786730766296,0.001187533838674426
000825_jpg.rf.dd850d3ac847bd61179c2191ebc02b37.jpg,0,0.7381635904312134,0.19438277184963226,0.08044301718473434,0.04198802262544632,0.0011800442589446902
000825_jpg.rf.dd850d3ac847bd61179c2191ebc02b37.jpg,0,0.6582934856414795,0.23940259218215942,0.034461021423339844,0.018424896523356438,0.0011561188148334622
000825_jpg.rf.dd850d3ac847bd61179c2191ebc02b37.jpg,1,0.6357768774032593,0.4869067072868347,0.02652212232351303,0.10471975058317184,0.0010049552656710148
000831_jpg.rf.09392428bf69f0de8c937caec3590319.jpg,7,0.5053698420524597,0.38658496737480164,0.09071768075227737,0.17399650812149048,0.8904041647911072
000831_jpg.rf.09392428bf69f0de8c937caec3590319.jpg,9,0.5057432055473328,0.16391968727111816,0.08992195129394531,0.1675294041633606,0.29053935408592224
000831_jpg.rf.09392428bf69f0de8c937caec3590319.jpg,1,0.19358986616134644,0.008159586228430271,0.107939213514328,0.016319172456860542,0.042805857956409454
000831_jpg.rf.09392428bf69f0de8c937caec3590319.jpg,8,0.34601837396621704,0.9379456043243408,0.40579113364219666,0.12410882860422134,0.020285936072468758
000831_jpg.rf.09392428bf69f0de8c937caec3590319.jpg,1,0.19290250539779663,0.0057272412814199924,0.12331675738096237,0.011454482562839985,0.016074560582637787
000831_jpg.rf.09392428bf69f0de8c937caec3590319.jpg,0,0.19230538606643677,0.005441184621304274,0.10916905850172043,0.010882369242608547,0.008448618464171886
000831_jpg.rf.09392428bf69f0de8c937caec3590319.jpg,11,0.505538821220398,0.16765569150447845,0.09050428122282028,0.16128447651863098,0.0077015371061861515
000831_jpg.rf.09392428bf69f0de8c937caec3590319.jpg,0,0.19647154211997986,0.019676920026540756,0.10185210406780243,0.03896885737776756,0.002260131062939763
000831_jpg.rf.09392428bf69f0de8c937caec3590319.jpg,4,0.2990732491016388,0.9383891224861145,0.47176045179367065,0.12322176247835159,0.0012818719260394573
000831_jpg.rf.09392428bf69f0de8c937caec3590319.jpg,7,0.5057041049003601,0.16124138236045837,0.08831809461116791,0.1630096137523651,0.0012673144228756428
000831_jpg.rf.09392428bf69f0de8c937caec3590319.jpg,1,0.4376203417778015,0.5588387250900269,0.021433096379041672,0.017400559037923813,0.001230565132573247
000833_jpg.rf.a774fb7c4620c050e43d66a0062137af.jpg,11,0.7392212748527527,0.4446411430835724,0.079604372382164,0.15901924669742584,0.9822579026222229
000833_jpg.rf.a774fb7c4620c050e43d66a0062137af.jpg,1,0.9411687254905701,0.00510949594900012,0.026815781369805336,0.01005380880087614,0.006858377251774073
000833_jpg.rf.a774fb7c4620c050e43d66a0062137af.jpg,11,0.6980640888214111,0.44552767276763916,0.1547488421201706,0.15749509632587433,0.0048814802430570126
000833_jpg.rf.a774fb7c4620c050e43d66a0062137af.jpg,1,0.9423754811286926,0.005591758526861668,0.03399944305419922,0.011183517053723335,0.0010904542868956923
000833_jpg.rf.a774fb7c4620c050e43d66a0062137af.jpg,11,0.3379475176334381,0.9071231484413147,0.4495762586593628,0.18575382232666016,0.0010408320231363177
000836_jpg.rf.c262dc2f875c2d27c5358091bec7f23c.jpg,13,0.877682089805603,0.13546817004680634,0.14898681640625,0.26895585656166077,0.9899963140487671
000836_jpg.rf.c262dc2f875c2d27c5358091bec7f23c.jpg,9,0.4211175739765167,0.7727070450782776,0.04148787632584572,0.06566223502159119,0.06440282613039017
000836_jpg.rf.c262dc2f875c2d27c5358091bec7f23c.jpg,8,0.4212013781070709,0.773901104927063,0.04210222512483597,0.06558315455913544,0.034334175288677216
000836_jpg.rf.c262dc2f875c2d27c5358091bec7f23c.jpg,1,0.5436845421791077,0.610885739326477,0.5797014832496643,0.7732282280921936,0.032175201922655106
000836_jpg.rf.c262dc2f875c2d27c5358091bec7f23c.jpg,13,0.46713292598724365,0.6198049783706665,0.3590623736381531,0.7591861486434937,0.023746432736516
000836_jpg.rf.c262dc2f875c2d27c5358091bec7f23c.jpg,3,0.5345669984817505,0.869471549987793,0.023745940998196602,0.028830308467149734,0.020394926890730858
000836_jpg.rf.c262dc2f875c2d27c5358091bec7f23c.jpg,1,0.46739277243614197,0.6600367426872253,0.34021833539009094,0.6788698434829712,0.01878877729177475
000836_jpg.rf.c262dc2f875c2d27c5358091bec7f23c.jpg,1,0.4713447391986847,0.7552772164344788,0.3269892930984497,0.48837152123451233,0.017094384878873825
000836_jpg.rf.c262dc2f875c2d27c5358091bec7f23c.jpg,13,0.4664943814277649,0.7233002185821533,0.33897966146469116,0.5506843328475952,0.011479310691356659
000836_jpg.rf.c262dc2f875c2d27c5358091bec7f23c.jpg,12,0.42064958810806274,0.7730945944786072,0.03928947448730469,0.06461393088102341,0.010448127053678036
000836_jpg.rf.c262dc2f875c2d27c5358091bec7f23c.jpg,1,0.434328556060791,0.6109663844108582,0.4509037435054779,0.765844464302063,0.007141159847378731
000836_jpg.rf.c262dc2f875c2d27c5358091bec7f23c.jpg,1,0.7135844826698303,0.6064529418945312,0.5715723037719727,0.7756086587905884,0.005340288858860731
000836_jpg.rf.c262dc2f875c2d27c5358091bec7f23c.jpg,1,0.8078707456588745,0.6498668193817139,0.38122594356536865,0.6819248199462891,0.001235560281202197
000836_jpg.rf.c262dc2f875c2d27c5358091bec7f23c.jpg,1,0.31519052386283875,0.0409587025642395,0.012109353207051754,0.020047388970851898,0.0012335047358646989
000841_jpg.rf.82ac37a263cc3771094f878f75519d3c.jpg,7,0.7107642889022827,0.6129618883132935,0.29511260986328125,0.4365706145763397,0.9289348721504211
000854_JPG_jpg.rf.c2dbb2abedf6e49d74effc7a8945ed99.jpg,0,0.836039662361145,0.30581265687942505,0.08012742549180984,0.04221705347299576,0.7638176679611206
000854_JPG_jpg.rf.c2dbb2abedf6e49d74effc7a8945ed99.jpg,0,0.036891866475343704,0.4186931252479553,0.07378373295068741,0.04164600372314453,0.7247942090034485
000854_JPG_jpg.rf.c2dbb2abedf6e49d74effc7a8945ed99.jpg,0,0.5560302734375,0.5685688853263855,0.02496337890625,0.013823729008436203,0.08440659195184708
000854_JPG_jpg.rf.c2dbb2abedf6e49d74effc7a8945ed99.jpg,0,0.5511689186096191,0.5685068368911743,0.030420303344726562,0.014096150174736977,0.021647125482559204
000854_JPG_jpg.rf.c2dbb2abedf6e49d74effc7a8945ed99.jpg,1,0.13695847988128662,0.024277767166495323,0.03716683387756348,0.048555534332990646,0.009537199512124062
000854_JPG_jpg.rf.c2dbb2abedf6e49d74effc7a8945ed99.jpg,14,0.19034092128276825,0.4793786406517029,0.0555017925798893,0.07776586711406708,0.00801130011677742
000854_JPG_jpg.rf.c2dbb2abedf6e49d74effc7a8945ed99.jpg,0,0.6011321544647217,0.30187758803367615,0.02751266025006771,0.1257481575012207,0.004757341928780079
000854_JPG_jpg.rf.c2dbb2abedf6e49d74effc7a8945ed99.jpg,1,0.6011705994606018,0.30113542079925537,0.028587158769369125,0.1280173361301422,0.0032644052989780903
000854_JPG_jpg.rf.c2dbb2abedf6e49d74effc7a8945ed99.jpg,0,0.5576663613319397,0.5620346665382385,0.023434344679117203,0.016577720642089844,0.002177770249545574
000854_JPG_jpg.rf.c2dbb2abedf6e49d74effc7a8945ed99.jpg,0,0.5561242699623108,0.5753223896026611,0.022525787353515625,0.024178799241781235,0.0019689418841153383
000854_JPG_jpg.rf.c2dbb2abedf6e49d74effc7a8945ed99.jpg,9,0.6054844856262207,0.534014105796814,0.01706182025372982,0.05869751796126366,0.0013287251349538565
000860_jpg.rf.96ab0958df78e7af07071f6d1dd7b6e6.jpg,1,0.720300555229187,0.20936404168605804,0.015691537410020828,0.05589952692389488,0.5514888763427734
000860_jpg.rf.96ab0958df78e7af07071f6d1dd7b6e6.jpg,1,0.29299354553222656,0.22089070081710815,0.016221046447753906,0.058950699865818024,0.4904762804508209
000860_jpg.rf.96ab0958df78e7af07071f6d1dd7b6e6.jpg,1,0.2581462562084198,0.2217794507741928,0.016418512910604477,0.05735015869140625,0.4147498607635498
000860_jpg.rf.96ab0958df78e7af07071f6d1dd7b6e6.jpg,1,0.6868161559104919,0.1963207870721817,0.011881828308105469,0.02466297149658203,0.12863998115062714
000860_jpg.rf.96ab0958df78e7af07071f6d1dd7b6e6.jpg,1,0.6875883340835571,0.19927406311035156,0.015040397644042969,0.03055209293961525,0.07372970879077911
000860_jpg.rf.96ab0958df78e7af07071f6d1dd7b6e6.jpg,1,0.2768405079841614,0.2228545844554901,0.017797084525227547,0.043334100395441055,0.03238525614142418
000860_jpg.rf.96ab0958df78e7af07071f6d1dd7b6e6.jpg,1,0.6887142658233643,0.2083538919687271,0.013970375061035156,0.04834037646651268,0.020014649257063866
000860_jpg.rf.96ab0958df78e7af07071f6d1dd7b6e6.jpg,0,0.8864957094192505,0.15113891661167145,0.012113204225897789,0.04833705723285675,0.015845317393541336
000860_jpg.rf.96ab0958df78e7af07071f6d1dd7b6e6.jpg,1,0.7026681303977966,0.20952782034873962,0.014514262787997723,0.041798003017902374,0.010464177466928959
000860_jpg.rf.96ab0958df78e7af07071f6d1dd7b6e6.jpg,8,0.27766236662864685,0.22374257445335388,0.01839524134993553,0.03981087729334831,0.009131278842687607
000860_jpg.rf.96ab0958df78e7af07071f6d1dd7b6e6.jpg,1,0.27255314588546753,0.22224842011928558,0.01625537872314453,0.04766559600830078,0.006404674146324396
000860_jpg.rf.96ab0958df78e7af07071f6d1dd7b6e6.jpg,1,0.26809388399124146,0.22168217599391937,0.02095576375722885,0.051625583320856094,0.006007216405123472
000860_jpg.rf.96ab0958df78e7af07071f6d1dd7b6e6.jpg,0,0.7420079112052917,0.20795033872127533,0.014285454526543617,0.01406282652169466,0.0059565273113548756
000860_jpg.rf.96ab0958df78e7af07071f6d1dd7b6e6.jpg,1,0.7194170355796814,0.20351721346378326,0.018289566040039062,0.03937578201293945,0.005717589519917965
000860_jpg.rf.96ab0958df78e7af07071f6d1dd7b6e6.jpg,0,0.31725743412971497,0.22309519350528717,0.009306907653808594,0.011940442956984043,0.004514725413173437
000860_jpg.rf.96ab0958df78e7af07071f6d1dd7b6e6.jpg,1,0.6914332509040833,0.20835140347480774,0.01419852301478386,0.04815666377544403,0.00428704172372818
000860_jpg.rf.96ab0958df78e7af07071f6d1dd7b6e6.jpg,1,0.7231360077857971,0.21325606107711792,0.01733141764998436,0.049769382923841476,0.003480662824586034
000860_jpg.rf.96ab0958df78e7af07071f6d1dd7b6e6.jpg,0,0.3258623778820038,0.2968924343585968,0.017184440046548843,0.02393696829676628,0.002755827736109495
000860_jpg.rf.96ab0958df78e7af07071f6d1dd7b6e6.jpg,0,0.8852345943450928,0.16069012880325317,0.010498046875,0.033643584698438644,0.0025574308820068836
000860_jpg.rf.96ab0958df78e7af07071f6d1dd7b6e6.jpg,8,0.7024762630462646,0.20710889995098114,0.018263449892401695,0.04401421546936035,0.002385948086157441
000860_jpg.rf.96ab0958df78e7af07071f6d1dd7b6e6.jpg,1,0.7264600992202759,0.2146109789609909,0.013891806825995445,0.03997025266289711,0.0022454657591879368
000860_jpg.rf.96ab0958df78e7af07071f6d1dd7b6e6.jpg,1,0.08424900472164154,0.3554968535900116,0.011692019179463387,0.02767331711947918,0.002241880167275667
000860_jpg.rf.96ab0958df78e7af07071f6d1dd7b6e6.jpg,0,0.02645127847790718,0.20032256841659546,0.05290255695581436,0.06875375658273697,0.001666452270001173
000860_jpg.rf.96ab0958df78e7af07071f6d1dd7b6e6.jpg,0,0.32766950130462646,0.2969568073749542,0.013305554166436195,0.020936012268066406,0.0014945078874006867
000860_jpg.rf.96ab0958df78e7af07071f6d1dd7b6e6.jpg,3,0.08422069251537323,0.3553365170955658,0.01063084602355957,0.024777851998806,0.0012396100210025907
000860_jpg.rf.96ab0958df78e7af07071f6d1dd7b6e6.jpg,1,0.7010985016822815,0.20895960927009583,0.019848017022013664,0.04881143569946289,0.0011847143759950995
000860_jpg.rf.96ab0958df78e7af07071f6d1dd7b6e6.jpg,0,0.22912320494651794,0.21912766993045807,0.010040283203125,0.013406423851847649,0.0011280381586402655
000866_JPG_jpg.rf.585d575b53d2e6e316c8abb2d07e4c17.jpg,0,0.36715173721313477,0.28532424569129944,0.10236806422472,0.047637131065130234,0.8245276808738708
000866_JPG_jpg.rf.585d575b53d2e6e316c8abb2d07e4c17.jpg,0,0.5172554850578308,0.004724049940705299,0.029911261051893234,0.009448099881410599,0.0368766114115715
000866_JPG_jpg.rf.585d575b53d2e6e316c8abb2d07e4c17.jpg,1,0.5169522762298584,0.0049569206312298775,0.03159695491194725,0.009913841262459755,0.02130664512515068
000866_JPG_jpg.rf.585d575b53d2e6e316c8abb2d07e4c17.jpg,9,0.684699296951294,0.5304650068283081,0.032396022230386734,0.04209327697753906,0.001310414052568376
000867_JPG_jpg.rf.0961b153fd2cdd7f71455ca70b9226fc.jpg,0,0.36973291635513306,0.1161944568157196,0.14254111051559448,0.06085062026977539,0.8291613459587097
000867_JPG_jpg.rf.0961b153fd2cdd7f71455ca70b9226fc.jpg,9,0.22092196345329285,0.6586029529571533,0.06244026869535446,0.10162679851055145,0.01815768890082836
000867_JPG_jpg.rf.0961b153fd2cdd7f71455ca70b9226fc.jpg,1,0.49258315563201904,0.008557130582630634,0.07102680206298828,0.01711426116526127,0.008716722950339317
000867_JPG_jpg.rf.0961b153fd2cdd7f71455ca70b9226fc.jpg,0,0.49439626932144165,0.006195413414388895,0.06010037288069725,0.01239082682877779,0.0075304266065359116
000867_JPG_jpg.rf.0961b153fd2cdd7f71455ca70b9226fc.jpg,9,0.23026181757450104,0.6681756377220154,0.046742916107177734,0.11991185694932938,0.0025904064532369375
000867_JPG_jpg.rf.0961b153fd2cdd7f71455ca70b9226fc.jpg,0,0.03455423563718796,0.006546003744006157,0.06814733892679214,0.013092007488012314,0.001832657726481557
000867_JPG_jpg.rf.0961b153fd2cdd7f71455ca70b9226fc.jpg,9,0.2124590128660202,0.6388263702392578,0.051422834396362305,0.05866846814751625,0.0018285982077941298
000867_JPG_jpg.rf.0961b153fd2cdd7f71455ca70b9226fc.jpg,0,0.503067672252655,0.0065354155376553535,0.0819154903292656,0.013070831075310707,0.0011549129849299788
000867_JPG_jpg.rf.0961b153fd2cdd7f71455ca70b9226fc.jpg,1,0.6957228183746338,0.00471000000834465,0.0521601177752018,0.0094200000166893,0.0010528960265219212
000872_JPG_jpg.rf.618811525dae8c1799c5093046e551c5.jpg,0,0.5227118134498596,0.21020525693893433,0.09251730144023895,0.05317765101790428,0.8152014017105103
000872_JPG_jpg.rf.618811525dae8c1799c5093046e551c5.jpg,0,0.41493791341781616,0.3807576894760132,0.03806858882308006,0.020743664354085922,0.3306741416454315
000872_JPG_jpg.rf.618811525dae8c1799c5093046e551c5.jpg,0,0.20918795466423035,0.4071507453918457,0.020348530262708664,0.019130486994981766,0.15483404695987701
000872_JPG_jpg.rf.618811525dae8c1799c5093046e551c5.jpg,0,0.2043956220149994,0.4064314067363739,0.031088553369045258,0.02023465745151043,0.06165384128689766
000872_JPG_jpg.rf.618811525dae8c1799c5093046e551c5.jpg,5,0.991857647895813,0.2790535092353821,0.0159755852073431,0.08430933952331543,0.005429931916296482
000872_JPG_jpg.rf.618811525dae8c1799c5093046e551c5.jpg,0,0.20672263205051422,0.4050038456916809,0.026797056198120117,0.02663201466202736,0.0051004523411393166
000872_JPG_jpg.rf.618811525dae8c1799c5093046e551c5.jpg,0,0.20310942828655243,0.40194395184516907,0.03230854123830795,0.028215812519192696,0.004646263550966978
000872_JPG_jpg.rf.618811525dae8c1799c5093046e551c5.jpg,0,0.5350856781005859,0.20607900619506836,0.06666546314954758,0.04853644594550133,0.004272388760000467
000872_JPG_jpg.rf.618811525dae8c1799c5093046e551c5.jpg,0,0.42898494005203247,0.4691089391708374,0.02518749237060547,0.015978042036294937,0.0035688180942088366
000872_JPG_jpg.rf.618811525dae8c1799c5093046e551c5.jpg,0,0.43842393159866333,0.4692178964614868,0.02356243133544922,0.017687248066067696,0.0035304753109812737
000872_JPG_jpg.rf.618811525dae8c1799c5093046e551c5.jpg,0,0.0036950723733752966,0.07774099707603455,0.007390144746750593,0.01308207307010889,0.0019403693731874228
000872_JPG_jpg.rf.618811525dae8c1799c5093046e551c5.jpg,0,0.41287073493003845,0.38030150532722473,0.04535462334752083,0.025226593017578125,0.0017118832329288125
000872_JPG_jpg.rf.618811525dae8c1799c5093046e551c5.jpg,0,0.5545607209205627,0.20351116359233856,0.030900588259100914,0.05386253446340561,0.0013590195449069142
000872_JPG_jpg.rf.618811525dae8c1799c5093046e551c5.jpg,1,0.9872092008590698,0.5607497096061707,0.02558172680437565,0.15316101908683777,0.0011643647449091077
000883_JPG_jpg.rf.bcfbe7999ec1b4e660a155e0e145e234.jpg,0,0.3024776875972748,0.22338739037513733,0.08496299386024475,0.04804433137178421,0.760478675365448
000883_JPG_jpg.rf.bcfbe7999ec1b4e660a155e0e145e234.jpg,1,0.013919821940362453,0.480146586894989,0.027770979329943657,0.15492916107177734,0.0015908988425508142
000887_jpg.rf.307baae87436b41df5a8a47635940201.jpg,3,0.789581298828125,0.2966940104961395,0.009604820981621742,0.022262554615736008,0.7363041043281555
000887_jpg.rf.307baae87436b41df5a8a47635940201.jpg,1,0.330482542514801,0.24459698796272278,0.015534548088908195,0.05672178044915199,0.6445971131324768
000887_jpg.rf.307baae87436b41df5a8a47635940201.jpg,1,0.511958122253418,0.22044038772583008,0.014638533815741539,0.05319390073418617,0.6320194005966187
000887_jpg.rf.307baae87436b41df5a8a47635940201.jpg,3,0.7876389026641846,0.29584941267967224,0.01284005120396614,0.02148694172501564,0.008135910145938396
000887_jpg.rf.307baae87436b41df5a8a47635940201.jpg,1,0.4062923192977905,0.21939405798912048,0.013757999055087566,0.006922135129570961,0.004880847875028849
000887_jpg.rf.307baae87436b41df5a8a47635940201.jpg,9,0.6802629232406616,0.6671581268310547,0.03208982199430466,0.04793357849121094,0.004762101452797651
000887_jpg.rf.307baae87436b41df5a8a47635940201.jpg,0,0.5283868312835693,0.17066368460655212,0.010719702579081059,0.008254014886915684,0.002931273076683283
000887_jpg.rf.307baae87436b41df5a8a47635940201.jpg,0,0.8957476019859314,0.005436430219560862,0.05283810570836067,0.010872860439121723,0.002415228169411421
000887_jpg.rf.307baae87436b41df5a8a47635940201.jpg,0,0.006309425458312035,0.29167938232421875,0.011418450623750687,0.021354015916585922,0.0015864348970353603
000887_jpg.rf.307baae87436b41df5a8a47635940201.jpg,0,0.3078595697879791,0.2321452498435974,0.015568237751722336,0.012909595854580402,0.0015567791415378451
000887_jpg.rf.307baae87436b41df5a8a47635940201.jpg,9,0.8384917974472046,0.02086818404495716,0.01989980787038803,0.04119929298758507,0.0015242282534018159
000887_jpg.rf.307baae87436b41df5a8a47635940201.jpg,3,0.8201791048049927,0.29171741008758545,0.024288544431328773,0.02779502049088478,0.0014824781101197004
000887_jpg.rf.307baae87436b41df5a8a47635940201.jpg,3,0.8115131855010986,0.29548805952072144,0.01614108495414257,0.025477318093180656,0.001362384995445609
000887_jpg.rf.307baae87436b41df5a8a47635940201.jpg,1,0.40573808550834656,0.22614170610904694,0.011595065705478191,0.017255159094929695,0.0012672540033236146
000887_jpg.rf.307baae87436b41df5a8a47635940201.jpg,0,0.2646913230419159,0.18125200271606445,0.011757941916584969,0.008107185363769531,0.0012540121097117662
000887_jpg.rf.307baae87436b41df5a8a47635940201.jpg,0,0.0054496880620718,0.029611704871058464,0.0108993761241436,0.04963677376508713,0.0012025320902466774
000887_jpg.rf.307baae87436b41df5a8a47635940201.jpg,0,0.9142258167266846,0.005013542715460062,0.03430476412177086,0.010027085430920124,0.0011988008627668023
000887_jpg.rf.307baae87436b41df5a8a47635940201.jpg,0,0.28435218334198,0.23106461763381958,0.013362609781324863,0.008802945725619793,0.0011209858348593116
000887_jpg.rf.307baae87436b41df5a8a47635940201.jpg,0,0.2890644073486328,0.23054566979408264,0.012192634865641594,0.009197235107421875,0.0010114748729392886
000897_JPG_jpg.rf.d8616645e7ae5a674caf3f2e17dab345.jpg,0,0.5015515685081482,0.15621915459632874,0.1496790051460266,0.07456517219543457,0.8613755106925964
000897_JPG_jpg.rf.d8616645e7ae5a674caf3f2e17dab345.jpg,11,0.032522037625312805,0.13156075775623322,0.06428109109401703,0.26312151551246643,0.0017509666504338384
000897_JPG_jpg.rf.d8616645e7ae5a674caf3f2e17dab345.jpg,9,0.9914141297340393,0.5496398210525513,0.01665995642542839,0.07020444422960281,0.0013529983116313815
000897_JPG_jpg.rf.d8616645e7ae5a674caf3f2e17dab345.jpg,9,0.0352986641228199,0.15574656426906586,0.0489703044295311,0.06299158930778503,0.0011903701815754175
000898_JPG_jpg.rf.89de33253d01e0308735dc746aa4977f.jpg,0,0.48089224100112915,0.27564293146133423,0.07134228199720383,0.03534736856818199,0.7820317149162292
000899_JPG_jpg.rf.44b9967b6405c6ad4f9ad7dfa2ad610d.jpg,0,0.6487061381340027,0.31431645154953003,0.10305576771497726,0.0489320382475853,0.7941930890083313
000899_JPG_jpg.rf.44b9967b6405c6ad4f9ad7dfa2ad610d.jpg,9,0.35535353422164917,0.382344126701355,0.03409730643033981,0.07179509848356247,0.00863468274474144
000899_JPG_jpg.rf.44b9967b6405c6ad4f9ad7dfa2ad610d.jpg,9,0.3548956513404846,0.3948730230331421,0.03279183432459831,0.04594791680574417,0.005317486356943846
000899_JPG_jpg.rf.44b9967b6405c6ad4f9ad7dfa2ad610d.jpg,0,0.22543781995773315,0.5467661619186401,0.01686239242553711,0.027148613706231117,0.0018831725465133786
000899_JPG_jpg.rf.44b9967b6405c6ad4f9ad7dfa2ad610d.jpg,8,0.3557296097278595,0.3982539176940918,0.03385961800813675,0.03959853947162628,0.0014561864081770182
000902_jpg.rf.f1be11af53a854bf0f07539ef71bfab7.jpg,1,0.537895143032074,0.2175339162349701,0.01262397039681673,0.04702397435903549,0.6160349249839783
000902_jpg.rf.f1be11af53a854bf0f07539ef71bfab7.jpg,1,0.5219520926475525,0.21627792716026306,0.012053599581122398,0.0452265739440918,0.5680530071258545
000902_jpg.rf.f1be11af53a854bf0f07539ef71bfab7.jpg,1,0.7170975208282471,0.00432110670953989,0.027810683473944664,0.00864221341907978,0.005066524725407362
000902_jpg.rf.f1be11af53a854bf0f07539ef71bfab7.jpg,3,0.760352373123169,0.00664876401424408,0.06516742706298828,0.01329752802848816,0.003915476147085428
000902_jpg.rf.f1be11af53a854bf0f07539ef71bfab7.jpg,8,0.7505788207054138,0.008161856792867184,0.08581007272005081,0.01610710844397545,0.0030187026131898165
000902_jpg.rf.f1be11af53a854bf0f07539ef71bfab7.jpg,9,0.6186348795890808,0.26641401648521423,0.011412253603339195,0.030125727877020836,0.0020569455809891224
000902_jpg.rf.f1be11af53a854bf0f07539ef71bfab7.jpg,1,0.6031271815299988,0.0034812865778803825,0.01902272179722786,0.006962573155760765,0.0012757264776155353
000902_jpg.rf.f1be11af53a854bf0f07539ef71bfab7.jpg,9,0.011426999233663082,0.7011110782623291,0.022853998467326164,0.16797110438346863,0.0012339536333456635
000902_jpg.rf.f1be11af53a854bf0f07539ef71bfab7.jpg,13,0.6340456008911133,0.4503783583641052,0.01852402277290821,0.023292137309908867,0.001152626471593976
000908_JPG_jpg.rf.d4876c6a6657b36ba6b1c1626df8123d.jpg,0,0.19825004041194916,0.15946653485298157,0.1022448018193245,0.06049279868602753,0.7354077100753784
000908_JPG_jpg.rf.d4876c6a6657b36ba6b1c1626df8123d.jpg,1,0.00714137451723218,0.4473339915275574,0.013175476342439651,0.039351463317871094,0.01860978826880455
000908_JPG_jpg.rf.d4876c6a6657b36ba6b1c1626df8123d.jpg,1,0.25716084241867065,0.26965174078941345,0.05897756665945053,0.12082527577877045,0.006231636740267277
000908_JPG_jpg.rf.d4876c6a6657b36ba6b1c1626df8123d.jpg,1,0.00966447964310646,0.46847718954086304,0.018895024433732033,0.1931348592042923,0.005023515783250332
000908_JPG_jpg.rf.d4876c6a6657b36ba6b1c1626df8123d.jpg,1,0.9878306984901428,0.02889794111251831,0.024198751896619797,0.05528399720788002,0.0031155503820627928
000908_JPG_jpg.rf.d4876c6a6657b36ba6b1c1626df8123d.jpg,1,0.009089093655347824,0.45450446009635925,0.017207961529493332,0.13283520936965942,0.0023883371613919735
000908_JPG_jpg.rf.d4876c6a6657b36ba6b1c1626df8123d.jpg,1,0.7453963756561279,0.45358341932296753,0.025832029059529305,0.07750628888607025,0.0013452491257339716
000908_JPG_jpg.rf.d4876c6a6657b36ba6b1c1626df8123d.jpg,8,0.9864826202392578,0.09111544489860535,0.027034759521484375,0.04156706482172012,0.001048511709086597
000922_JPG_jpg.rf.143f5b1a97d934ec4a71114055fa5a0b.jpg,0,0.533911406993866,0.1521361619234085,0.25814610719680786,0.09103551506996155,0.8745163083076477
000922_JPG_jpg.rf.143f5b1a97d934ec4a71114055fa5a0b.jpg,0,0.6210566163063049,0.7341994047164917,0.055860813707113266,0.023985862731933594,0.29395243525505066
000922_JPG_jpg.rf.143f5b1a97d934ec4a71114055fa5a0b.jpg,0,0.6076897382736206,0.683499276638031,0.023623062297701836,0.018212905153632164,0.11989318579435349
000922_JPG_jpg.rf.143f5b1a97d934ec4a71114055fa5a0b.jpg,0,0.5993502736091614,0.6831144094467163,0.037403106689453125,0.016885170713067055,0.05366803705692291
000922_JPG_jpg.rf.143f5b1a97d934ec4a71114055fa5a0b.jpg,0,0.6071064472198486,0.6870623230934143,0.023424001410603523,0.020531874150037766,0.024324439465999603
000922_JPG_jpg.rf.143f5b1a97d934ec4a71114055fa5a0b.jpg,0,0.5958603620529175,0.6907294988632202,0.03296881541609764,0.019594192504882812,0.004474125802516937
000922_JPG_jpg.rf.143f5b1a97d934ec4a71114055fa5a0b.jpg,0,0.6218496561050415,0.7313610911369324,0.05709303170442581,0.033359088003635406,0.004291847813874483
000922_JPG_jpg.rf.143f5b1a97d934ec4a71114055fa5a0b.jpg,0,0.6077113747596741,0.680701494216919,0.02700336091220379,0.028316717594861984,0.003866421990096569
000922_JPG_jpg.rf.143f5b1a97d934ec4a71114055fa5a0b.jpg,1,0.7355484366416931,0.26361241936683655,0.03813684731721878,0.06826218962669373,0.0034752385690808296
000922_JPG_jpg.rf.143f5b1a97d934ec4a71114055fa5a0b.jpg,0,0.6003994941711426,0.7053390145301819,0.021650901064276695,0.015044212341308594,0.0033848879393190145
000922_JPG_jpg.rf.143f5b1a97d934ec4a71114055fa5a0b.jpg,1,0.7262601256370544,0.26720908284187317,0.02722952887415886,0.06514903157949448,0.0033550902735441923
000922_JPG_jpg.rf.143f5b1a97d934ec4a71114055fa5a0b.jpg,1,0.9154723882675171,0.01565646193921566,0.16905520856380463,0.031240999698638916,0.0028724567964673042
000922_JPG_jpg.rf.143f5b1a97d934ec4a71114055fa5a0b.jpg,0,0.6236846446990967,0.742771565914154,0.053772926330566406,0.042377252131700516,0.0027470288332551718
000922_JPG_jpg.rf.143f5b1a97d934ec4a71114055fa5a0b.jpg,0,0.5871601700782776,0.6839694976806641,0.03866690769791603,0.01605004444718361,0.002051685471087694
000922_JPG_jpg.rf.143f5b1a97d934ec4a71114055fa5a0b.jpg,1,0.7220430970191956,0.2678024172782898,0.0239105224609375,0.05177765712141991,0.001843197038397193
000922_JPG_jpg.rf.143f5b1a97d934ec4a71114055fa5a0b.jpg,1,0.7285319566726685,0.26747119426727295,0.03050950914621353,0.04875984415411949,0.001538112061098218
000922_JPG_jpg.rf.143f5b1a97d934ec4a71114055fa5a0b.jpg,1,0.731989860534668,0.2738743722438812,0.03671968728303909,0.03649080544710159,0.0014684587949886918
000923_JPG_jpg.rf.f4e893778e08329a2b43abaef002f29e.jpg,0,0.3092873990535736,0.2504069209098816,0.07924250513315201,0.047789059579372406,0.7689028382301331
000923_JPG_jpg.rf.f4e893778e08329a2b43abaef002f29e.jpg,1,0.0374717190861702,0.005535587668418884,0.0345529280602932,0.011071175336837769,0.0017493829363957047
000923_JPG_jpg.rf.f4e893778e08329a2b43abaef002f29e.jpg,1,0.49230754375457764,0.6512507200241089,0.01945209503173828,0.046611931174993515,0.0017252907855436206
000923_JPG_jpg.rf.f4e893778e08329a2b43abaef002f29e.jpg,1,0.0283559188246727,0.005534900352358818,0.023852329701185226,0.010845859535038471,0.0011881528189405799
000934_JPG_jpg.rf.81031f117e2b4ac8b19c0cbe3bdd1d99.jpg,0,0.3903113007545471,0.16214917600154877,0.12148838490247726,0.06113420054316521,0.8392760753631592
000934_JPG_jpg.rf.81031f117e2b4ac8b19c0cbe3bdd1d99.jpg,0,0.62300705909729,0.4829995036125183,0.04153387248516083,0.023738861083984375,0.7940319776535034
000934_JPG_jpg.rf.81031f117e2b4ac8b19c0cbe3bdd1d99.jpg,1,0.005347168073058128,0.5987929105758667,0.010012292303144932,0.030167946591973305,0.013809955678880215
000934_JPG_jpg.rf.81031f117e2b4ac8b19c0cbe3bdd1d99.jpg,0,0.6240952610969543,0.4808530807495117,0.047017648816108704,0.03117227554321289,0.00468928087502718
000934_JPG_jpg.rf.81031f117e2b4ac8b19c0cbe3bdd1d99.jpg,0,0.6990624666213989,0.4022805988788605,0.08688317984342575,0.06719761341810226,0.0023422709200531244
000934_JPG_jpg.rf.81031f117e2b4ac8b19c0cbe3bdd1d99.jpg,13,0.12269267439842224,0.8326588273048401,0.01524133887141943,0.019850511103868484,0.0015675992472097278
000934_JPG_jpg.rf.81031f117e2b4ac8b19c0cbe3bdd1d99.jpg,0,0.6226195096969604,0.4972359538078308,0.043304443359375,0.05692041665315628,0.0012145541841164231
000934_JPG_jpg.rf.81031f117e2b4ac8b19c0cbe3bdd1d99.jpg,0,0.7129108905792236,0.4008369445800781,0.07210210710763931,0.05808228626847267,0.0011615537805482745
000935_jpg.rf.a73778e8e15369b4706431ac25671fb4.jpg,0,0.5053507089614868,0.31115561723709106,0.011967768892645836,0.04008927568793297,0.6959919333457947
000935_jpg.rf.a73778e8e15369b4706431ac25671fb4.jpg,0,0.5284404158592224,0.30770713090896606,0.014170756563544273,0.04868173599243164,0.4421063959598541
000935_jpg.rf.a73778e8e15369b4706431ac25671fb4.jpg,0,0.5304049253463745,0.3142406642436981,0.017504986375570297,0.03789714723825455,0.07841819524765015
000935_jpg.rf.a73778e8e15369b4706431ac25671fb4.jpg,0,0.5086295008659363,0.3091756999492645,0.014605741947889328,0.049654778093099594,0.07085960358381271
000935_jpg.rf.a73778e8e15369b4706431ac25671fb4.jpg,14,0.9760157465934753,0.2675538957118988,0.04796849936246872,0.07861100882291794,0.06835101544857025
000935_jpg.rf.a73778e8e15369b4706431ac25671fb4.jpg,0,0.5287164449691772,0.30957844853401184,0.02102147601544857,0.05106212571263313,0.052288103848695755
000935_jpg.rf.a73778e8e15369b4706431ac25671fb4.jpg,5,0.9762134552001953,0.26548701524734497,0.047573089599609375,0.08127764612436295,0.03653722628951073
000935_jpg.rf.a73778e8e15369b4706431ac25671fb4.jpg,0,0.5235999822616577,0.3156238794326782,0.033061981201171875,0.0378204844892025,0.019728800281882286
000935_jpg.rf.a73778e8e15369b4706431ac25671fb4.jpg,0,0.47950923442840576,0.3170356750488281,0.013748462311923504,0.010751650668680668,0.007591375149786472
000935_jpg.rf.a73778e8e15369b4706431ac25671fb4.jpg,0,0.5254617929458618,0.31448715925216675,0.025456905364990234,0.03260612487792969,0.006108483765274286
000935_jpg.rf.a73778e8e15369b4706431ac25671fb4.jpg,0,0.5517352223396301,0.06998755037784576,0.019646167755126953,0.03867208585143089,0.005329871084541082
000935_jpg.rf.a73778e8e15369b4706431ac25671fb4.jpg,5,0.9858958721160889,0.2655832767486572,0.02820814587175846,0.08255977183580399,0.005209503695368767
000935_jpg.rf.a73778e8e15369b4706431ac25671fb4.jpg,0,0.4982803165912628,0.31695863604545593,0.01745682582259178,0.023714469745755196,0.004546832758933306
000935_jpg.rf.a73778e8e15369b4706431ac25671fb4.jpg,0,0.525313138961792,0.3113977015018463,0.019982997328042984,0.041137583553791046,0.003931967541575432
000935_jpg.rf.a73778e8e15369b4706431ac25671fb4.jpg,0,0.0051571461372077465,0.4418410658836365,0.010314292274415493,0.03885823115706444,0.0034546987153589725
000935_jpg.rf.a73778e8e15369b4706431ac25671fb4.jpg,0,0.009497168473899364,0.4563506841659546,0.01899433694779873,0.06422483175992966,0.0020910953171551228
000935_jpg.rf.a73778e8e15369b4706431ac25671fb4.jpg,0,0.5263532996177673,0.32947254180908203,0.028221312910318375,0.05030670389533043,0.001774367643520236
000935_jpg.rf.a73778e8e15369b4706431ac25671fb4.jpg,0,0.5301151871681213,0.32679715752601624,0.021445823833346367,0.054582320153713226,0.0015438793925568461
000935_jpg.rf.a73778e8e15369b4706431ac25671fb4.jpg,0,0.7741550207138062,0.00889759510755539,0.22418168187141418,0.01779519021511078,0.001422203960828483
000935_jpg.rf.a73778e8e15369b4706431ac25671fb4.jpg,8,0.5901591777801514,0.07212189584970474,0.03463609516620636,0.060250118374824524,0.0012599779292941093
000936_jpg.rf.66c50dea6603f9ecc83f8b79c88a2f54.jpg,1,0.5930100083351135,0.958734393119812,0.021827111020684242,0.07484722137451172,0.7258636951446533
000936_jpg.rf.66c50dea6603f9ecc83f8b79c88a2f54.jpg,1,0.6339496970176697,0.9559149146080017,0.020494094118475914,0.07118166238069534,0.7052056789398193
000936_jpg.rf.66c50dea6603f9ecc83f8b79c88a2f54.jpg,8,0.6586714386940002,0.949040949344635,0.023967375978827477,0.0521015003323555,0.2021019607782364
000936_jpg.rf.66c50dea6603f9ecc83f8b79c88a2f54.jpg,8,0.6145228147506714,0.9537988901138306,0.02028663270175457,0.054838988929986954,0.08552725613117218
000936_jpg.rf.66c50dea6603f9ecc83f8b79c88a2f54.jpg,8,0.6085268259048462,0.9554348587989807,0.01945026032626629,0.06214405968785286,0.022900165989995003
000936_jpg.rf.66c50dea6603f9ecc83f8b79c88a2f54.jpg,0,0.5034035444259644,0.49953529238700867,0.9931929111480713,0.9990705847740173,0.018678175285458565
000936_jpg.rf.66c50dea6603f9ecc83f8b79c88a2f54.jpg,8,0.6042283773422241,0.9580765962600708,0.02394973300397396,0.07268678396940231,0.016735002398490906
000936_jpg.rf.66c50dea6603f9ecc83f8b79c88a2f54.jpg,0,0.7978211641311646,0.8301512002944946,0.022217310965061188,0.015508284792304039,0.003300608368590474
000936_jpg.rf.66c50dea6603f9ecc83f8b79c88a2f54.jpg,5,0.05375661700963974,0.7245396971702576,0.029109405353665352,0.02901172637939453,0.0029504995327442884
000936_jpg.rf.66c50dea6603f9ecc83f8b79c88a2f54.jpg,0,0.3552348017692566,0.798900306224823,0.022482799366116524,0.015377485193312168,0.002493013394996524
000936_jpg.rf.66c50dea6603f9ecc83f8b79c88a2f54.jpg,8,0.021540574729442596,0.9137579202651978,0.041835494339466095,0.05093229562044144,0.0018766408320516348
000936_jpg.rf.66c50dea6603f9ecc83f8b79c88a2f54.jpg,0,0.42783626914024353,0.962085485458374,0.01958828791975975,0.014644622802734375,0.001847288804128766
000936_jpg.rf.66c50dea6603f9ecc83f8b79c88a2f54.jpg,8,0.06952022761106491,0.8178784251213074,0.13858257234096527,0.3609548807144165,0.001844268525019288
000936_jpg.rf.66c50dea6603f9ecc83f8b79c88a2f54.jpg,0,0.7036349177360535,0.7663832306861877,0.02247575670480728,0.014145264402031898,0.0016191648319363594
000936_jpg.rf.66c50dea6603f9ecc83f8b79c88a2f54.jpg,0,0.6582888960838318,0.9494636058807373,0.024326177313923836,0.052323561161756516,0.0015648595290258527
000936_jpg.rf.66c50dea6603f9ecc83f8b79c88a2f54.jpg,5,0.05866679921746254,0.7222083210945129,0.03806876763701439,0.03328132629394531,0.0011733057908713818
000938_JPG_jpg.rf.bf51e9c0b4a1d133c3e73bf56c2d2062.jpg,0,0.3620850443840027,0.1932576596736908,0.1190311536192894,0.06607691943645477,0.8585898280143738
000938_JPG_jpg.rf.bf51e9c0b4a1d133c3e73bf56c2d2062.jpg,1,0.3020210564136505,0.4236781895160675,0.009216987527906895,0.010048682801425457,0.010274956934154034
000938_JPG_jpg.rf.bf51e9c0b4a1d133c3e73bf56c2d2062.jpg,1,0.30229079723358154,0.42634275555610657,0.008753024972975254,0.009929473511874676,0.009205803275108337
000938_JPG_jpg.rf.bf51e9c0b4a1d133c3e73bf56c2d2062.jpg,1,0.5326093435287476,0.5312395691871643,0.01431787945330143,0.017217708751559258,0.0013184386771172285
000941_JPG_jpg.rf.9afc696caf8c7db27bf2134dd5660a27.jpg,0,0.36818206310272217,0.1805083155632019,0.10346346348524094,0.05738496035337448,0.8590770363807678
000941_JPG_jpg.rf.9afc696caf8c7db27bf2134dd5660a27.jpg,0,0.1945265680551529,0.31692618131637573,0.07010806351900101,0.039249714463949203,0.7894338965415955
000941_JPG_jpg.rf.9afc696caf8c7db27bf2134dd5660a27.jpg,1,0.6245750784873962,0.5135905742645264,0.014231681823730469,0.04951627552509308,0.008183043450117111
000941_JPG_jpg.rf.9afc696caf8c7db27bf2134dd5660a27.jpg,1,0.21466347575187683,0.017365965992212296,0.03711694851517677,0.034568313509225845,0.0017671316163614392
000944_JPG_jpg.rf.a0b81118199b4d11ccb859c15d0cb1f6.jpg,0,0.29109567403793335,0.10274608433246613,0.1544659435749054,0.07346706092357635,0.8559122681617737
000944_JPG_jpg.rf.a0b81118199b4d11ccb859c15d0cb1f6.jpg,0,0.4490813612937927,0.38264429569244385,0.0808769017457962,0.03702600300312042,0.8336397409439087
000944_JPG_jpg.rf.a0b81118199b4d11ccb859c15d0cb1f6.jpg,0,0.6488369703292847,0.5235181450843811,0.02991221472620964,0.022497177124023438,0.4754078686237335
000944_JPG_jpg.rf.a0b81118199b4d11ccb859c15d0cb1f6.jpg,0,0.48572027683258057,0.4430473744869232,0.09181730449199677,0.03132952004671097,0.4566175639629364
000944_JPG_jpg.rf.a0b81118199b4d11ccb859c15d0cb1f6.jpg,0,0.6411216259002686,0.523626983165741,0.047036316245794296,0.023876409977674484,0.1100342869758606
000944_JPG_jpg.rf.a0b81118199b4d11ccb859c15d0cb1f6.jpg,0,0.6512624025344849,0.5155290365219116,0.02610301971435547,0.04445475712418556,0.09400565177202225
000944_JPG_jpg.rf.a0b81118199b4d11ccb859c15d0cb1f6.jpg,0,0.6468969583511353,0.5221642255783081,0.035017967224121094,0.0302883293479681,0.06903823465108871
000944_JPG_jpg.rf.a0b81118199b4d11ccb859c15d0cb1f6.jpg,0,0.5056157112121582,0.4420713186264038,0.049503691494464874,0.025441940873861313,0.0576544813811779
000944_JPG_jpg.rf.a0b81118199b4d11ccb859c15d0cb1f6.jpg,1,0.3268280625343323,0.2296305000782013,0.02433384396135807,0.013274871744215488,0.01104331947863102
000944_JPG_jpg.rf.a0b81118199b4d11ccb859c15d0cb1f6.jpg,1,0.6344404220581055,0.5260327458381653,0.046270702034235,0.01729869842529297,0.007382659241557121
000944_JPG_jpg.rf.a0b81118199b4d11ccb859c15d0cb1f6.jpg,0,0.6516079306602478,0.47135427594184875,0.02439337596297264,0.12885838747024536,0.0042370581068098545
000944_JPG_jpg.rf.a0b81118199b4d11ccb859c15d0cb1f6.jpg,1,0.029425237327814102,0.10487982630729675,0.05522956699132919,0.024772461503744125,0.003167223883792758
000944_JPG_jpg.rf.a0b81118199b4d11ccb859c15d0cb1f6.jpg,0,0.6491523385047913,0.5330235958099365,0.03269481658935547,0.04464149475097656,0.0023340031038969755
000944_JPG_jpg.rf.a0b81118199b4d11ccb859c15d0cb1f6.jpg,1,0.3419949412345886,0.37760573625564575,0.017327602952718735,0.00894308090209961,0.0017122949939221144
000944_JPG_jpg.rf.a0b81118199b4d11ccb859c15d0cb1f6.jpg,1,0.37000173330307007,0.37631723284721375,0.014158248901367188,0.011288313195109367,0.0014501666883006692
000944_JPG_jpg.rf.a0b81118199b4d11ccb859c15d0cb1f6.jpg,0,0.5129575133323669,0.44211000204086304,0.03726331889629364,0.024105843156576157,0.0014375958126038313
000944_JPG_jpg.rf.a0b81118199b4d11ccb859c15d0cb1f6.jpg,1,0.5145299434661865,0.5348184108734131,0.011078651063144207,0.016508212313055992,0.0013439577305689454
000944_JPG_jpg.rf.a0b81118199b4d11ccb859c15d0cb1f6.jpg,1,0.07966920733451843,0.25459176301956177,0.010915742255747318,0.016006670892238617,0.0013336639385670424
000944_JPG_jpg.rf.a0b81118199b4d11ccb859c15d0cb1f6.jpg,0,0.7157919406890869,0.5907546877861023,0.01967606134712696,0.008269896730780602,0.0011631109518930316
000944_JPG_jpg.rf.a0b81118199b4d11ccb859c15d0cb1f6.jpg,0,0.6426897644996643,0.46251803636550903,0.0440995879471302,0.14780370891094208,0.0010522803058847785
000945_JPG_jpg.rf.ad79e318355923e68a10f1678fe9b6bf.jpg,0,0.22983631491661072,0.1332627236843109,0.3052101731300354,0.12116996943950653,0.9048668742179871
000945_JPG_jpg.rf.ad79e318355923e68a10f1678fe9b6bf.jpg,0,0.5286216139793396,0.6063973307609558,0.14810441434383392,0.06050550192594528,0.8148605227470398
000945_JPG_jpg.rf.ad79e318355923e68a10f1678fe9b6bf.jpg,0,0.9010857939720154,0.8531186580657959,0.10894738882780075,0.03244840353727341,0.5913015604019165
000945_JPG_jpg.rf.ad79e318355923e68a10f1678fe9b6bf.jpg,0,0.9284086227416992,0.8500263690948486,0.04645024985074997,0.030303148552775383,0.2362968474626541
000945_JPG_jpg.rf.ad79e318355923e68a10f1678fe9b6bf.jpg,0,0.9155503511428833,0.8494877219200134,0.07385789602994919,0.030679702758789062,0.11982230097055435
000945_JPG_jpg.rf.ad79e318355923e68a10f1678fe9b6bf.jpg,0,0.6001490354537964,0.7133426666259766,0.13108612596988678,0.042937058955430984,0.024506380781531334
000945_JPG_jpg.rf.ad79e318355923e68a10f1678fe9b6bf.jpg,1,0.7510983943939209,0.6205451488494873,0.025403976440429688,0.015490238554775715,0.001978721236810088
000946_jpg.rf.18bf1b977f56cc49545942b86ac7c739.jpg,0,0.5201376676559448,0.8462485074996948,0.03816736489534378,0.11125058680772781,0.744394838809967
000946_jpg.rf.18bf1b977f56cc49545942b86ac7c739.jpg,0,0.07361031323671341,0.8774104714393616,0.027247438207268715,0.10124287009239197,0.7369510531425476
000946_jpg.rf.18bf1b977f56cc49545942b86ac7c739.jpg,1,0.575943112373352,0.8449642658233643,0.03505857288837433,0.07007253915071487,0.01204594038426876
000946_jpg.rf.18bf1b977f56cc49545942b86ac7c739.jpg,9,0.5763688683509827,0.845970869064331,0.03374569118022919,0.072028748691082,0.005519289057701826
000946_jpg.rf.18bf1b977f56cc49545942b86ac7c739.jpg,0,0.7150648832321167,0.011318745091557503,0.35898080468177795,0.022637490183115005,0.005237238947302103
000946_jpg.rf.18bf1b977f56cc49545942b86ac7c739.jpg,0,0.6858935952186584,0.014282450079917908,0.36678898334503174,0.028564900159835815,0.004177853465080261
000946_jpg.rf.18bf1b977f56cc49545942b86ac7c739.jpg,0,0.5466318130493164,0.8464516997337341,0.03395157679915428,0.10690153390169144,0.0028215243946760893
000946_jpg.rf.18bf1b977f56cc49545942b86ac7c739.jpg,0,0.5773859620094299,0.8465563058853149,0.03057021275162697,0.07734379172325134,0.0018334027845412493
000946_jpg.rf.18bf1b977f56cc49545942b86ac7c739.jpg,7,0.576006293296814,0.8461713194847107,0.033504121005535126,0.070655457675457,0.0014827202539891005
000946_jpg.rf.18bf1b977f56cc49545942b86ac7c739.jpg,0,0.6840544939041138,0.005378381349146366,0.2108503133058548,0.010756762698292732,0.0011446200078353286
000946_JPG_jpg.rf.d747fd05b21ff8ac85c05629986ae344.jpg,9,0.0621364489197731,0.18310952186584473,0.06644105911254883,0.07424362748861313,0.8309726119041443
000946_JPG_jpg.rf.d747fd05b21ff8ac85c05629986ae344.jpg,0,0.3992167115211487,0.22218161821365356,0.10943548381328583,0.052988145500421524,0.7896507382392883
000946_JPG_jpg.rf.d747fd05b21ff8ac85c05629986ae344.jpg,12,0.0630565732717514,0.1837635189294815,0.06626314669847488,0.0733262151479721,0.2599199116230011
000946_JPG_jpg.rf.d747fd05b21ff8ac85c05629986ae344.jpg,11,0.06199544668197632,0.1826634705066681,0.0659714937210083,0.07381546497344971,0.012292522005736828
000946_JPG_jpg.rf.d747fd05b21ff8ac85c05629986ae344.jpg,0,0.40925031900405884,0.5093650221824646,0.03136271610856056,0.01752549037337303,0.004693788010627031
000946_JPG_jpg.rf.d747fd05b21ff8ac85c05629986ae344.jpg,0,0.4192948341369629,0.45202234387397766,0.011434555053710938,0.008599171414971352,0.002795817330479622
000946_JPG_jpg.rf.d747fd05b21ff8ac85c05629986ae344.jpg,1,0.38289210200309753,0.35324975848197937,0.009315087459981441,0.007425711490213871,0.0014907666482031345
000946_JPG_jpg.rf.d747fd05b21ff8ac85c05629986ae344.jpg,13,0.32181745767593384,0.6746384501457214,0.011701840907335281,0.015289306640625,0.0014582873554900289
000946_JPG_jpg.rf.d747fd05b21ff8ac85c05629986ae344.jpg,0,0.3047873377799988,0.3532174825668335,0.009600548073649406,0.008484804071485996,0.001169706927612424
000949_JPG_jpg.rf.dffe53a303ce089bd4001a13de0cc7bd.jpg,0,0.2815028727054596,0.13329848647117615,0.3452828526496887,0.13943146169185638,0.9957721829414368
000949_JPG_jpg.rf.dffe53a303ce089bd4001a13de0cc7bd.jpg,0,0.5338259935379028,0.11440669745206833,0.8258218765258789,0.22506435215473175,0.3866996765136719
000949_JPG_jpg.rf.dffe53a303ce089bd4001a13de0cc7bd.jpg,0,0.5916691422462463,0.18222475051879883,0.8036054372787476,0.36444950103759766,0.35088789463043213
000949_JPG_jpg.rf.dffe53a303ce089bd4001a13de0cc7bd.jpg,0,0.5896392464637756,0.26543888449668884,0.8026648759841919,0.5308777689933777,0.13219043612480164
000949_JPG_jpg.rf.dffe53a303ce089bd4001a13de0cc7bd.jpg,0,0.48506009578704834,0.0808044970035553,0.8588535785675049,0.1616089940071106,0.05841008573770523
000949_JPG_jpg.rf.dffe53a303ce089bd4001a13de0cc7bd.jpg,0,0.42842036485671997,0.11359130591154099,0.6824638843536377,0.1807730346918106,0.05325924605131149
000949_JPG_jpg.rf.dffe53a303ce089bd4001a13de0cc7bd.jpg,1,0.2758001685142517,0.6711350679397583,0.016335487365722656,0.009546353481709957,0.018630696460604668
000949_JPG_jpg.rf.dffe53a303ce089bd4001a13de0cc7bd.jpg,1,0.17081692814826965,0.6718281507492065,0.016599783673882484,0.010228083468973637,0.01850220188498497
000949_JPG_jpg.rf.dffe53a303ce089bd4001a13de0cc7bd.jpg,0,0.28066158294677734,0.10108913481235504,0.36860084533691406,0.20217826962471008,0.014721308834850788
000949_JPG_jpg.rf.dffe53a303ce089bd4001a13de0cc7bd.jpg,0,0.5316145420074463,0.3908407390117645,0.8334067463874817,0.781681478023529,0.008453325368463993
000949_JPG_jpg.rf.dffe53a303ce089bd4001a13de0cc7bd.jpg,0,0.6110042333602905,0.08678936958312988,0.7707912921905518,0.17357873916625977,0.005387921817600727
000949_JPG_jpg.rf.dffe53a303ce089bd4001a13de0cc7bd.jpg,10,0.2217879593372345,0.654852032661438,0.031644877046346664,0.04483743757009506,0.0028468514792621136
000949_JPG_jpg.rf.dffe53a303ce089bd4001a13de0cc7bd.jpg,9,0.22181716561317444,0.6511639952659607,0.03165954723954201,0.05108606070280075,0.0014684308553114533
000954_JPG_jpg.rf.2633035aaeb19e6f2005bf2f8f5d3ebd.jpg,0,0.47584789991378784,0.2494507133960724,0.12683223187923431,0.06575945764780045,0.8433836698532104
000954_JPG_jpg.rf.2633035aaeb19e6f2005bf2f8f5d3ebd.jpg,0,0.4071422815322876,0.5891841053962708,0.0203238632529974,0.017262862995266914,0.38601621985435486
000954_JPG_jpg.rf.2633035aaeb19e6f2005bf2f8f5d3ebd.jpg,0,0.40806645154953003,0.5878233909606934,0.024351559579372406,0.021477332338690758,0.05519045889377594
000954_JPG_jpg.rf.2633035aaeb19e6f2005bf2f8f5d3ebd.jpg,0,0.40295347571372986,0.5881275534629822,0.03098810650408268,0.020962458103895187,0.02509084902703762
000954_JPG_jpg.rf.2633035aaeb19e6f2005bf2f8f5d3ebd.jpg,1,0.1193280965089798,0.708196759223938,0.08792643249034882,0.04682350158691406,0.01917152851819992
000954_JPG_jpg.rf.2633035aaeb19e6f2005bf2f8f5d3ebd.jpg,1,0.15210340917110443,0.16743819415569305,0.01501370407640934,0.012119843624532223,0.01812213659286499
000954_JPG_jpg.rf.2633035aaeb19e6f2005bf2f8f5d3ebd.jpg,0,0.37216219305992126,0.6163766384124756,0.03386776149272919,0.024913016706705093,0.014842159114778042
000954_JPG_jpg.rf.2633035aaeb19e6f2005bf2f8f5d3ebd.jpg,1,0.9251829385757446,0.01660475879907608,0.1489323079586029,0.03320951759815216,0.011459222063422203
000954_JPG_jpg.rf.2633035aaeb19e6f2005bf2f8f5d3ebd.jpg,1,0.10624747723340988,0.7073673009872437,0.11771634221076965,0.050396110862493515,0.0075396765023469925
000954_JPG_jpg.rf.2633035aaeb19e6f2005bf2f8f5d3ebd.jpg,10,0.3678150773048401,0.5875588655471802,0.01338338851928711,0.01792537234723568,0.005048498045653105
000954_JPG_jpg.rf.2633035aaeb19e6f2005bf2f8f5d3ebd.jpg,0,0.9666438698768616,0.13218343257904053,0.06384167075157166,0.03406510129570961,0.0028185315895825624
000954_JPG_jpg.rf.2633035aaeb19e6f2005bf2f8f5d3ebd.jpg,0,0.40488845109939575,0.5836762189865112,0.0203363336622715,0.03520356863737106,0.0021218936890363693
000954_JPG_jpg.rf.2633035aaeb19e6f2005bf2f8f5d3ebd.jpg,0,0.36499103903770447,0.6164906620979309,0.03725290298461914,0.029133614152669907,0.001227142638526857
000954_JPG_jpg.rf.2633035aaeb19e6f2005bf2f8f5d3ebd.jpg,0,0.9724724292755127,0.12789808213710785,0.05010377615690231,0.03525538742542267,0.0011979932896792889
000954_JPG_jpg.rf.2633035aaeb19e6f2005bf2f8f5d3ebd.jpg,0,0.9631977081298828,0.12984158098697662,0.0516645722091198,0.04252846539020538,0.0010861465707421303
000959_jpg.rf.5bf1b1614cead2ae3ed908c0373143c1.jpg,0,0.5193312764167786,0.2884812355041504,0.0130765987560153,0.04628144949674606,0.7903024554252625
000959_jpg.rf.5bf1b1614cead2ae3ed908c0373143c1.jpg,0,0.387484073638916,0.29735440015792847,0.016542067751288414,0.05348803475499153,0.5501570105552673
000959_jpg.rf.5bf1b1614cead2ae3ed908c0373143c1.jpg,9,0.5594373345375061,0.32958316802978516,0.019891958683729172,0.05260971933603287,0.005692844744771719
000959_jpg.rf.5bf1b1614cead2ae3ed908c0373143c1.jpg,0,0.5602939128875732,0.3301202356815338,0.014676387421786785,0.04981306940317154,0.00473878625780344
000959_jpg.rf.5bf1b1614cead2ae3ed908c0373143c1.jpg,1,0.4220595061779022,0.011376440525054932,0.02974792569875717,0.022721312940120697,0.0042563388124108315
000959_jpg.rf.5bf1b1614cead2ae3ed908c0373143c1.jpg,0,0.4773596525192261,0.38439786434173584,0.009006500244140625,0.017227759584784508,0.003363687312230468
000959_jpg.rf.5bf1b1614cead2ae3ed908c0373143c1.jpg,0,0.5237991213798523,0.2898821234703064,0.01910686492919922,0.04509381204843521,0.001824930775910616
000959_jpg.rf.5bf1b1614cead2ae3ed908c0373143c1.jpg,0,0.477470725774765,0.30029287934303284,0.914438784122467,0.6005857586860657,0.001618908834643662
000961_jpg.rf.805df5d6f453caa3c1fa8a87893ec991.jpg,0,0.43639057874679565,0.2653052508831024,0.017079133540391922,0.0588705912232399,0.8531543016433716
000961_jpg.rf.805df5d6f453caa3c1fa8a87893ec991.jpg,0,0.5295037031173706,0.2617945969104767,0.015930762514472008,0.05476894602179527,0.8078893423080444
000961_jpg.rf.805df5d6f453caa3c1fa8a87893ec991.jpg,9,0.3951444625854492,0.3264979124069214,0.01718825474381447,0.04045477136969566,0.11592696607112885
000961_jpg.rf.805df5d6f453caa3c1fa8a87893ec991.jpg,14,0.603430986404419,0.5817519426345825,0.06268486380577087,0.08044679462909698,0.03727994114160538
000961_jpg.rf.805df5d6f453caa3c1fa8a87893ec991.jpg,1,0.9890859127044678,0.05554287135601044,0.021233338862657547,0.11108574271202087,0.02070779539644718
000961_jpg.rf.805df5d6f453caa3c1fa8a87893ec991.jpg,1,0.9896106719970703,0.041602082550525665,0.020778656005859375,0.08320416510105133,0.003661836264654994
000961_jpg.rf.805df5d6f453caa3c1fa8a87893ec991.jpg,0,0.5411133766174316,0.2662614583969116,0.012183189392089844,0.0425507090985775,0.0018621580675244331
000961_jpg.rf.805df5d6f453caa3c1fa8a87893ec991.jpg,9,0.38792064785957336,0.3275858759880066,0.015630794689059258,0.04127291589975357,0.0015802041161805391
000966_JPG_jpg.rf.87fa55fbebc4989000b890b88765c712.jpg,0,0.26338884234428406,0.12530428171157837,0.09270314127206802,0.051797058433294296,0.86720210313797
000966_JPG_jpg.rf.87fa55fbebc4989000b890b88765c712.jpg,1,0.8807735443115234,0.005102456547319889,0.052122849971055984,0.010204913094639778,0.004423302132636309
000966_JPG_jpg.rf.87fa55fbebc4989000b890b88765c712.jpg,1,0.7419410347938538,0.44787681102752686,0.03559046611189842,0.057087309658527374,0.002201052149757743
000966_JPG_jpg.rf.87fa55fbebc4989000b890b88765c712.jpg,5,0.057447515428066254,0.7488247752189636,0.11489503085613251,0.25605833530426025,0.0010741578880697489
000966_JPG_jpg.rf.87fa55fbebc4989000b890b88765c712.jpg,9,0.9593580961227417,0.7973557710647583,0.017551055178046227,0.0804605484008789,0.001057803281582892
000967_jpg.rf.c03a4af67b2c09d534327ef7de40de4c.jpg,1,0.6409648656845093,0.0984087884426117,0.02897423878312111,0.10070186108350754,0.753626823425293
000967_jpg.rf.c03a4af67b2c09d534327ef7de40de4c.jpg,1,0.8081232905387878,0.09057684987783432,0.028529973700642586,0.1017601490020752,0.7190055251121521
000967_jpg.rf.c03a4af67b2c09d534327ef7de40de4c.jpg,0,0.17751304805278778,0.008977393619716167,0.04480994492769241,0.017766913399100304,0.012426336295902729
000967_jpg.rf.c03a4af67b2c09d534327ef7de40de4c.jpg,11,0.7618299722671509,0.7609480619430542,0.05262147635221481,0.08051908761262894,0.01048054825514555
000967_jpg.rf.c03a4af67b2c09d534327ef7de40de4c.jpg,1,0.17618681490421295,0.009305444546043873,0.04550110548734665,0.017908379435539246,0.008770449087023735
000967_jpg.rf.c03a4af67b2c09d534327ef7de40de4c.jpg,9,0.9952147603034973,0.28568658232688904,0.009570415131747723,0.08177261799573898,0.00801131222397089
000967_jpg.rf.c03a4af67b2c09d534327ef7de40de4c.jpg,14,0.2661394476890564,0.7923691868782043,0.04713839665055275,0.08209419250488281,0.0035734842531383038
000967_jpg.rf.c03a4af67b2c09d534327ef7de40de4c.jpg,9,0.2625633776187897,0.677566647529602,0.047030650079250336,0.07949308305978775,0.0026481144595891237
000967_jpg.rf.c03a4af67b2c09d534327ef7de40de4c.jpg,5,0.760393500328064,0.7640253305435181,0.05252779275178909,0.08299409598112106,0.002368275774642825
000967_jpg.rf.c03a4af67b2c09d534327ef7de40de4c.jpg,7,0.9960604906082153,0.28210511803627014,0.007878963835537434,0.07135213166475296,0.001501824939623475
000967_jpg.rf.c03a4af67b2c09d534327ef7de40de4c.jpg,0,0.004119370132684708,0.16976508498191833,0.007570189423859119,0.017520317807793617,0.0010037767933681607
000983_JPG_jpg.rf.435a52389bec50fc37b8d83dc287f3ed.jpg,0,0.5902906060218811,0.05780446529388428,0.2876785099506378,0.09479460120201111,0.862451434135437
000983_JPG_jpg.rf.435a52389bec50fc37b8d83dc287f3ed.jpg,0,0.24892976880073547,0.4251728057861328,0.09818612784147263,0.0323212705552578,0.7782450318336487
000983_JPG_jpg.rf.435a52389bec50fc37b8d83dc287f3ed.jpg,1,0.24457043409347534,0.00568802235648036,0.041364286094903946,0.01137604471296072,0.005215086508542299
000983_JPG_jpg.rf.435a52389bec50fc37b8d83dc287f3ed.jpg,14,0.22207270562648773,0.36019542813301086,0.13580988347530365,0.10854801535606384,0.0019299236591905355
000983_JPG_jpg.rf.435a52389bec50fc37b8d83dc287f3ed.jpg,1,0.18583382666110992,0.008890165016055107,0.08614850044250488,0.017780330032110214,0.0014872326282784343
000985_JPG_jpg.rf.858faffcae4167e233b829d2f744f34f.jpg,0,0.3181227147579193,0.11436030268669128,0.1342247873544693,0.05800476297736168,0.8547902703285217
000985_JPG_jpg.rf.858faffcae4167e233b829d2f744f34f.jpg,1,0.02126406878232956,0.47922274470329285,0.04237934574484825,0.08894975483417511,0.0025388060603290796
000985_JPG_jpg.rf.858faffcae4167e233b829d2f744f34f.jpg,0,0.3553200364112854,0.11032909899950027,0.055438775569200516,0.0483178086578846,0.0024816333316266537
000985_JPG_jpg.rf.858faffcae4167e233b829d2f744f34f.jpg,1,0.23820741474628448,0.006548440083861351,0.03765382990241051,0.013096880167722702,0.0016351818339899182
000985_JPG_jpg.rf.858faffcae4167e233b829d2f744f34f.jpg,0,0.36047422885894775,0.10247402638196945,0.04312951862812042,0.06333673000335693,0.0013810410164296627
000985_JPG_jpg.rf.858faffcae4167e233b829d2f744f34f.jpg,1,0.2398657202720642,0.00921251717954874,0.0428583063185215,0.01842503435909748,0.0012829210609197617
000989_JPG_jpg.rf.190d2ec887677882e3d1c869a542aa26.jpg,0,0.4183189570903778,0.1565505862236023,0.19667240977287292,0.09715329110622406,0.8971428871154785
000989_JPG_jpg.rf.190d2ec887677882e3d1c869a542aa26.jpg,0,0.27117857336997986,0.5827968120574951,0.033947285264730453,0.018208099529147148,0.5302299857139587
000989_JPG_jpg.rf.190d2ec887677882e3d1c869a542aa26.jpg,0,0.27324149012565613,0.5796821117401123,0.03403082117438316,0.027310553938150406,0.04047170653939247
000989_JPG_jpg.rf.190d2ec887677882e3d1c869a542aa26.jpg,0,0.8248934149742126,0.5409632325172424,0.05291806906461716,0.023457344621419907,0.032796185463666916
000989_JPG_jpg.rf.190d2ec887677882e3d1c869a542aa26.jpg,0,0.28582650423049927,0.5827100276947021,0.023725124076008797,0.020292464643716812,0.006930806208401918
000989_JPG_jpg.rf.190d2ec887677882e3d1c869a542aa26.jpg,1,0.29216575622558594,0.5780815482139587,0.018804606050252914,0.029545601457357407,0.0012186563108116388
000994_jpg.rf.a4d87f8cd54a7a19e0081461e279a335.jpg,0,0.45749956369400024,0.8617052435874939,0.036849863827228546,0.13618923723697662,0.732660174369812
000994_jpg.rf.a4d87f8cd54a7a19e0081461e279a335.jpg,0,0.008480502292513847,0.8798006772994995,0.01675199717283249,0.11707166582345963,0.6183772683143616
000994_jpg.rf.a4d87f8cd54a7a19e0081461e279a335.jpg,0,0.008446617051959038,0.9000484943389893,0.016025738790631294,0.07660198211669922,0.4336778521537781
000994_jpg.rf.a4d87f8cd54a7a19e0081461e279a335.jpg,14,0.2422715723514557,0.29103901982307434,0.05816883221268654,0.029956908896565437,0.1442018747329712
000994_jpg.rf.a4d87f8cd54a7a19e0081461e279a335.jpg,14,0.22135117650032043,0.29041796922683716,0.1013193130493164,0.03271970525383949,0.11003617942333221
000994_jpg.rf.a4d87f8cd54a7a19e0081461e279a335.jpg,0,0.49858540296554565,0.9532634019851685,0.019547242671251297,0.01221466064453125,0.034554027020931244
000994_jpg.rf.a4d87f8cd54a7a19e0081461e279a335.jpg,0,0.011386360973119736,0.9089066982269287,0.021283430978655815,0.06919670104980469,0.0043404423631727695
000994_jpg.rf.a4d87f8cd54a7a19e0081461e279a335.jpg,1,0.4908756911754608,0.5701612830162048,0.04413975030183792,0.033867284655570984,0.0026199740823358297
000994_jpg.rf.a4d87f8cd54a7a19e0081461e279a335.jpg,0,0.9919421672821045,0.6260161995887756,0.011918287724256516,0.013568071648478508,0.002147568389773369
000994_jpg.rf.a4d87f8cd54a7a19e0081461e279a335.jpg,0,0.011592558585107327,0.8855749368667603,0.021659664809703827,0.11120627820491791,0.001146469614468515
001000_jpg.rf.55d2c5392c587e099e386a6406bff14f.jpg,3,0.20633047819137573,0.2834697365760803,0.22933842241764069,0.3880753517150879,0.9621317386627197
001004_jpg.rf.b5403b891cecfc5231ff9ef14b3534ae.jpg,3,0.5000283718109131,0.3937683403491974,0.2787809669971466,0.21457530558109283,0.9773082137107849
001004_jpg.rf.b5403b891cecfc5231ff9ef14b3534ae.jpg,0,0.504734218120575,0.9381968975067139,0.01945723034441471,0.011770248413085938,0.0010556353954598308
001014_jpg.rf.b5f73c9eb6dc1a27fd9ec0323fb5d210.jpg,3,0.29373934864997864,0.22131752967834473,0.21541085839271545,0.3409793972969055,0.965609073638916
001014_jpg.rf.b5f73c9eb6dc1a27fd9ec0323fb5d210.jpg,1,0.9940606355667114,0.9534727334976196,0.011878673918545246,0.09235301613807678,0.0011805559042841196
001019_jpg.rf.c53eaf43c583c2bdb0f57c91179329f9.jpg,0,0.164717435836792,0.1340981274843216,0.03216347470879555,0.11897410452365875,0.897079348564148
001019_jpg.rf.c53eaf43c583c2bdb0f57c91179329f9.jpg,0,0.5590053796768188,0.1092662438750267,0.03364735469222069,0.11819715052843094,0.86250901222229
001019_jpg.rf.c53eaf43c583c2bdb0f57c91179329f9.jpg,1,0.6448368430137634,0.6714192628860474,0.5188086628913879,0.653049111366272,0.012849985621869564
001019_jpg.rf.c53eaf43c583c2bdb0f57c91179329f9.jpg,1,0.4394696354866028,0.5092029571533203,0.019493507221341133,0.03926372528076172,0.003289511427283287
001019_jpg.rf.c53eaf43c583c2bdb0f57c91179329f9.jpg,1,0.5758364796638489,0.511290431022644,0.02313918247818947,0.044215790927410126,0.00270894099958241
001019_jpg.rf.c53eaf43c583c2bdb0f57c91179329f9.jpg,1,0.5063355565071106,0.4562146067619324,0.02596569061279297,0.023145675659179688,0.0024383431300520897
001019_jpg.rf.c53eaf43c583c2bdb0f57c91179329f9.jpg,0,0.4350687563419342,0.09357929229736328,0.018765155225992203,0.010003071278333664,0.0023276207502931356
001019_jpg.rf.c53eaf43c583c2bdb0f57c91179329f9.jpg,1,0.20718972384929657,0.004373566713184118,0.03695473447442055,0.008569377474486828,0.0022146599367260933
001019_jpg.rf.c53eaf43c583c2bdb0f57c91179329f9.jpg,1,0.5757890939712524,0.5356403589248657,0.026834670454263687,0.09494037181138992,0.0021597379818558693
001019_jpg.rf.c53eaf43c583c2bdb0f57c91179329f9.jpg,1,0.22182753682136536,0.008091920986771584,0.0828503668308258,0.016183841973543167,0.0016938572516664863
001023_jpg.rf.f7de58bb03c2e2a346432baa358b4c3e.jpg,3,0.2934000492095947,0.27715468406677246,0.21433687210083008,0.25960588455200195,0.9657498002052307
001023_jpg.rf.f7de58bb03c2e2a346432baa358b4c3e.jpg,11,0.8069261312484741,0.8052688241004944,0.05880223959684372,0.08141671866178513,0.0023879678919911385
001028_jpg.rf.7a77036407cf037c2415b436fde7826b.jpg,3,0.7404127717018127,0.2129836082458496,0.12508143484592438,0.16550016403198242,0.9633387327194214
001031_jpg.rf.2b5fd42d6b8a7d445183a468803e57b9.jpg,3,0.5413948893547058,0.34986385703086853,0.19329394400119781,0.28822386264801025,0.9644080400466919
001031_jpg.rf.2b5fd42d6b8a7d445183a468803e57b9.jpg,0,0.3074265718460083,0.012246225960552692,0.17990532517433167,0.024492451921105385,0.0018510689260438085
001035_jpg.rf.8bb44e874531b88eb7bdff9082c78a43.jpg,3,0.6119744777679443,0.44325700402259827,0.40577107667922974,0.5471245050430298,0.9606640934944153
001035_jpg.rf.8bb44e874531b88eb7bdff9082c78a43.jpg,0,0.4909594655036926,0.010280799120664597,0.15450191497802734,0.020561598241329193,0.005904873833060265
001035_jpg.rf.8bb44e874531b88eb7bdff9082c78a43.jpg,0,0.49347150325775146,0.01222262717783451,0.19429071247577667,0.02444525435566902,0.0022791950032114983
001035_jpg.rf.8bb44e874531b88eb7bdff9082c78a43.jpg,1,0.4947715997695923,0.011178373359143734,0.2008378654718399,0.022356746718287468,0.0021151709370315075
001049_jpg.rf.e527b2a1edfb88b1fbfb9542d33a9a27.jpg,0,0.5556158423423767,0.16690976917743683,0.023483093827962875,0.07922787219285965,0.8399372696876526
001049_jpg.rf.e527b2a1edfb88b1fbfb9542d33a9a27.jpg,0,0.3328016400337219,0.18781648576259613,0.021909713745117188,0.07812908291816711,0.8390105366706848
001049_jpg.rf.e527b2a1edfb88b1fbfb9542d33a9a27.jpg,5,0.02228653058409691,0.3573867082595825,0.04395274817943573,0.06721290946006775,0.7343756556510925
001049_jpg.rf.e527b2a1edfb88b1fbfb9542d33a9a27.jpg,0,0.9745705127716064,0.27208083868026733,0.016337541863322258,0.0506611242890358,0.4023759067058563
001049_jpg.rf.e527b2a1edfb88b1fbfb9542d33a9a27.jpg,0,0.3803718686103821,0.18353405594825745,0.021165188401937485,0.01783275604248047,0.08612684905529022
001049_jpg.rf.e527b2a1edfb88b1fbfb9542d33a9a27.jpg,5,0.5534741878509521,0.3290677070617676,0.05625772476196289,0.05409688130021095,0.0455612912774086
001049_jpg.rf.e527b2a1edfb88b1fbfb9542d33a9a27.jpg,3,0.02105964533984661,0.35816624760627747,0.04211929067969322,0.07475757598876953,0.03650977090001106
001049_jpg.rf.e527b2a1edfb88b1fbfb9542d33a9a27.jpg,0,0.7974860668182373,0.008677808567881584,0.040360450744628906,0.01659611612558365,0.0339905209839344
001049_jpg.rf.e527b2a1edfb88b1fbfb9542d33a9a27.jpg,3,0.5542999505996704,0.3288128077983856,0.05417805537581444,0.05517854914069176,0.026728879660367966
001049_jpg.rf.e527b2a1edfb88b1fbfb9542d33a9a27.jpg,0,0.3782544732093811,0.1871461570262909,0.020193099975585938,0.016736306250095367,0.017593342810869217
001049_jpg.rf.e527b2a1edfb88b1fbfb9542d33a9a27.jpg,1,0.01391231082379818,0.6329063177108765,0.027159787714481354,0.12128037959337234,0.01655072346329689
001049_jpg.rf.e527b2a1edfb88b1fbfb9542d33a9a27.jpg,12,0.021324727684259415,0.3591211140155792,0.04264945536851883,0.06858491897583008,0.010753773152828217
001049_jpg.rf.e527b2a1edfb88b1fbfb9542d33a9a27.jpg,0,0.20141707360744476,0.23496665060520172,0.014301245100796223,0.03008345514535904,0.008810430765151978
001049_jpg.rf.e527b2a1edfb88b1fbfb9542d33a9a27.jpg,0,0.3860723376274109,0.1819055825471878,0.029011359438300133,0.02307613007724285,0.007936522364616394
001049_jpg.rf.e527b2a1edfb88b1fbfb9542d33a9a27.jpg,8,0.023108871653676033,0.35580316185951233,0.045838210731744766,0.07366136461496353,0.005767602473497391
001049_jpg.rf.e527b2a1edfb88b1fbfb9542d33a9a27.jpg,5,0.029097527265548706,0.2706712484359741,0.05807199329137802,0.07962879538536072,0.004540030378848314
001049_jpg.rf.e527b2a1edfb88b1fbfb9542d33a9a27.jpg,0,0.2644250690937042,0.19391697645187378,0.020707644522190094,0.021975187584757805,0.0043755159713327885
001049_jpg.rf.e527b2a1edfb88b1fbfb9542d33a9a27.jpg,0,0.25732341408729553,0.1913963258266449,0.01751089096069336,0.021196402609348297,0.0042923022992908955
001049_jpg.rf.e527b2a1edfb88b1fbfb9542d33a9a27.jpg,0,0.20020562410354614,0.2313801646232605,0.017735756933689117,0.035608384758234024,0.003849862376227975
001049_jpg.rf.e527b2a1edfb88b1fbfb9542d33a9a27.jpg,0,0.8015283346176147,0.0065816668793559074,0.04550134390592575,0.013163333758711815,0.003683715360239148
001049_jpg.rf.e527b2a1edfb88b1fbfb9542d33a9a27.jpg,8,0.994491696357727,0.27470681071281433,0.009543271735310555,0.04124177247285843,0.0028959643095731735
001049_jpg.rf.e527b2a1edfb88b1fbfb9542d33a9a27.jpg,0,0.38954347372055054,0.1779632568359375,0.02419930323958397,0.023766718804836273,0.0027384364511817694
001049_jpg.rf.e527b2a1edfb88b1fbfb9542d33a9a27.jpg,13,0.933495283126831,0.4044071435928345,0.01319386437535286,0.020156273618340492,0.0025982956867665052
001049_jpg.rf.e527b2a1edfb88b1fbfb9542d33a9a27.jpg,0,0.3854696452617645,0.18738636374473572,0.030449572950601578,0.021305598318576813,0.001989005133509636
001049_jpg.rf.e527b2a1edfb88b1fbfb9542d33a9a27.jpg,0,0.38347089290618896,0.18546238541603088,0.019872702658176422,0.02447095327079296,0.0018769169691950083
001049_jpg.rf.e527b2a1edfb88b1fbfb9542d33a9a27.jpg,0,0.2747190594673157,0.19823023676872253,0.024921325966715813,0.021269559860229492,0.0016396185383200645
001049_jpg.rf.e527b2a1edfb88b1fbfb9542d33a9a27.jpg,14,0.014459298923611641,0.6410239338874817,0.028918597847223282,0.10306493937969208,0.0013762939488515258
001049_jpg.rf.e527b2a1edfb88b1fbfb9542d33a9a27.jpg,0,0.5101884007453918,0.18474861979484558,0.014595801942050457,0.018418697640299797,0.0012780085671693087
001049_jpg.rf.e527b2a1edfb88b1fbfb9542d33a9a27.jpg,5,0.03921722620725632,0.2393995076417923,0.07843445241451263,0.1476166993379593,0.0012484756298363209
001049_jpg.rf.e527b2a1edfb88b1fbfb9542d33a9a27.jpg,0,0.38311636447906494,0.17883828282356262,0.022551609203219414,0.025805052369832993,0.0012426457833498716
001049_jpg.rf.e527b2a1edfb88b1fbfb9542d33a9a27.jpg,0,0.5034622550010681,0.18145786225795746,0.020452316850423813,0.013444974087178707,0.0012071029050275683
001049_jpg.rf.e527b2a1edfb88b1fbfb9542d33a9a27.jpg,11,0.5130247473716736,0.5659332275390625,0.02788180485367775,0.051433198153972626,0.0011545494198799133
001049_jpg.rf.e527b2a1edfb88b1fbfb9542d33a9a27.jpg,0,0.005594325717538595,0.09239200502634048,0.010066949762403965,0.026949120685458183,0.0011438651708886027
001049_jpg.rf.e527b2a1edfb88b1fbfb9542d33a9a27.jpg,0,0.2584412693977356,0.1883995682001114,0.01205130759626627,0.025076206773519516,0.0010163389379158616
001051_jpg.rf.bb8152d7d7c35ed73bfc9239185f9087.jpg,3,0.25021547079086304,0.27318355441093445,0.07091793417930603,0.09805912524461746,0.8998781442642212
001051_jpg.rf.bb8152d7d7c35ed73bfc9239185f9087.jpg,12,0.6901182532310486,0.2621294856071472,0.06799756735563278,0.10001930594444275,0.8797645568847656
001051_jpg.rf.bb8152d7d7c35ed73bfc9239185f9087.jpg,3,0.4696163833141327,0.26711714267730713,0.06981588900089264,0.10102733969688416,0.6710535883903503
001051_jpg.rf.bb8152d7d7c35ed73bfc9239185f9087.jpg,3,0.49937599897384644,0.2684573829174042,0.12901900708675385,0.10184670984745026,0.004637531936168671
001051_jpg.rf.bb8152d7d7c35ed73bfc9239185f9087.jpg,12,0.7344560623168945,0.26947131752967834,0.16452334821224213,0.11022758483886719,0.002762487856671214
001057_jpg.rf.0d8f858b7a9c12830691348e2ae306af.jpg,3,0.4054974913597107,0.28510040044784546,0.5042906403541565,0.2986429035663605,0.9875314831733704
001059_jpg.rf.2b325fd15e28d0c622610dea63c2c12f.jpg,3,0.25766563415527344,0.5824170708656311,0.19891034066677094,0.29669806361198425,0.9646419286727905
001066_jpg.rf.c55d7313f5d62858191ae315c7fada73.jpg,1,0.351681649684906,0.15467992424964905,0.02565079554915428,0.08463860303163528,0.7001495957374573
001066_jpg.rf.c55d7313f5d62858191ae315c7fada73.jpg,1,0.7901637554168701,0.26728275418281555,0.017243752256035805,0.05453142896294594,0.6324612498283386
001066_jpg.rf.c55d7313f5d62858191ae315c7fada73.jpg,1,0.5432161092758179,0.13213051855564117,0.017593566328287125,0.0774034708738327,0.6020870804786682
001066_jpg.rf.c55d7313f5d62858191ae315c7fada73.jpg,1,0.023003600537776947,0.3295840919017792,0.011192003265023232,0.03745555877685547,0.22821839153766632
001066_jpg.rf.c55d7313f5d62858191ae315c7fada73.jpg,8,0.5663604736328125,0.13935716450214386,0.025988101959228516,0.055898528546094894,0.2228328287601471
001066_jpg.rf.c55d7313f5d62858191ae315c7fada73.jpg,9,0.6138097643852234,0.2857297658920288,0.022264260798692703,0.04168681055307388,0.14206239581108093
001066_jpg.rf.c55d7313f5d62858191ae315c7fada73.jpg,1,0.8036381006240845,0.03525105491280556,0.030246147885918617,0.06992525607347488,0.05222560465335846
001066_jpg.rf.c55d7313f5d62858191ae315c7fada73.jpg,1,0.5418936014175415,0.13405856490135193,0.025518234819173813,0.0816936045885086,0.015173465013504028
001066_jpg.rf.c55d7313f5d62858191ae315c7fada73.jpg,8,0.5606907606124878,0.13463617861270905,0.019970234483480453,0.06977315247058868,0.012052211910486221
001066_jpg.rf.c55d7313f5d62858191ae315c7fada73.jpg,1,0.5367879867553711,0.13473156094551086,0.023209204897284508,0.08171327412128448,0.010167027823626995
001066_jpg.rf.c55d7313f5d62858191ae315c7fada73.jpg,1,0.9864625334739685,0.005813262425363064,0.02508317492902279,0.011132076382637024,0.009229009039700031
001066_jpg.rf.c55d7313f5d62858191ae315c7fada73.jpg,8,0.6142948865890503,0.28525906801223755,0.02297489531338215,0.04175001010298729,0.0071798209100961685
001066_jpg.rf.c55d7313f5d62858191ae315c7fada73.jpg,13,0.9164987802505493,0.5402235984802246,0.011597486212849617,0.02500688098371029,0.006672305520623922
001066_jpg.rf.c55d7313f5d62858191ae315c7fada73.jpg,1,0.5548121929168701,0.1352708488702774,0.018529782071709633,0.06977037340402603,0.006099909543991089
001066_jpg.rf.c55d7313f5d62858191ae315c7fada73.jpg,8,0.08615715056657791,0.16924771666526794,0.013110564090311527,0.03959164395928383,0.005265170708298683
001066_jpg.rf.c55d7313f5d62858191ae315c7fada73.jpg,5,0.8079518675804138,0.138068288564682,0.029414763674139977,0.08246268332004547,0.004177066031843424
001066_jpg.rf.c55d7313f5d62858191ae315c7fada73.jpg,0,0.7311795949935913,0.3160915970802307,0.011489574797451496,0.008747357875108719,0.0032102512195706367
001066_jpg.rf.c55d7313f5d62858191ae315c7fada73.jpg,1,0.8115395903587341,0.262333482503891,0.02451859973371029,0.06129635125398636,0.0027365318965166807
001066_jpg.rf.c55d7313f5d62858191ae315c7fada73.jpg,1,0.5650625824928284,0.1360478699207306,0.030135154724121094,0.06630123406648636,0.0025397262070327997
001066_jpg.rf.c55d7313f5d62858191ae315c7fada73.jpg,9,0.08603066951036453,0.17104856669902802,0.013578112237155437,0.03618667647242546,0.002208319492638111
001066_jpg.rf.c55d7313f5d62858191ae315c7fada73.jpg,0,0.21417514979839325,0.9642665386199951,0.012332769110798836,0.009866127744317055,0.001572795445099473
001066_jpg.rf.c55d7313f5d62858191ae315c7fada73.jpg,0,0.1660487949848175,0.23055672645568848,0.02701263315975666,0.014277787879109383,0.0011759363114833832
001066_jpg.rf.c55d7313f5d62858191ae315c7fada73.jpg,1,0.8079173564910889,0.13895545899868011,0.03129386901855469,0.08349515497684479,0.0011199505534023046
001066_jpg.rf.c55d7313f5d62858191ae315c7fada73.jpg,1,0.01741095259785652,0.3276508152484894,0.015773160383105278,0.04153519496321678,0.0010610379977151752
001068_jpg.rf.371ec28b0d2bbbd16c8a645be41f5a76.jpg,1,0.5538965463638306,0.09074639528989792,0.027692977339029312,0.09994988888502121,0.715793251991272
001068_jpg.rf.371ec28b0d2bbbd16c8a645be41f5a76.jpg,1,0.19914381206035614,0.10790353268384933,0.030038651078939438,0.11262310296297073,0.6821626424789429
001068_jpg.rf.371ec28b0d2bbbd16c8a645be41f5a76.jpg,9,0.07648180425167084,0.5609765648841858,0.0441993847489357,0.09464161098003387,0.006943729240447283
001068_jpg.rf.371ec28b0d2bbbd16c8a645be41f5a76.jpg,1,0.6083853840827942,0.30165308713912964,0.012840013951063156,0.009675796143710613,0.006201401352882385
001068_jpg.rf.371ec28b0d2bbbd16c8a645be41f5a76.jpg,1,0.9035739898681641,0.526583731174469,0.08342860639095306,0.30192244052886963,0.005098492838442326
001068_jpg.rf.371ec28b0d2bbbd16c8a645be41f5a76.jpg,0,0.44078314304351807,0.28150078654289246,0.012067391537129879,0.025350479409098625,0.004010843578726053
001068_jpg.rf.371ec28b0d2bbbd16c8a645be41f5a76.jpg,0,0.44048383831977844,0.28122684359550476,0.009735510684549809,0.02138414792716503,0.0032949817832559347
001068_jpg.rf.371ec28b0d2bbbd16c8a645be41f5a76.jpg,0,0.6729850769042969,0.5968378782272339,0.014681229367852211,0.010589966550469398,0.0030298365745693445
001068_jpg.rf.371ec28b0d2bbbd16c8a645be41f5a76.jpg,12,0.07686973363161087,0.5630019903182983,0.04143285006284714,0.09452159702777863,0.002873302437365055
001068_jpg.rf.371ec28b0d2bbbd16c8a645be41f5a76.jpg,0,0.47651803493499756,0.25585702061653137,0.011668975464999676,0.02345418930053711,0.002617982216179371
001068_jpg.rf.371ec28b0d2bbbd16c8a645be41f5a76.jpg,0,0.6759700179100037,0.5955992341041565,0.012809312902390957,0.011836051940917969,0.0022570977453142405
001068_jpg.rf.371ec28b0d2bbbd16c8a645be41f5a76.jpg,0,0.47461560368537903,0.2567375898361206,0.014431733638048172,0.021208468824625015,0.001574600930325687
001068_jpg.rf.371ec28b0d2bbbd16c8a645be41f5a76.jpg,0,0.40840357542037964,0.3186071217060089,0.018790464848279953,0.010917920619249344,0.0014676451683044434
001068_jpg.rf.371ec28b0d2bbbd16c8a645be41f5a76.jpg,0,0.28726956248283386,0.0882188156247139,0.019618511199951172,0.014862931333482265,0.0013079664204269648
001068_jpg.rf.371ec28b0d2bbbd16c8a645be41f5a76.jpg,1,0.6906676888465881,0.004693509545177221,0.026633262634277344,0.009387019090354443,0.0012538371374830604
001068_jpg.rf.371ec28b0d2bbbd16c8a645be41f5a76.jpg,0,0.4932495951652527,0.16785573959350586,0.008289704099297523,0.035561855882406235,0.0010398959275335073
001082_jpg.rf.6b7fc1c9648c1a3494a137ffa3664be1.jpg,3,0.740445077419281,0.21365846693515778,0.12568950653076172,0.1666928380727768,0.9517505168914795
001089_jpg.rf.004c591c5855cf05e2198a5e21c8ab56.jpg,3,0.5062163472175598,0.6791694164276123,0.24567526578903198,0.4249580204486847,0.9520604014396667
001097_jpg.rf.76b13f1ce839d7102e9a683f6959a3e6.jpg,3,0.39597925543785095,0.4510430693626404,0.6525980830192566,0.8120459318161011,0.9319413304328918
001214_jpg.rf.85dbeddc5609d79293b1f979131a9f35.jpg,4,0.4806351363658905,0.3636806607246399,0.5237736105918884,0.35387757420539856,0.9843724966049194
001214_jpg.rf.85dbeddc5609d79293b1f979131a9f35.jpg,0,0.49011436104774475,0.8568572998046875,0.9654115438461304,0.2846412658691406,0.008659825660288334
001214_jpg.rf.85dbeddc5609d79293b1f979131a9f35.jpg,1,0.4078630208969116,0.01392650231719017,0.3993762731552124,0.02785300463438034,0.004515880718827248
001214_jpg.rf.85dbeddc5609d79293b1f979131a9f35.jpg,0,0.4236862063407898,0.01352088712155819,0.39703962206840515,0.02704177424311638,0.00352094485424459
001214_jpg.rf.85dbeddc5609d79293b1f979131a9f35.jpg,1,0.48382747173309326,0.01301673986017704,0.39215990900993347,0.02603347972035408,0.0016578086651861668
001214_jpg.rf.85dbeddc5609d79293b1f979131a9f35.jpg,0,0.4284529685974121,0.007476949132978916,0.2361905723810196,0.014953898265957832,0.00133195286616683
001223_jpg.rf.cd973e1db0f78ec16c70d7af43fc4511.jpg,4,0.33264467120170593,0.5320228934288025,0.30593836307525635,0.4056397080421448,0.9914422631263733
001228_jpg.rf.f4f7bc0b74a46e26c75aed78c39b41e5.jpg,4,0.31333300471305847,0.28354698419570923,0.24431657791137695,0.42208167910575867,0.9715408086776733
001229_jpg.rf.3174ec6dbfe9e8ee6ab16906d969ae8d.jpg,4,0.33314433693885803,0.5334392786026001,0.3074789345264435,0.40636157989501953,0.9883372187614441
001229_jpg.rf.3174ec6dbfe9e8ee6ab16906d969ae8d.jpg,1,0.14930082857608795,0.8443664312362671,0.011486301198601723,0.03552202135324478,0.0012652501463890076
001247_jpg.rf.986fd924de123c95a8e6bbcc765d4c10.jpg,4,0.29317909479141235,0.4769938886165619,0.5419201850891113,0.9241072535514832,0.9142118096351624
001250_jpg.rf.157a04c81cbb47009538b4880d0004c9.jpg,4,0.4983787536621094,0.4577678442001343,0.45954498648643494,0.6310743093490601,0.9594758152961731
001256_jpg.rf.204fbb92b5dc59d697bf04b2682485e2.jpg,4,0.5652409195899963,0.37737658619880676,0.30860966444015503,0.39591944217681885,0.9913367033004761
001259_jpg.rf.b55c7e7dacc1e607f8e69b2a5cc36568.jpg,4,0.5335593819618225,0.5138087868690491,0.3510192036628723,0.5178091526031494,0.9918734431266785
001261_jpg.rf.7b5bf5841b26d8966d6081fbc704dbf7.jpg,4,0.470722496509552,0.27468636631965637,0.13824070990085602,0.0993441790342331,0.9297985434532166
001261_jpg.rf.7b5bf5841b26d8966d6081fbc704dbf7.jpg,3,0.470981240272522,0.2752617597579956,0.13754518330097198,0.09805002808570862,0.47041091322898865
001277_jpg.rf.03beffa81aa901c8462dfe1681a202f4.jpg,4,0.4387739896774292,0.22572271525859833,0.09917163848876953,0.13640835881233215,0.9723696708679199
001277_jpg.rf.03beffa81aa901c8462dfe1681a202f4.jpg,0,0.34250906109809875,0.01622692495584488,0.04760577157139778,0.03231897950172424,0.005198881030082703
001277_jpg.rf.03beffa81aa901c8462dfe1681a202f4.jpg,1,0.34566402435302734,0.016452979296445847,0.04531082883477211,0.031087176874279976,0.004425461404025555
001277_jpg.rf.03beffa81aa901c8462dfe1681a202f4.jpg,1,0.8691053986549377,0.2555668354034424,0.2568734884262085,0.5092161893844604,0.0014393404126167297
001277_jpg.rf.03beffa81aa901c8462dfe1681a202f4.jpg,1,0.35493528842926025,0.01620604284107685,0.036382198333740234,0.03228302672505379,0.0011849869042634964
001277_jpg.rf.03beffa81aa901c8462dfe1681a202f4.jpg,1,0.3845255970954895,0.4689021408557892,0.014282703399658203,0.04717834293842316,0.0010275949025526643
001281_jpg.rf.b8a22407e4c52a0704d45a8b32965f9b.jpg,4,0.5008121132850647,0.48961323499679565,0.7615581154823303,0.9529521465301514,0.9891855716705322
001289_jpg.rf.2b57939adb36b165f0eef0a3de68e1ec.jpg,4,0.5056540369987488,0.4355454742908478,0.41044852137565613,0.27213895320892334,0.9920403361320496
001290_jpg.rf.d3a396f3ea066c80a6e76a48dcf798a2.jpg,4,0.47916918992996216,0.1937195360660553,0.2807292938232422,0.18907231092453003,0.9787648916244507
001291_jpg.rf.c0ea8c600fa9219527f23947a8f0e7ec.jpg,4,0.3131588101387024,0.2990681529045105,0.242598757147789,0.33509010076522827,0.9773939847946167
001295_jpg.rf.449090465a44f9f98a47e1141f3a8f38.jpg,4,0.533737063407898,0.5144694447517395,0.35011833906173706,0.5194257497787476,0.9945768117904663
001407_jpg.rf.70ca057de423bef18930dd5f47b975d7.jpg,5,0.22277678549289703,0.21039733290672302,0.23592795431613922,0.34820830821990967,0.9920126795768738
001409_jpg.rf.03a314500608050ad90ed1c849fb18db.jpg,5,0.6374850869178772,0.46397101879119873,0.08313582837581635,0.11770248413085938,0.9584298133850098
001409_jpg.rf.03a314500608050ad90ed1c849fb18db.jpg,0,0.3081315755844116,0.010320231318473816,0.22334864735603333,0.020640462636947632,0.09567286819219589
001409_jpg.rf.03a314500608050ad90ed1c849fb18db.jpg,0,0.30143263936042786,0.00626944238319993,0.1958485245704651,0.012404531240463257,0.08036952465772629
001409_jpg.rf.03a314500608050ad90ed1c849fb18db.jpg,0,0.27554792165756226,0.006979283411055803,0.17593079805374146,0.013813735917210579,0.007233082316815853
001409_jpg.rf.03a314500608050ad90ed1c849fb18db.jpg,0,0.3071008026599884,0.01406826265156269,0.18941961228847504,0.02813652530312538,0.0069204168394207954
001409_jpg.rf.03a314500608050ad90ed1c849fb18db.jpg,5,0.6183013319969177,0.4636937975883484,0.12475468218326569,0.11904393881559372,0.006149491295218468
001409_jpg.rf.03a314500608050ad90ed1c849fb18db.jpg,14,0.5054143667221069,0.15799430012702942,0.023996535688638687,0.060113485902547836,0.0041481852531433105
001409_jpg.rf.03a314500608050ad90ed1c849fb18db.jpg,1,0.4851897656917572,0.005726332310587168,0.18585234880447388,0.011452664621174335,0.002528491895645857
001409_jpg.rf.03a314500608050ad90ed1c849fb18db.jpg,0,0.285965234041214,0.012165500782430172,0.1705012321472168,0.024331001564860344,0.002502315677702427
001409_jpg.rf.03a314500608050ad90ed1c849fb18db.jpg,0,0.4909817576408386,0.005672427825629711,0.18281738460063934,0.011344855651259422,0.0020795303862541914
001409_jpg.rf.03a314500608050ad90ed1c849fb18db.jpg,1,0.4905175566673279,0.00888934824615717,0.16720952093601227,0.01777869649231434,0.0017186668701469898
001409_jpg.rf.03a314500608050ad90ed1c849fb18db.jpg,14,0.5070737600326538,0.15700601041316986,0.035770781338214874,0.06482397019863129,0.0010153402108699083
001427_jpg.rf.fe832db13f19311c2eda0b6e83878ec5.jpg,5,0.494427353143692,0.49531370401382446,0.988854706287384,0.9901021718978882,0.9976720213890076
001432_jpg.rf.5d8fff00f092a9bcb15a018a3edb186b.jpg,5,0.7209033966064453,0.4701443314552307,0.14109882712364197,0.2285768836736679,0.9566391706466675
001432_jpg.rf.5d8fff00f092a9bcb15a018a3edb186b.jpg,14,0.377928763628006,0.30189499258995056,0.5928704738616943,0.5821601152420044,0.0035126630682498217
001432_jpg.rf.5d8fff00f092a9bcb15a018a3edb186b.jpg,11,0.8921594023704529,0.9522228240966797,0.2156812995672226,0.0941852405667305,0.0012146882945671678
001436_jpg.rf.cc8f571352da66682260166ac2086168.jpg,5,0.7010723352432251,0.4480566680431366,0.403386652469635,0.6161962747573853,0.9788766503334045
001449_jpg.rf.4b8f2718b90c8c6cf89ccf753d5b575a.jpg,5,0.8794021606445312,0.23791609704494476,0.24046267569065094,0.34508875012397766,0.9770469069480896
001449_jpg.rf.4b8f2718b90c8c6cf89ccf753d5b575a.jpg,11,0.3290694057941437,0.7048634886741638,0.3781810998916626,0.5718381404876709,0.8262157440185547
001462_jpg.rf.590c8b4c74096f768de4433951995545.jpg,5,0.7262560725212097,0.4988737106323242,0.5474878549575806,0.9977474212646484,0.987933874130249
001462_jpg.rf.590c8b4c74096f768de4433951995545.jpg,10,0.9199962615966797,0.4974581003189087,0.15955962240695953,0.9931164979934692,0.007274689618498087
001462_jpg.rf.590c8b4c74096f768de4433951995545.jpg,8,0.9008029699325562,0.4991775155067444,0.1983940452337265,0.994249701499939,0.0010022984351962805
001465_jpg.rf.82e271056e453a4f123033b7db486d63.jpg,5,0.592038094997406,0.8884837627410889,0.09251528233289719,0.14886951446533203,0.9900460839271545
001465_jpg.rf.82e271056e453a4f123033b7db486d63.jpg,5,0.4748169779777527,0.3283599615097046,0.6172184348106384,0.6493139863014221,0.9644556045532227
001465_jpg.rf.82e271056e453a4f123033b7db486d63.jpg,5,0.27267545461654663,0.7974919676780701,0.18115758895874023,0.2777770757675171,0.964127779006958
001465_jpg.rf.82e271056e453a4f123033b7db486d63.jpg,5,0.7938070893287659,0.8836889266967773,0.0834873616695404,0.12863922119140625,0.9443736672401428
001465_jpg.rf.82e271056e453a4f123033b7db486d63.jpg,5,0.8771488666534424,0.6809950470924377,0.23843075335025787,0.30053335428237915,0.9383116960525513
001465_jpg.rf.82e271056e453a4f123033b7db486d63.jpg,5,0.3320460617542267,0.9121571779251099,0.08019188791513443,0.1305387169122696,0.7662110328674316
001465_jpg.rf.82e271056e453a4f123033b7db486d63.jpg,5,0.34525197744369507,0.9124763011932373,0.05726539343595505,0.13087067008018494,0.4878806471824646
001465_jpg.rf.82e271056e453a4f123033b7db486d63.jpg,5,0.2958739101886749,0.9114001989364624,0.15091338753700256,0.1351437270641327,0.13837824761867523
001465_jpg.rf.82e271056e453a4f123033b7db486d63.jpg,5,0.5289319753646851,0.935054361820221,0.05195771902799606,0.10694526135921478,0.0414494164288044
001465_jpg.rf.82e271056e453a4f123033b7db486d63.jpg,5,0.7892217040061951,0.8687230348587036,0.08002200722694397,0.09772300720214844,0.0013660717522725463
001465_jpg.rf.82e271056e453a4f123033b7db486d63.jpg,8,0.3313792645931244,0.9166717529296875,0.08151045441627502,0.1187141090631485,0.0012688604183495045
001472_jpg.rf.38654b39e5bc13159c16952df2ba2dc0.jpg,5,0.7116097807884216,0.4533914029598236,0.3865104913711548,0.7256690263748169,0.9620209336280823
001477_jpg.rf.170667884b322b9985bcd6a054a0d6be.jpg,5,0.5070276856422424,0.48163431882858276,0.5156484842300415,0.8982383012771606,0.9682624936103821
001478_jpg.rf.b4a8c8adb59b1bfeb056f275a7e9c785.jpg,5,0.42985087633132935,0.3050743341445923,0.7385451793670654,0.4792208671569824,0.9527933597564697
001479_jpg.rf.61b4e3eab9b3daa20c770dafec663c97.jpg,5,0.5068995952606201,0.4637947678565979,0.5956960320472717,0.7905508279800415,0.9646174907684326
001482_jpg.rf.c040f508e60b3a870f5f5fc8b9b017d2.jpg,5,0.5106472969055176,0.34359753131866455,0.34228596091270447,0.6308648586273193,0.9841492772102356
001484_jpg.rf.6b44f8da037b210cdbe0663683d7274e.jpg,5,0.23915347456932068,0.4586632549762726,0.4286007285118103,0.7860438227653503,0.967297375202179
001494_jpg.rf.4db0ef3199baad5258c353573bffed4a.jpg,5,0.6147506237030029,0.22176456451416016,0.5211811065673828,0.35600000619888306,0.9775051474571228
001494_jpg.rf.4db0ef3199baad5258c353573bffed4a.jpg,3,0.7910961508750916,0.6329616904258728,0.01014731451869011,0.016350893303751945,0.0018896455876529217
001603_JPG_jpg.rf.d7ff42753708b2cd74195e8e463d3e2c.jpg,1,0.47621509432792664,0.13316944241523743,0.3820948302745819,0.11595989763736725,0.8331760168075562
001603_JPG_jpg.rf.d7ff42753708b2cd74195e8e463d3e2c.jpg,1,0.42432016134262085,0.1348867416381836,0.267228901386261,0.11437391489744186,0.6320638656616211
001603_JPG_jpg.rf.d7ff42753708b2cd74195e8e463d3e2c.jpg,1,0.4815498888492584,0.13214270770549774,0.22418147325515747,0.1112527847290039,0.4433870315551758
001603_JPG_jpg.rf.d7ff42753708b2cd74195e8e463d3e2c.jpg,0,0.4829288721084595,0.13110117614269257,0.3655053973197937,0.11054132878780365,0.1991986334323883
001603_JPG_jpg.rf.d7ff42753708b2cd74195e8e463d3e2c.jpg,1,0.6644755005836487,0.856633722782135,0.028120188042521477,0.016101323068141937,0.018813174217939377
001603_JPG_jpg.rf.d7ff42753708b2cd74195e8e463d3e2c.jpg,1,0.6696920990943909,0.8542670011520386,0.027693308889865875,0.019898414611816406,0.007218537852168083
001603_JPG_jpg.rf.d7ff42753708b2cd74195e8e463d3e2c.jpg,1,0.33463823795318604,0.13525377213954926,0.07704109698534012,0.09782830625772476,0.007014953065663576
001603_JPG_jpg.rf.d7ff42753708b2cd74195e8e463d3e2c.jpg,1,0.6731424331665039,0.8502727150917053,0.025500664487481117,0.024855760857462883,0.005474152974784374
001603_JPG_jpg.rf.d7ff42753708b2cd74195e8e463d3e2c.jpg,1,0.6675481200218201,0.851455569267273,0.02685832977294922,0.02230812981724739,0.005267421714961529
001603_JPG_jpg.rf.d7ff42753708b2cd74195e8e463d3e2c.jpg,1,0.6628925800323486,0.8641649484634399,0.029367227107286453,0.014773955568671227,0.0016936523607000709
001603_JPG_jpg.rf.d7ff42753708b2cd74195e8e463d3e2c.jpg,1,0.6775041818618774,0.813593327999115,0.031800270080566406,0.027243761345744133,0.0011002948740497231
001606_JPG_jpg.rf.acbfc805c9e8ea9791185014645390c2.jpg,1,0.6774477362632751,0.15253889560699463,0.17696744203567505,0.08738303184509277,0.9017330408096313
001606_JPG_jpg.rf.acbfc805c9e8ea9791185014645390c2.jpg,1,0.12415794283151627,0.5063740611076355,0.08433525264263153,0.04011557623744011,0.7432835698127747
001606_JPG_jpg.rf.acbfc805c9e8ea9791185014645390c2.jpg,1,0.11056144535541534,0.527531623840332,0.06622195243835449,0.0910501480102539,0.002259124768897891
001607_JPG_jpg.rf.a6dcbc5ecd7c2ef807a4bce512a054a0.jpg,1,0.3832128643989563,0.1492830067873001,0.10050538927316666,0.054287102073431015,0.8816741108894348
001607_JPG_jpg.rf.a6dcbc5ecd7c2ef807a4bce512a054a0.jpg,1,0.9623779058456421,0.007877270691096783,0.025869369506835938,0.015375612303614616,0.010238154791295528
001607_JPG_jpg.rf.a6dcbc5ecd7c2ef807a4bce512a054a0.jpg,1,0.9657536745071411,0.008872593753039837,0.03808271139860153,0.017669258639216423,0.001356958644464612
001608_JPG_jpg.rf.7d48153578ad316231c6c992263ac497.jpg,1,0.4580032527446747,0.13499952852725983,0.1428299993276596,0.07932089269161224,0.912183403968811
001608_JPG_jpg.rf.7d48153578ad316231c6c992263ac497.jpg,0,0.7038018107414246,0.4394990801811218,0.03925609588623047,0.01989481970667839,0.023851802572607994
001608_JPG_jpg.rf.7d48153578ad316231c6c992263ac497.jpg,12,0.4447808861732483,0.9889743328094482,0.04130744934082031,0.02205122448503971,0.003099486231803894
001608_JPG_jpg.rf.7d48153578ad316231c6c992263ac497.jpg,0,0.7014439105987549,0.4349958300590515,0.04703675955533981,0.033072251826524734,0.0011368467239663005
001619_JPG_jpg.rf.1640a48f199bbe32ee72dc83a24e1521.jpg,1,0.24421429634094238,0.11487117409706116,0.10768831521272659,0.053258225321769714,0.7310597896575928
001619_JPG_jpg.rf.1640a48f199bbe32ee72dc83a24e1521.jpg,1,0.3234124481678009,0.030079595744609833,0.03475768864154816,0.05960340052843094,0.01342111174017191
001619_JPG_jpg.rf.1640a48f199bbe32ee72dc83a24e1521.jpg,0,0.7142648100852966,0.01027655228972435,0.1856393814086914,0.0205531045794487,0.012581477873027325
001619_JPG_jpg.rf.1640a48f199bbe32ee72dc83a24e1521.jpg,1,0.7499701976776123,0.005139936227351427,0.09681547433137894,0.010279872454702854,0.006683404557406902
001619_JPG_jpg.rf.1640a48f199bbe32ee72dc83a24e1521.jpg,1,0.7419684529304504,0.005704706069082022,0.13643315434455872,0.011409412138164043,0.003577427240088582
001619_JPG_jpg.rf.1640a48f199bbe32ee72dc83a24e1521.jpg,0,0.2460959106683731,0.1133076623082161,0.10117641091346741,0.047977641224861145,0.003266432322561741
001623_JPG_jpg.rf.8777c38ac6d8aebbc4c5524393a8ce83.jpg,1,0.2944648265838623,0.0947646051645279,0.11355726420879364,0.06910218298435211,0.865959644317627
001623_JPG_jpg.rf.8777c38ac6d8aebbc4c5524393a8ce83.jpg,1,0.010031567886471748,0.376167356967926,0.017825808376073837,0.030474882572889328,0.007369539234787226
001623_JPG_jpg.rf.8777c38ac6d8aebbc4c5524393a8ce83.jpg,1,0.01286405511200428,0.3894709050655365,0.024264615029096603,0.05930141359567642,0.0068280864506959915
001623_JPG_jpg.rf.8777c38ac6d8aebbc4c5524393a8ce83.jpg,1,0.2170456498861313,0.02838434837758541,0.03865880146622658,0.05676869675517082,0.006033759564161301
001623_JPG_jpg.rf.8777c38ac6d8aebbc4c5524393a8ce83.jpg,1,0.5246630311012268,0.004425439517945051,0.02650338038802147,0.008678136393427849,0.0023726862855255604
001623_JPG_jpg.rf.8777c38ac6d8aebbc4c5524393a8ce83.jpg,9,0.510469913482666,0.31403857469558716,0.027614226564764977,0.019303854554891586,0.0018737788777798414
001623_JPG_jpg.rf.8777c38ac6d8aebbc4c5524393a8ce83.jpg,1,0.013109213672578335,0.3791579604148865,0.025094518437981606,0.06716199964284897,0.0015562212793156505
001623_JPG_jpg.rf.8777c38ac6d8aebbc4c5524393a8ce83.jpg,0,0.7902244925498962,0.0054617649875581264,0.16378425061702728,0.010923529975116253,0.0015356724616140127
001623_JPG_jpg.rf.8777c38ac6d8aebbc4c5524393a8ce83.jpg,1,0.7946847677230835,0.005371233448386192,0.1550910621881485,0.010742466896772385,0.0014830139698460698
001623_JPG_jpg.rf.8777c38ac6d8aebbc4c5524393a8ce83.jpg,1,0.7837179899215698,0.008710761554539204,0.1615140587091446,0.017421523109078407,0.0013480136403813958
001623_JPG_jpg.rf.8777c38ac6d8aebbc4c5524393a8ce83.jpg,1,0.794194221496582,0.011413827538490295,0.13928794860839844,0.02282765507698059,0.0012022961163893342
001623_JPG_jpg.rf.8777c38ac6d8aebbc4c5524393a8ce83.jpg,1,0.027775317430496216,0.005375554319471121,0.031075967475771904,0.01072440855205059,0.001099628978408873
001624_JPG_jpg.rf.a3a7ed1ca4bdc41789b882fe5d7e3e94.jpg,1,0.540602445602417,0.14412821829319,0.12119634449481964,0.06479637324810028,0.8793384432792664
001624_JPG_jpg.rf.a3a7ed1ca4bdc41789b882fe5d7e3e94.jpg,0,0.7506418228149414,0.40676528215408325,0.017169952392578125,0.014592721126973629,0.01220525149255991
001624_JPG_jpg.rf.a3a7ed1ca4bdc41789b882fe5d7e3e94.jpg,1,0.6023750901222229,0.008502443321049213,0.029893875122070312,0.017004886642098427,0.0026969609316438437
001624_JPG_jpg.rf.a3a7ed1ca4bdc41789b882fe5d7e3e94.jpg,1,0.017844168469309807,0.31452691555023193,0.035475365817546844,0.10511079430580139,0.0016225706785917282
001624_JPG_jpg.rf.a3a7ed1ca4bdc41789b882fe5d7e3e94.jpg,0,0.3796410858631134,0.3856765925884247,0.02809256687760353,0.022252487018704414,0.0011731291888281703
001631_JPG_jpg.rf.18c57a703b3f30d8e2b21868d3657b5d.jpg,1,0.429889976978302,0.0717458501458168,0.1605893224477768,0.08175205439329147,0.940314769744873
001631_JPG_jpg.rf.18c57a703b3f30d8e2b21868d3657b5d.jpg,0,0.017060568556189537,0.05327363312244415,0.034121137112379074,0.09229926019906998,0.030374430119991302
001631_JPG_jpg.rf.18c57a703b3f30d8e2b21868d3657b5d.jpg,1,0.9834369421005249,0.0057727741077542305,0.03143765404820442,0.011545548215508461,0.003364309435710311
001631_JPG_jpg.rf.18c57a703b3f30d8e2b21868d3657b5d.jpg,1,0.01737634837627411,0.05996594950556755,0.034508079290390015,0.10649965703487396,0.0015681269578635693
001642_JPG_jpg.rf.1501f63859c8183e7b273ed3f677bb80.jpg,1,0.41991880536079407,0.10200893133878708,0.20655958354473114,0.11842617392539978,0.945963442325592
001642_JPG_jpg.rf.1501f63859c8183e7b273ed3f677bb80.jpg,9,0.15671221911907196,0.7068862915039062,0.06958650052547455,0.10608922690153122,0.010431664064526558
001642_JPG_jpg.rf.1501f63859c8183e7b273ed3f677bb80.jpg,1,0.26688748598098755,0.9069796800613403,0.27584171295166016,0.18604058027267456,0.002685202518478036
001642_JPG_jpg.rf.1501f63859c8183e7b273ed3f677bb80.jpg,5,0.15180017054080963,0.6901972889900208,0.05815023556351662,0.0746702030301094,0.0012660674983635545
001643_JPG_jpg.rf.bb0dd8813a6c24f91a4e04962aaa7f31.jpg,1,0.6251605153083801,0.1839299499988556,0.34426766633987427,0.20300403237342834,0.9854742288589478
001643_JPG_jpg.rf.bb0dd8813a6c24f91a4e04962aaa7f31.jpg,1,0.5515772104263306,0.18292957544326782,0.19456364214420319,0.18590658903121948,0.004798456095159054
001654_JPG_jpg.rf.e26100131533da63b018a72fab6586e3.jpg,1,0.3776327967643738,0.09882085025310516,0.1465558111667633,0.06341121345758438,0.8276333212852478
001654_JPG_jpg.rf.e26100131533da63b018a72fab6586e3.jpg,0,0.3895517587661743,0.3967149555683136,0.016196947544813156,0.02547605149447918,0.23346836864948273
001654_JPG_jpg.rf.e26100131533da63b018a72fab6586e3.jpg,0,0.40144363045692444,0.39488786458969116,0.029347456991672516,0.023880409076809883,0.018340645357966423
001654_JPG_jpg.rf.e26100131533da63b018a72fab6586e3.jpg,0,0.39772218465805054,0.4013683497905731,0.02607341855764389,0.022466953843832016,0.008068335242569447
001654_JPG_jpg.rf.e26100131533da63b018a72fab6586e3.jpg,0,0.38675162196159363,0.39265066385269165,0.017224861308932304,0.037261962890625,0.003652897896245122
001654_JPG_jpg.rf.e26100131533da63b018a72fab6586e3.jpg,0,0.38926827907562256,0.4050936996936798,0.018155574798583984,0.039203424006700516,0.0036282094661146402
001654_JPG_jpg.rf.e26100131533da63b018a72fab6586e3.jpg,5,0.04429398104548454,0.7567965388298035,0.08776655793190002,0.11489604413509369,0.0024902259465306997
001654_JPG_jpg.rf.e26100131533da63b018a72fab6586e3.jpg,0,0.4040418863296509,0.39226049184799194,0.03362197056412697,0.029003620147705078,0.0024448551703244448
001654_JPG_jpg.rf.e26100131533da63b018a72fab6586e3.jpg,0,0.41585424542427063,0.39295530319213867,0.023533638566732407,0.02168787457048893,0.0023227171041071415
001654_JPG_jpg.rf.e26100131533da63b018a72fab6586e3.jpg,9,0.37085992097854614,0.3852301239967346,0.019977422431111336,0.03696650639176369,0.0022547610569745302
001654_JPG_jpg.rf.e26100131533da63b018a72fab6586e3.jpg,1,0.385886549949646,0.3896529972553253,0.016567377373576164,0.039217766374349594,0.0017819782951846719
001654_JPG_jpg.rf.e26100131533da63b018a72fab6586e3.jpg,1,0.1961813122034073,0.024143066257238388,0.05137161165475845,0.048286132514476776,0.0016839908203110099
001654_JPG_jpg.rf.e26100131533da63b018a72fab6586e3.jpg,0,0.3753698170185089,0.4189731478691101,0.02124166488647461,0.015491852536797523,0.0015114608686417341
001654_JPG_jpg.rf.e26100131533da63b018a72fab6586e3.jpg,1,0.3401639759540558,0.3303692936897278,0.02440258115530014,0.019812436774373055,0.0012238002382218838
001656_JPG_jpg.rf.193bed9f1b03b8c4d46254c930216604.jpg,1,0.49036547541618347,0.17689190804958344,0.2741565406322479,0.13795223832130432,0.8501265645027161
001656_JPG_jpg.rf.193bed9f1b03b8c4d46254c930216604.jpg,0,0.490957111120224,0.1743391454219818,0.2870103716850281,0.13876132667064667,0.017099296674132347
001656_JPG_jpg.rf.193bed9f1b03b8c4d46254c930216604.jpg,1,0.5506542921066284,0.16060322523117065,0.38922595977783203,0.17455607652664185,0.004475128371268511
001656_JPG_jpg.rf.193bed9f1b03b8c4d46254c930216604.jpg,1,0.08256006240844727,0.008452572859823704,0.16512012481689453,0.016905145719647408,0.003576957853510976
001656_JPG_jpg.rf.193bed9f1b03b8c4d46254c930216604.jpg,1,0.3505385220050812,0.051313064992427826,0.4090796113014221,0.10262612998485565,0.0011353542795404792
001660_JPG_jpg.rf.41a9573c77f81a1dc9e669467db98386.jpg,1,0.33474650979042053,0.08376336842775345,0.14657527208328247,0.08181087672710419,0.8862671256065369
001660_JPG_jpg.rf.41a9573c77f81a1dc9e669467db98386.jpg,1,0.17149631679058075,0.01595114730298519,0.03461746126413345,0.03190052509307861,0.05123161897063255
001660_JPG_jpg.rf.41a9573c77f81a1dc9e669467db98386.jpg,14,0.5903378129005432,0.5986019372940063,0.022204581648111343,0.022958572953939438,0.002243871334940195
001660_JPG_jpg.rf.41a9573c77f81a1dc9e669467db98386.jpg,1,0.20331048965454102,0.015947382897138596,0.03420543670654297,0.031514350324869156,0.002061838749796152
001660_JPG_jpg.rf.41a9573c77f81a1dc9e669467db98386.jpg,0,0.33423709869384766,0.08365753293037415,0.14810429513454437,0.07965955138206482,0.0017162282019853592
001660_JPG_jpg.rf.41a9573c77f81a1dc9e669467db98386.jpg,1,0.6283857822418213,0.59862220287323,0.018582124263048172,0.025398841127753258,0.00129256013315171
001660_JPG_jpg.rf.41a9573c77f81a1dc9e669467db98386.jpg,1,0.1270538568496704,0.015854788944125175,0.0514468215405941,0.03170957788825035,0.0010069414274767041
001662_JPG_jpg.rf.97c2b266f1a788361d25be2305f03736.jpg,1,0.35506004095077515,0.18708552420139313,0.09048168361186981,0.05612257868051529,0.8349107503890991
001662_JPG_jpg.rf.97c2b266f1a788361d25be2305f03736.jpg,1,0.327298104763031,0.19185352325439453,0.025085266679525375,0.06103649362921715,0.38355743885040283
001662_JPG_jpg.rf.97c2b266f1a788361d25be2305f03736.jpg,10,0.7088929414749146,0.44470274448394775,0.01992012932896614,0.02896745316684246,0.16803137958049774
001662_JPG_jpg.rf.97c2b266f1a788361d25be2305f03736.jpg,9,0.7092003226280212,0.44526225328445435,0.020798830315470695,0.029044922441244125,0.07655303180217743
001662_JPG_jpg.rf.97c2b266f1a788361d25be2305f03736.jpg,1,0.5421446561813354,0.5846707224845886,0.027180084958672523,0.014171013608574867,0.0012573692947626114
001693_JPG_jpg.rf.9c74f3077d05257d04e7a58a48642fe0.jpg,1,0.5352030992507935,0.3186545968055725,0.20433546602725983,0.11410962790250778,0.17121709883213043
001693_JPG_jpg.rf.9c74f3077d05257d04e7a58a48642fe0.jpg,1,0.5662622451782227,0.31691694259643555,0.14251360297203064,0.1149308830499649,0.09296254813671112
001693_JPG_jpg.rf.9c74f3077d05257d04e7a58a48642fe0.jpg,14,0.5507492423057556,0.3188910186290741,0.17535528540611267,0.11289167404174805,0.07883241027593613
001693_JPG_jpg.rf.9c74f3077d05257d04e7a58a48642fe0.jpg,1,0.8557462692260742,0.02436053939163685,0.0421912856400013,0.04791112616658211,0.003818883327767253
001693_JPG_jpg.rf.9c74f3077d05257d04e7a58a48642fe0.jpg,14,0.4546637237071991,0.31789669394493103,0.06628722697496414,0.10084188729524612,0.0011706704972311854
001700_JPG_jpg.rf.4f29277e7dfa7365978e572fe9f9eee3.jpg,1,0.5422202348709106,0.10998034477233887,0.19993653893470764,0.06780277192592621,0.9254274964332581
001700_JPG_jpg.rf.4f29277e7dfa7365978e572fe9f9eee3.jpg,0,0.5580667853355408,0.10989101976156235,0.1720791906118393,0.06291604042053223,0.04733600467443466
001700_JPG_jpg.rf.4f29277e7dfa7365978e572fe9f9eee3.jpg,1,0.46333029866218567,0.29187414050102234,0.0760456994175911,0.03789488971233368,0.0020489993039518595
001700_JPG_jpg.rf.4f29277e7dfa7365978e572fe9f9eee3.jpg,1,0.5066624283790588,0.11301043629646301,0.12845230102539062,0.061006877571344376,0.001802354585379362
001700_JPG_jpg.rf.4f29277e7dfa7365978e572fe9f9eee3.jpg,1,0.9835802316665649,0.013829629868268967,0.031409408897161484,0.025696218013763428,0.0014940631808713078
001700_JPG_jpg.rf.4f29277e7dfa7365978e572fe9f9eee3.jpg,9,0.23401585221290588,0.5035185217857361,0.46803170442581177,0.9588512778282166,0.0011288352543488145
001700_JPG_jpg.rf.4f29277e7dfa7365978e572fe9f9eee3.jpg,1,0.4807437062263489,0.11506510525941849,0.07591228932142258,0.05741143226623535,0.0010219889227300882
001813_JPG_jpg.rf.2a732d7bc29b893c586a2bebea876f72.jpg,1,0.08375224471092224,0.9293458461761475,0.14736363291740417,0.10706447064876556,0.7098695635795593
001813_JPG_jpg.rf.2a732d7bc29b893c586a2bebea876f72.jpg,1,0.12024212628602982,0.9341232776641846,0.2303553968667984,0.11654699593782425,0.3857825994491577
001813_JPG_jpg.rf.2a732d7bc29b893c586a2bebea876f72.jpg,1,0.6015931367874146,0.6177140474319458,0.2510044276714325,0.7405036687850952,0.1498476266860962
001813_JPG_jpg.rf.2a732d7bc29b893c586a2bebea876f72.jpg,1,0.06346965581178665,0.9137093424797058,0.02547294832766056,0.0705878883600235,0.013132995925843716
001813_JPG_jpg.rf.2a732d7bc29b893c586a2bebea876f72.jpg,1,0.6645528078079224,0.6286564469337463,0.3695001006126404,0.7207721471786499,0.009274167008697987
001813_JPG_jpg.rf.2a732d7bc29b893c586a2bebea876f72.jpg,1,0.04099315032362938,0.9246413707733154,0.045419614762067795,0.103729248046875,0.008394191041588783
001813_JPG_jpg.rf.2a732d7bc29b893c586a2bebea876f72.jpg,1,0.6157776117324829,0.6307712197303772,0.1683853268623352,0.6889938712120056,0.00461081275716424
001813_JPG_jpg.rf.2a732d7bc29b893c586a2bebea876f72.jpg,1,0.06258733570575714,0.9222898483276367,0.03005858138203621,0.08957026898860931,0.003637864952906966
001813_JPG_jpg.rf.2a732d7bc29b893c586a2bebea876f72.jpg,1,0.03791360557079315,0.9240111112594604,0.03010186366736889,0.0923381969332695,0.0020201345905661583
001813_JPG_jpg.rf.2a732d7bc29b893c586a2bebea876f72.jpg,1,0.7190970182418823,0.6293610334396362,0.5264291167259216,0.7093223929405212,0.0018411715282127261
001813_JPG_jpg.rf.2a732d7bc29b893c586a2bebea876f72.jpg,1,0.09108546376228333,0.9305037260055542,0.174811452627182,0.1346515566110611,0.001691263634711504
001813_JPG_jpg.rf.2a732d7bc29b893c586a2bebea876f72.jpg,7,0.03733159601688385,0.9126700162887573,0.026771988719701767,0.06972848623991013,0.0016411319375038147
001813_JPG_jpg.rf.2a732d7bc29b893c586a2bebea876f72.jpg,0,0.9915640950202942,0.46961504220962524,0.016457704827189445,0.056203071027994156,0.0014157864497974515
001813_JPG_jpg.rf.2a732d7bc29b893c586a2bebea876f72.jpg,1,0.12840451300144196,0.9577869176864624,0.2568090260028839,0.07847477495670319,0.0013763410970568657
001826_JPG_jpg.rf.a805482f1c979ccfd35e378a2d5d78a6.jpg,8,0.1324610859155655,0.11058374494314194,0.13089391589164734,0.20083853602409363,0.9555820822715759
001826_JPG_jpg.rf.a805482f1c979ccfd35e378a2d5d78a6.jpg,0,0.5551398992538452,0.19288970530033112,0.22566047310829163,0.09936702996492386,0.9329098463058472
001826_JPG_jpg.rf.a805482f1c979ccfd35e378a2d5d78a6.jpg,8,0.11939848959445953,0.954330563545227,0.09550587832927704,0.09104648232460022,0.010661006905138493
001826_JPG_jpg.rf.a805482f1c979ccfd35e378a2d5d78a6.jpg,7,0.9950230121612549,0.2028481811285019,0.008569497615098953,0.030645646154880524,0.0017919102683663368
001826_JPG_jpg.rf.a805482f1c979ccfd35e378a2d5d78a6.jpg,8,0.1201094463467598,0.9670806527137756,0.08606981486082077,0.06583881378173828,0.0014386681141331792
001830_JPG_jpg.rf.80271bce54a1933c1c80ae661932ee2f.jpg,1,0.4387633204460144,0.12238620221614838,0.0995817556977272,0.04550456255674362,0.7487441897392273
001830_JPG_jpg.rf.80271bce54a1933c1c80ae661932ee2f.jpg,1,0.15495790541172028,0.22235839068889618,0.037143681198358536,0.1108383759856224,0.7379871010780334
001830_JPG_jpg.rf.80271bce54a1933c1c80ae661932ee2f.jpg,10,0.8055459260940552,0.40177008509635925,0.018007058650255203,0.0226605124771595,0.060989152640104294
001830_JPG_jpg.rf.80271bce54a1933c1c80ae661932ee2f.jpg,10,0.8028461933135986,0.4036593437194824,0.019904136657714844,0.024709701538085938,0.0016542405355721712
001833_JPG_jpg.rf.b6092f0bd597484bb9c205017e5c389f.jpg,1,0.5384895205497742,0.24389876425266266,0.24581241607666016,0.10315060615539551,0.933212399482727
001833_JPG_jpg.rf.b6092f0bd597484bb9c205017e5c389f.jpg,0,0.17395180463790894,0.9865559339523315,0.03568583354353905,0.02688818797469139,0.00545102171599865
001833_JPG_jpg.rf.b6092f0bd597484bb9c205017e5c389f.jpg,11,0.3351253867149353,0.2513948976993561,0.15111756324768066,0.1934182345867157,0.001455985358916223
001833_JPG_jpg.rf.b6092f0bd597484bb9c205017e5c389f.jpg,0,0.8582358956336975,0.9858595728874207,0.030472608283162117,0.028280844911932945,0.0010873066494241357
001857_JPG_jpg.rf.d447fe7f6ff27a88a5e983e0b5f2a821.jpg,0,0.4392726719379425,0.23028132319450378,0.0678737685084343,0.034548189491033554,0.5717236399650574
001857_JPG_jpg.rf.d447fe7f6ff27a88a5e983e0b5f2a821.jpg,0,0.622206449508667,0.3809793293476105,0.012170718051493168,0.01768886111676693,0.009777886793017387
001857_JPG_jpg.rf.d447fe7f6ff27a88a5e983e0b5f2a821.jpg,0,0.6454199552536011,0.36408427357673645,0.009274482727050781,0.03045140765607357,0.006669752299785614
001857_JPG_jpg.rf.d447fe7f6ff27a88a5e983e0b5f2a821.jpg,13,0.4993298649787903,0.6163522005081177,0.016870681196451187,0.02581765130162239,0.005637681111693382
001857_JPG_jpg.rf.d447fe7f6ff27a88a5e983e0b5f2a821.jpg,1,0.0887012630701065,0.554517924785614,0.03213269263505936,0.029094329103827477,0.0050965240225195885
001857_JPG_jpg.rf.d447fe7f6ff27a88a5e983e0b5f2a821.jpg,0,0.6214728951454163,0.3715353012084961,0.011774430051445961,0.012414822354912758,0.004000221379101276
001857_JPG_jpg.rf.d447fe7f6ff27a88a5e983e0b5f2a821.jpg,1,0.07968057692050934,0.5536389350891113,0.04684125632047653,0.02960432507097721,0.003827142296358943
001857_JPG_jpg.rf.d447fe7f6ff27a88a5e983e0b5f2a821.jpg,0,0.624934732913971,0.3785458207130432,0.012810120359063148,0.016860412433743477,0.0034262563567608595
001860_JPG_jpg.rf.6e8d22dbd246ecfaf521fbb30ff5e2fe.jpg,0,0.5228473544120789,0.26225364208221436,0.17327095568180084,0.09868970513343811,0.9040706753730774
001860_JPG_jpg.rf.6e8d22dbd246ecfaf521fbb30ff5e2fe.jpg,0,0.8310508728027344,0.9665414094924927,0.016956696286797523,0.061603911221027374,0.554958701133728
001860_JPG_jpg.rf.6e8d22dbd246ecfaf521fbb30ff5e2fe.jpg,0,0.9180258512496948,0.9193013906478882,0.03482591360807419,0.031564272940158844,0.03609570488333702
001860_JPG_jpg.rf.6e8d22dbd246ecfaf521fbb30ff5e2fe.jpg,11,0.38477590680122375,0.31749671697616577,0.10327159613370895,0.1868012696504593,0.032411184161901474
001860_JPG_jpg.rf.6e8d22dbd246ecfaf521fbb30ff5e2fe.jpg,0,0.9201028347015381,0.9169162511825562,0.024582643061876297,0.036294203251600266,0.00802039634436369
001860_JPG_jpg.rf.6e8d22dbd246ecfaf521fbb30ff5e2fe.jpg,1,0.8932027220726013,0.9466807842254639,0.02070082165300846,0.07494009286165237,0.007213273551315069
001860_JPG_jpg.rf.6e8d22dbd246ecfaf521fbb30ff5e2fe.jpg,1,0.8946917653083801,0.921565592288971,0.02012384869158268,0.03132665902376175,0.006344306282699108
001860_JPG_jpg.rf.6e8d22dbd246ecfaf521fbb30ff5e2fe.jpg,8,0.8936196565628052,0.9230496883392334,0.01647186279296875,0.031701307743787766,0.005657265428453684
001860_JPG_jpg.rf.6e8d22dbd246ecfaf521fbb30ff5e2fe.jpg,1,0.7524869441986084,0.3185812532901764,0.00872039794921875,0.018380312249064445,0.0029922770336270332
001860_JPG_jpg.rf.6e8d22dbd246ecfaf521fbb30ff5e2fe.jpg,0,0.5335464477539062,0.24735869467258453,0.15498028695583344,0.0673741027712822,0.002936094766482711
001860_JPG_jpg.rf.6e8d22dbd246ecfaf521fbb30ff5e2fe.jpg,1,0.9189487099647522,0.9221101999282837,0.031594421714544296,0.027967453002929688,0.0025713364593684673
001860_JPG_jpg.rf.6e8d22dbd246ecfaf521fbb30ff5e2fe.jpg,1,0.8912659287452698,0.9548054933547974,0.029849858954548836,0.09038888663053513,0.0023445873521268368
001860_JPG_jpg.rf.6e8d22dbd246ecfaf521fbb30ff5e2fe.jpg,0,0.8355895280838013,0.9768852591514587,0.028242111206054688,0.04622936248779297,0.0016476913588121533
001860_JPG_jpg.rf.6e8d22dbd246ecfaf521fbb30ff5e2fe.jpg,0,0.822395920753479,0.9652000069618225,0.018427995964884758,0.06702694296836853,0.0015952163375914097
001860_JPG_jpg.rf.6e8d22dbd246ecfaf521fbb30ff5e2fe.jpg,8,0.8900045156478882,0.9232056140899658,0.021485548466444016,0.030567388981580734,0.0013896398013457656
001860_JPG_jpg.rf.6e8d22dbd246ecfaf521fbb30ff5e2fe.jpg,0,0.8265901803970337,0.9659962058067322,0.024302629753947258,0.06777645647525787,0.001138968043960631
001918_jpg.rf.cf4263574ace70aef2c9045b9cde5a85.jpg,6,0.5109209418296814,0.7452434301376343,0.24599163234233856,0.3107374310493469,0.8182716965675354
001918_jpg.rf.cf4263574ace70aef2c9045b9cde5a85.jpg,8,0.5229780077934265,0.35962116718292236,0.42862269282341003,0.4546350836753845,0.10543403029441833
001918_jpg.rf.cf4263574ace70aef2c9045b9cde5a85.jpg,4,0.744286298751831,0.4781990051269531,0.09447339922189713,0.07528286427259445,0.0033930260688066483
001982_jpg.rf.6d24adf886f0c39c03910738d4ecc170.jpg,1,0.7746592164039612,0.26019710302352905,0.11192835122346878,0.24351900815963745,0.803741991519928
001982_jpg.rf.6d24adf886f0c39c03910738d4ecc170.jpg,11,0.7718937397003174,0.43950074911117554,0.067842997610569,0.09248121082782745,0.15978780388832092
001982_jpg.rf.6d24adf886f0c39c03910738d4ecc170.jpg,1,0.763065755367279,0.23027434945106506,0.08079814910888672,0.17715615034103394,0.04381134361028671
001982_jpg.rf.6d24adf886f0c39c03910738d4ecc170.jpg,8,0.1822490692138672,0.45263510942459106,0.023060139268636703,0.03497314453125,0.014113918878138065
001982_jpg.rf.6d24adf886f0c39c03910738d4ecc170.jpg,1,0.3638521432876587,0.24124175310134888,0.02832673117518425,0.017277918756008148,0.005945176351815462
001982_jpg.rf.6d24adf886f0c39c03910738d4ecc170.jpg,3,0.7700315713882446,0.5290437936782837,0.06046082451939583,0.09934194386005402,0.005077037028968334
001982_jpg.rf.6d24adf886f0c39c03910738d4ecc170.jpg,1,0.7536084055900574,0.21709662675857544,0.060748908668756485,0.13752278685569763,0.0033342898823320866
001982_jpg.rf.6d24adf886f0c39c03910738d4ecc170.jpg,7,0.18202410638332367,0.4526570439338684,0.02135241962969303,0.03380434215068817,0.003038157243281603
001982_jpg.rf.6d24adf886f0c39c03910738d4ecc170.jpg,1,0.811251699924469,0.24277004599571228,0.03466510772705078,0.2015753537416458,0.0012622211361303926
001996_jpg.rf.e04928f5210adad4b15f5a851c83b514.jpg,1,0.671955406665802,0.5408904552459717,0.26929017901420593,0.5365262031555176,0.8413177728652954
001996_jpg.rf.e04928f5210adad4b15f5a851c83b514.jpg,1,0.684149980545044,0.5409048795700073,0.35456305742263794,0.6035036444664001,0.315420538187027
001996_jpg.rf.e04928f5210adad4b15f5a851c83b514.jpg,1,0.6484676599502563,0.4382641017436981,0.2181568443775177,0.32680100202560425,0.10122425854206085
001996_jpg.rf.e04928f5210adad4b15f5a851c83b514.jpg,1,0.6280853748321533,0.4132699966430664,0.18105030059814453,0.274362713098526,0.01835707016289234
001996_jpg.rf.e04928f5210adad4b15f5a851c83b514.jpg,1,0.7404079437255859,0.6590014100074768,0.28841912746429443,0.5226514339447021,0.0013826907379552722
002188_jpg.rf.0c0627398b64450d4f392c77290207fe.jpg,1,0.7152352929115295,0.3373737633228302,0.3383740782737732,0.16026201844215393,0.9379186034202576
002188_jpg.rf.0c0627398b64450d4f392c77290207fe.jpg,0,0.7590172290802002,0.328872412443161,0.2550821304321289,0.15591934323310852,0.00860561989247799
002188_jpg.rf.0c0627398b64450d4f392c77290207fe.jpg,5,0.04589802026748657,0.7424637675285339,0.03608529642224312,0.06054870784282684,0.0013876501470804214
002188_jpg.rf.0c0627398b64450d4f392c77290207fe.jpg,1,0.6499103903770447,0.35104453563690186,0.204548180103302,0.14343538880348206,0.0013322833692654967
0023f366-a173-4ba7-952c-63f5698c022d_jpg.rf.9edd5a29eae0884e275e51ee445d1a10.jpg,1,0.5481497049331665,0.4929703176021576,0.6723578572273254,0.8403948545455933,0.8812187910079956
0023f366-a173-4ba7-952c-63f5698c022d_jpg.rf.9edd5a29eae0884e275e51ee445d1a10.jpg,1,0.1486458033323288,0.49295774102211,0.29704758524894714,0.9569008946418762,0.32215502858161926
0023f366-a173-4ba7-952c-63f5698c022d_jpg.rf.9edd5a29eae0884e275e51ee445d1a10.jpg,1,0.8830082416534424,0.5170321464538574,0.23154941201210022,0.84358811378479,0.004729248583316803
0023f366-a173-4ba7-952c-63f5698c022d_jpg.rf.9edd5a29eae0884e275e51ee445d1a10.jpg,0,0.891615629196167,0.5017010569572449,0.21676863729953766,0.8775876760482788,0.003930556122213602
0023f366-a173-4ba7-952c-63f5698c022d_jpg.rf.9edd5a29eae0884e275e51ee445d1a10.jpg,1,0.8070250153541565,0.5097207427024841,0.38594990968704224,0.8577508330345154,0.0018778953235596418
0230d0a6-0eac-4bf1-bc0c-560f18ad7415_jpg.rf.48f1963e9fbe5a6b0179b33762a2eb65.jpg,1,0.5748835802078247,0.4961036443710327,0.6291706562042236,0.8238868713378906,0.7299615740776062
0313fdea-c8b1-458b-adac-adcb4aac3622_jpg.rf.78780f33ec642080187f26937e8005be.jpg,1,0.5632107257843018,0.5243419408798218,0.6972399353981018,0.8392444252967834,0.9103862047195435
0313fdea-c8b1-458b-adac-adcb4aac3622_jpg.rf.78780f33ec642080187f26937e8005be.jpg,0,0.860053300857544,0.4685678482055664,0.2798934280872345,0.7858085632324219,0.17452873289585114
0313fdea-c8b1-458b-adac-adcb4aac3622_jpg.rf.78780f33ec642080187f26937e8005be.jpg,0,0.7069969177246094,0.4699134826660156,0.5860061049461365,0.7723003029823303,0.0782918930053711
0313fdea-c8b1-458b-adac-adcb4aac3622_jpg.rf.78780f33ec642080187f26937e8005be.jpg,0,0.1541871875524521,0.4828048348426819,0.30832478404045105,0.9248329401016235,0.004116555210202932
0313fdea-c8b1-458b-adac-adcb4aac3622_jpg.rf.78780f33ec642080187f26937e8005be.jpg,1,0.6238259673118591,0.021381428465247154,0.0336778350174427,0.04219011217355728,0.0038788639940321445
0313fdea-c8b1-458b-adac-adcb4aac3622_jpg.rf.78780f33ec642080187f26937e8005be.jpg,1,0.8659681081771851,0.4608364403247833,0.2680637538433075,0.770422637462616,0.002836576895788312
0313fdea-c8b1-458b-adac-adcb4aac3622_jpg.rf.78780f33ec642080187f26937e8005be.jpg,1,0.6109362840652466,0.02223813161253929,0.019633475691080093,0.04367068037390709,0.001184757798910141
0590a57d-491c-4322-b287-594d5511e79b_jpg.rf.654f0a4f98fad473e55cc437d1c9d902.jpg,0,0.4811179041862488,0.5421950221061707,0.5892599821090698,0.844171404838562,0.9686893820762634
0590a57d-491c-4322-b287-594d5511e79b_jpg.rf.654f0a4f98fad473e55cc437d1c9d902.jpg,1,0.0927271693944931,0.4740139842033386,0.1854543387889862,0.9219264984130859,0.005719840060919523
0590a57d-491c-4322-b287-594d5511e79b_jpg.rf.654f0a4f98fad473e55cc437d1c9d902.jpg,0,0.8194226622581482,0.5122763514518738,0.36115461587905884,0.9640471935272217,0.001924274256452918
0629fae7-2357-4fa2-a599-750358cf7e2e_jpg.rf.363911291d5f6f7fe0e031331fd7e4e9.jpg,0,0.49235999584198,0.5115897059440613,0.7799831628799438,0.8482283353805542,0.9778581261634827
0629fae7-2357-4fa2-a599-750358cf7e2e_jpg.rf.363911291d5f6f7fe0e031331fd7e4e9.jpg,0,0.8616465330123901,0.45147138833999634,0.27629199624061584,0.9029427766799927,0.7438137531280518
0629fae7-2357-4fa2-a599-750358cf7e2e_jpg.rf.363911291d5f6f7fe0e031331fd7e4e9.jpg,0,0.769088089466095,0.4519520401954651,0.4611005485057831,0.9032351970672607,0.6736524105072021
0629fae7-2357-4fa2-a599-750358cf7e2e_jpg.rf.363911291d5f6f7fe0e031331fd7e4e9.jpg,1,0.13093119859695435,0.443980872631073,0.2618623971939087,0.8866792917251587,0.11643420159816742
0629fae7-2357-4fa2-a599-750358cf7e2e_jpg.rf.363911291d5f6f7fe0e031331fd7e4e9.jpg,1,0.8587261438369751,0.4644956588745117,0.2811412811279297,0.9289913177490234,0.087630495429039
0629fae7-2357-4fa2-a599-750358cf7e2e_jpg.rf.363911291d5f6f7fe0e031331fd7e4e9.jpg,0,0.10971745103597641,0.4805818200111389,0.21943490207195282,0.9611636400222778,0.08116178214550018
0629fae7-2357-4fa2-a599-750358cf7e2e_jpg.rf.363911291d5f6f7fe0e031331fd7e4e9.jpg,1,0.48127275705337524,0.44460952281951904,0.8375180959701538,0.8803830742835999,0.049183525145053864
0629fae7-2357-4fa2-a599-750358cf7e2e_jpg.rf.363911291d5f6f7fe0e031331fd7e4e9.jpg,1,0.6966152191162109,0.2888851463794708,0.5961273312568665,0.5777702927589417,0.021323464810848236
0629fae7-2357-4fa2-a599-750358cf7e2e_jpg.rf.363911291d5f6f7fe0e031331fd7e4e9.jpg,1,0.10486406832933426,0.523402988910675,0.20967260003089905,0.9053634405136108,0.007955086417496204
0629fae7-2357-4fa2-a599-750358cf7e2e_jpg.rf.363911291d5f6f7fe0e031331fd7e4e9.jpg,1,0.7498592138290405,0.025068582966923714,0.04296112060546875,0.05013716593384743,0.0029961515683680773
0629fae7-2357-4fa2-a599-750358cf7e2e_jpg.rf.363911291d5f6f7fe0e031331fd7e4e9.jpg,1,0.6961735486984253,0.182878315448761,0.6037735939025879,0.36572426557540894,0.00286107393912971
0629fae7-2357-4fa2-a599-750358cf7e2e_jpg.rf.363911291d5f6f7fe0e031331fd7e4e9.jpg,1,0.45470327138900757,0.30037954449653625,0.7644069194793701,0.6005752682685852,0.002782480325549841
0629fae7-2357-4fa2-a599-750358cf7e2e_jpg.rf.363911291d5f6f7fe0e031331fd7e4e9.jpg,1,0.47968530654907227,0.18769854307174683,0.9041039943695068,0.37539708614349365,0.0022833754774183035
0629fae7-2357-4fa2-a599-750358cf7e2e_jpg.rf.363911291d5f6f7fe0e031331fd7e4e9.jpg,1,0.7201585173606873,0.4316387176513672,0.5595006942749023,0.860748291015625,0.0020725775975733995
0629fae7-2357-4fa2-a599-750358cf7e2e_jpg.rf.363911291d5f6f7fe0e031331fd7e4e9.jpg,1,0.554498016834259,0.34178611636161804,0.8301397562026978,0.6835722327232361,0.00201740232296288
0629fae7-2357-4fa2-a599-750358cf7e2e_jpg.rf.363911291d5f6f7fe0e031331fd7e4e9.jpg,1,0.20351839065551758,0.427863746881485,0.40703678131103516,0.85572749376297,0.0019314279779791832
0629fae7-2357-4fa2-a599-750358cf7e2e_jpg.rf.363911291d5f6f7fe0e031331fd7e4e9.jpg,1,0.796448826789856,0.3906746506690979,0.4071022868156433,0.7804431915283203,0.0016866311198100448
0629fae7-2357-4fa2-a599-750358cf7e2e_jpg.rf.363911291d5f6f7fe0e031331fd7e4e9.jpg,1,0.11567514389753342,0.28449952602386475,0.23135028779506683,0.566392183303833,0.0013511567376554012
0629fae7-2357-4fa2-a599-750358cf7e2e_jpg.rf.363911291d5f6f7fe0e031331fd7e4e9.jpg,1,0.6937497854232788,0.11712241172790527,0.6098641157150269,0.23424053192138672,0.0011739502660930157
0629fae7-2357-4fa2-a599-750358cf7e2e_jpg.rf.363911291d5f6f7fe0e031331fd7e4e9.jpg,1,0.21761074662208557,0.10169153660535812,0.4347692131996155,0.20338307321071625,0.001083746668882668
080e28db-6b07-4f03-a3c3-0803f43cc2ea_jpg.rf.8db090c85fe85dbff2c2f30a30efb0e1.jpg,1,0.522230327129364,0.4777970612049103,0.540831983089447,0.8199970722198486,0.8706188797950745
080e28db-6b07-4f03-a3c3-0803f43cc2ea_jpg.rf.8db090c85fe85dbff2c2f30a30efb0e1.jpg,6,0.0807129293680191,0.2988383173942566,0.1614258587360382,0.2826208770275116,0.04613121598958969
080e28db-6b07-4f03-a3c3-0803f43cc2ea_jpg.rf.8db090c85fe85dbff2c2f30a30efb0e1.jpg,1,0.8067433834075928,0.7127529978752136,0.3560129404067993,0.5661676526069641,0.00918086338788271
080e28db-6b07-4f03-a3c3-0803f43cc2ea_jpg.rf.8db090c85fe85dbff2c2f30a30efb0e1.jpg,1,0.19998003542423248,0.4045250117778778,0.3919307291507721,0.7671633362770081,0.007425170391798019
080e28db-6b07-4f03-a3c3-0803f43cc2ea_jpg.rf.8db090c85fe85dbff2c2f30a30efb0e1.jpg,9,0.08352664113044739,0.2975974380970001,0.16643500328063965,0.28484344482421875,0.005573301576077938
080e28db-6b07-4f03-a3c3-0803f43cc2ea_jpg.rf.8db090c85fe85dbff2c2f30a30efb0e1.jpg,1,0.8589232563972473,0.47576844692230225,0.28176403045654297,0.8729223012924194,0.003986226860433817
080e28db-6b07-4f03-a3c3-0803f43cc2ea_jpg.rf.8db090c85fe85dbff2c2f30a30efb0e1.jpg,1,0.4752383530139923,0.636193573474884,0.4560059905052185,0.49621981382369995,0.0021320588421076536
080e28db-6b07-4f03-a3c3-0803f43cc2ea_jpg.rf.8db090c85fe85dbff2c2f30a30efb0e1.jpg,1,0.8158665895462036,0.6058582067489624,0.36711040139198303,0.674729585647583,0.0011083426652476192
0866866d-298d-4bff-afa0-6456ad7fd807_jpg.rf.3bcf97c79a92aac15ad03419bbadf199.jpg,1,0.4505048990249634,0.4744623303413391,0.5569934844970703,0.8822113275527954,0.9415450692176819
0866866d-298d-4bff-afa0-6456ad7fd807_jpg.rf.3bcf97c79a92aac15ad03419bbadf199.jpg,1,0.8346640467643738,0.5114297866821289,0.3293878138065338,0.9740817546844482,0.6934878826141357
0866866d-298d-4bff-afa0-6456ad7fd807_jpg.rf.3bcf97c79a92aac15ad03419bbadf199.jpg,1,0.1888190656900406,0.46081531047821045,0.3776381313800812,0.9182546138763428,0.6919437050819397
0866866d-298d-4bff-afa0-6456ad7fd807_jpg.rf.3bcf97c79a92aac15ad03419bbadf199.jpg,1,0.34368520975112915,0.46087950468063354,0.6873704195022583,0.9151145219802856,0.0914476290345192
0866866d-298d-4bff-afa0-6456ad7fd807_jpg.rf.3bcf97c79a92aac15ad03419bbadf199.jpg,1,0.6420351266860962,0.4999188780784607,0.6796824932098389,0.9370068907737732,0.08174878358840942
0866866d-298d-4bff-afa0-6456ad7fd807_jpg.rf.3bcf97c79a92aac15ad03419bbadf199.jpg,1,0.12002262473106384,0.4688167870044708,0.24004524946212769,0.9376335740089417,0.07212353497743607
0866866d-298d-4bff-afa0-6456ad7fd807_jpg.rf.3bcf97c79a92aac15ad03419bbadf199.jpg,1,0.7433815002441406,0.507879376411438,0.4175674617290497,0.9650901556015015,0.012685943394899368
0866866d-298d-4bff-afa0-6456ad7fd807_jpg.rf.3bcf97c79a92aac15ad03419bbadf199.jpg,1,0.08566330373287201,0.464495450258255,0.17132660746574402,0.9260553121566772,0.01073089987039566
08724eba-901b-4e19-883d-1cc236532391_jpg.rf.58818e500202bb38a13268b4cd2c4f4a.jpg,0,0.48561716079711914,0.5408357977867126,0.6982770562171936,0.8161830902099609,0.9994798302650452
08724eba-901b-4e19-883d-1cc236532391_jpg.rf.58818e500202bb38a13268b4cd2c4f4a.jpg,0,0.7743771076202393,0.47973549365997314,0.4477422535419464,0.9315977096557617,0.40161678194999695
08724eba-901b-4e19-883d-1cc236532391_jpg.rf.58818e500202bb38a13268b4cd2c4f4a.jpg,0,0.8393267393112183,0.47039109468460083,0.3207964599132538,0.9407821893692017,0.16249404847621918
08724eba-901b-4e19-883d-1cc236532391_jpg.rf.58818e500202bb38a13268b4cd2c4f4a.jpg,0,0.44688212871551514,0.47136449813842773,0.8930783867835999,0.9427289962768555,0.1575869470834732
08724eba-901b-4e19-883d-1cc236532391_jpg.rf.58818e500202bb38a13268b4cd2c4f4a.jpg,1,0.444857656955719,0.4312068521976471,0.8180791139602661,0.8624137043952942,0.033842992037534714
08724eba-901b-4e19-883d-1cc236532391_jpg.rf.58818e500202bb38a13268b4cd2c4f4a.jpg,0,0.6616840362548828,0.4906653165817261,0.6766319274902344,0.8676793575286865,0.003935496788471937
08724eba-901b-4e19-883d-1cc236532391_jpg.rf.58818e500202bb38a13268b4cd2c4f4a.jpg,0,0.8833873271942139,0.6075394749641418,0.23254241049289703,0.7056605815887451,0.0036258657928556204
08724eba-901b-4e19-883d-1cc236532391_jpg.rf.58818e500202bb38a13268b4cd2c4f4a.jpg,0,0.7897135615348816,0.6028344035148621,0.419998437166214,0.6727325916290283,0.002407580614089966
08724eba-901b-4e19-883d-1cc236532391_jpg.rf.58818e500202bb38a13268b4cd2c4f4a.jpg,0,0.7396844625473022,0.6513032913208008,0.5206311345100403,0.5599672794342041,0.0022692722268402576
08724eba-901b-4e19-883d-1cc236532391_jpg.rf.58818e500202bb38a13268b4cd2c4f4a.jpg,0,0.533780038356781,0.6939967274665833,0.4685799479484558,0.47622573375701904,0.0017321958439424634
08724eba-901b-4e19-883d-1cc236532391_jpg.rf.58818e500202bb38a13268b4cd2c4f4a.jpg,0,0.5993619561195374,0.6270395517349243,0.49383318424224854,0.6366080641746521,0.0014294588472694159
08724eba-901b-4e19-883d-1cc236532391_jpg.rf.58818e500202bb38a13268b4cd2c4f4a.jpg,1,0.728672444820404,0.3885951340198517,0.5388443470001221,0.764137864112854,0.0010014136787503958
09282467-3e63-4506-9252-a0fd5b913deb_jpg.rf.7c3a79616a712d7b1f231bc9108d8db7.jpg,0,0.5093593001365662,0.48040226101875305,0.6996781229972839,0.8153693079948425,0.9998998641967773
09282467-3e63-4506-9252-a0fd5b913deb_jpg.rf.7c3a79616a712d7b1f231bc9108d8db7.jpg,0,0.38117116689682007,0.4634471535682678,0.5346116423606873,0.8528362512588501,0.01481077540665865
09282467-3e63-4506-9252-a0fd5b913deb_jpg.rf.7c3a79616a712d7b1f231bc9108d8db7.jpg,0,0.1818518489599228,0.4474107623100281,0.3637036979198456,0.8948215246200562,0.004007149953395128
09282467-3e63-4506-9252-a0fd5b913deb_jpg.rf.7c3a79616a712d7b1f231bc9108d8db7.jpg,0,0.31678903102874756,0.6443424820899963,0.4667512774467468,0.44033414125442505,0.0021458452101796865
09282467-3e63-4506-9252-a0fd5b913deb_jpg.rf.7c3a79616a712d7b1f231bc9108d8db7.jpg,0,0.4338504672050476,0.6965344548225403,0.7060697078704834,0.39271071553230286,0.0017995788948610425
09282467-3e63-4506-9252-a0fd5b913deb_jpg.rf.7c3a79616a712d7b1f231bc9108d8db7.jpg,0,0.28896564245224,0.5624508261680603,0.4119007885456085,0.5996275544166565,0.0016823490150272846
098904b8-c355-46e6-b644-52387480db96_jpg.rf.ed1b718605fa48e5c0cfbc438da6d050.jpg,0,0.5353644490242004,0.5088485479354858,0.7265821695327759,0.8966421484947205,0.9654691219329834
098904b8-c355-46e6-b644-52387480db96_jpg.rf.ed1b718605fa48e5c0cfbc438da6d050.jpg,0,0.8320739269256592,0.5107160210609436,0.333244264125824,0.9368749856948853,0.5610833168029785
098904b8-c355-46e6-b644-52387480db96_jpg.rf.ed1b718605fa48e5c0cfbc438da6d050.jpg,1,0.8389749526977539,0.5284687876701355,0.3220500946044922,0.9236108064651489,0.34674519300460815
098904b8-c355-46e6-b644-52387480db96_jpg.rf.ed1b718605fa48e5c0cfbc438da6d050.jpg,1,0.09881661832332611,0.4771941900253296,0.19763323664665222,0.9510706663131714,0.02391349896788597
098904b8-c355-46e6-b644-52387480db96_jpg.rf.ed1b718605fa48e5c0cfbc438da6d050.jpg,0,0.15698988735675812,0.47999292612075806,0.31397977471351624,0.9499080181121826,0.004803224932402372
10a18f3d-79d7-447f-ab9e-6de78b09477f_jpg.rf.8ce6805731f28537f453028a8d5a4885.jpg,1,0.553907573223114,0.4797128438949585,0.8477565050125122,0.8943570852279663,0.802547812461853
10a18f3d-79d7-447f-ab9e-6de78b09477f_jpg.rf.8ce6805731f28537f453028a8d5a4885.jpg,1,0.8779841065406799,0.47067099809646606,0.24403175711631775,0.9176026582717896,0.009553170762956142
10a18f3d-79d7-447f-ab9e-6de78b09477f_jpg.rf.8ce6805731f28537f453028a8d5a4885.jpg,1,0.3933705687522888,0.2974889278411865,0.01491172518581152,0.04014217108488083,0.00101502297911793
1141c383-3413-40a0-a550-7253129d4a4a_jpg.rf.5d2d3eba0b2dbca166bc5c51fe7e607d.jpg,0,0.5831248164176941,0.48860442638397217,0.6919453144073486,0.8616014122962952,0.999863862991333
1141c383-3413-40a0-a550-7253129d4a4a_jpg.rf.5d2d3eba0b2dbca166bc5c51fe7e607d.jpg,1,0.09946707636117935,0.4898782968521118,0.1986430585384369,0.9606788158416748,0.053673066198825836
1141c383-3413-40a0-a550-7253129d4a4a_jpg.rf.5d2d3eba0b2dbca166bc5c51fe7e607d.jpg,0,0.7768836617469788,0.5084767937660217,0.406461238861084,0.9124008417129517,0.05353085696697235
1141c383-3413-40a0-a550-7253129d4a4a_jpg.rf.5d2d3eba0b2dbca166bc5c51fe7e607d.jpg,0,0.6633952260017395,0.5619226694107056,0.5547283887863159,0.8087813258171082,0.003690516809001565
1141c383-3413-40a0-a550-7253129d4a4a_jpg.rf.5d2d3eba0b2dbca166bc5c51fe7e607d.jpg,0,0.8875398635864258,0.5088450312614441,0.22492027282714844,0.9115422964096069,0.003296902170404792
1141c383-3413-40a0-a550-7253129d4a4a_jpg.rf.5d2d3eba0b2dbca166bc5c51fe7e607d.jpg,0,0.1365068405866623,0.4514789581298828,0.2730136811733246,0.9027080535888672,0.0020814440213143826
1141c383-3413-40a0-a550-7253129d4a4a_jpg.rf.5d2d3eba0b2dbca166bc5c51fe7e607d.jpg,0,0.47304436564445496,0.5090314745903015,0.45454221963882446,0.9237624406814575,0.0015813471982255578
182a7c98-60cb-46a4-a89b-ad3500515c3a_jpg.rf.2a5a1477064c1cd7dbe34e2e9a982a9e.jpg,0,0.48985958099365234,0.48716500401496887,0.8448075652122498,0.9727692008018494,0.9995172023773193
182a7c98-60cb-46a4-a89b-ad3500515c3a_jpg.rf.2a5a1477064c1cd7dbe34e2e9a982a9e.jpg,0,0.8169516324996948,0.4831036329269409,0.3625065088272095,0.9601331353187561,0.905384361743927
182a7c98-60cb-46a4-a89b-ad3500515c3a_jpg.rf.2a5a1477064c1cd7dbe34e2e9a982a9e.jpg,1,0.12311600148677826,0.47260916233062744,0.24623200297355652,0.9409263134002686,0.19962124526500702
182a7c98-60cb-46a4-a89b-ad3500515c3a_jpg.rf.2a5a1477064c1cd7dbe34e2e9a982a9e.jpg,1,0.8706603646278381,0.3667086362838745,0.2586793899536133,0.7316003441810608,0.19698840379714966
182a7c98-60cb-46a4-a89b-ad3500515c3a_jpg.rf.2a5a1477064c1cd7dbe34e2e9a982a9e.jpg,1,0.8194973468780518,0.35170188546180725,0.36100533604621887,0.7020460367202759,0.08720308542251587
182a7c98-60cb-46a4-a89b-ad3500515c3a_jpg.rf.2a5a1477064c1cd7dbe34e2e9a982a9e.jpg,1,0.3163357079029083,0.30450910329818726,0.5874688029289246,0.6084422469139099,0.05395897850394249
182a7c98-60cb-46a4-a89b-ad3500515c3a_jpg.rf.2a5a1477064c1cd7dbe34e2e9a982a9e.jpg,1,0.48401933908462524,0.4405115842819214,0.9283033609390259,0.8785704970359802,0.015998192131519318
182a7c98-60cb-46a4-a89b-ad3500515c3a_jpg.rf.2a5a1477064c1cd7dbe34e2e9a982a9e.jpg,1,0.10695001482963562,0.36935240030288696,0.21390002965927124,0.7350139617919922,0.011150320991873741
182a7c98-60cb-46a4-a89b-ad3500515c3a_jpg.rf.2a5a1477064c1cd7dbe34e2e9a982a9e.jpg,1,0.4736485481262207,0.29976242780685425,0.9269450902938843,0.5995248556137085,0.009686422534286976
182a7c98-60cb-46a4-a89b-ad3500515c3a_jpg.rf.2a5a1477064c1cd7dbe34e2e9a982a9e.jpg,1,0.8753319382667542,0.24182862043380737,0.2493360936641693,0.48365724086761475,0.0035703580360859632
182a7c98-60cb-46a4-a89b-ad3500515c3a_jpg.rf.2a5a1477064c1cd7dbe34e2e9a982a9e.jpg,1,0.05605373531579971,0.2262425422668457,0.11206091940402985,0.4510253667831421,0.0020081237889826298
182a7c98-60cb-46a4-a89b-ad3500515c3a_jpg.rf.2a5a1477064c1cd7dbe34e2e9a982a9e.jpg,1,0.8800106644630432,0.122861847281456,0.23873843252658844,0.245723694562912,0.0019357465207576752
182a7c98-60cb-46a4-a89b-ad3500515c3a_jpg.rf.2a5a1477064c1cd7dbe34e2e9a982a9e.jpg,1,0.6250441670417786,0.3892034888267517,0.6643336415290833,0.7729727625846863,0.0017338101752102375
182a7c98-60cb-46a4-a89b-ad3500515c3a_jpg.rf.2a5a1477064c1cd7dbe34e2e9a982a9e.jpg,1,0.05658053606748581,0.1400657445192337,0.11309214681386948,0.2800096869468689,0.0016857448499649763
182a7c98-60cb-46a4-a89b-ad3500515c3a_jpg.rf.2a5a1477064c1cd7dbe34e2e9a982a9e.jpg,1,0.27762916684150696,0.22849208116531372,0.5441623330116272,0.4567812383174896,0.0013791155070066452
182a7c98-60cb-46a4-a89b-ad3500515c3a_jpg.rf.2a5a1477064c1cd7dbe34e2e9a982a9e.jpg,1,0.26611778140068054,0.12150710076093674,0.5230676531791687,0.24301420152187347,0.0012561518233269453
182a7c98-60cb-46a4-a89b-ad3500515c3a_jpg.rf.2a5a1477064c1cd7dbe34e2e9a982a9e.jpg,1,0.8310474157333374,0.1807868480682373,0.3379051387310028,0.3615736961364746,0.0011117513058707118
2257b962-595c-43ae-8f0d-575f1b55beb8_jpg.rf.d8ba84a72e00584f12f54d3cf03c8dc0.jpg,0,0.5250155925750732,0.4908684492111206,0.5450872778892517,0.8421306014060974,0.9975132942199707
2257b962-595c-43ae-8f0d-575f1b55beb8_jpg.rf.d8ba84a72e00584f12f54d3cf03c8dc0.jpg,0,0.7579212784767151,0.47973209619522095,0.48415738344192505,0.9535722732543945,0.9263296723365784
2257b962-595c-43ae-8f0d-575f1b55beb8_jpg.rf.d8ba84a72e00584f12f54d3cf03c8dc0.jpg,0,0.180548295378685,0.4824617803096771,0.3550550043582916,0.9256209135055542,0.596045732498169
2257b962-595c-43ae-8f0d-575f1b55beb8_jpg.rf.d8ba84a72e00584f12f54d3cf03c8dc0.jpg,0,0.27025261521339417,0.45415419340133667,0.5405052304267883,0.8952842950820923,0.012231460772454739
2257b962-595c-43ae-8f0d-575f1b55beb8_jpg.rf.d8ba84a72e00584f12f54d3cf03c8dc0.jpg,0,0.6578760743141174,0.463652640581131,0.6842479109764099,0.9105480909347534,0.0014137222897261381
2257b962-595c-43ae-8f0d-575f1b55beb8_jpg.rf.d8ba84a72e00584f12f54d3cf03c8dc0.jpg,1,0.2005571722984314,0.3907807469367981,0.3979306221008301,0.7773525714874268,0.0010055595776066184
24085f02-5dde-4b59-ad8e-887935bd08e1_jpg.rf.d216c61af0d1adf927b98f242a4fe85f.jpg,0,0.43797433376312256,0.5065299868583679,0.7628452777862549,0.9721053838729858,0.9999657869338989
24085f02-5dde-4b59-ad8e-887935bd08e1_jpg.rf.d216c61af0d1adf927b98f242a4fe85f.jpg,1,0.8581448197364807,0.4642358422279358,0.2830888330936432,0.9256690740585327,0.09765088558197021
24085f02-5dde-4b59-ad8e-887935bd08e1_jpg.rf.d216c61af0d1adf927b98f242a4fe85f.jpg,1,0.8566423654556274,0.2418818473815918,0.28671520948410034,0.4829937219619751,0.09633525460958481
24085f02-5dde-4b59-ad8e-887935bd08e1_jpg.rf.d216c61af0d1adf927b98f242a4fe85f.jpg,0,0.6901382803916931,0.4985484778881073,0.6197233200073242,0.9752309322357178,0.08481350541114807
24085f02-5dde-4b59-ad8e-887935bd08e1_jpg.rf.d216c61af0d1adf927b98f242a4fe85f.jpg,0,0.7842694520950317,0.4960959553718567,0.431460976600647,0.9826266765594482,0.06795677542686462
24085f02-5dde-4b59-ad8e-887935bd08e1_jpg.rf.d216c61af0d1adf927b98f242a4fe85f.jpg,1,0.8416944742202759,0.34023284912109375,0.31538522243499756,0.6784883737564087,0.05927371606230736
24085f02-5dde-4b59-ad8e-887935bd08e1_jpg.rf.d216c61af0d1adf927b98f242a4fe85f.jpg,1,0.8042158484458923,0.49718010425567627,0.3892591595649719,0.9935417771339417,0.03449307754635811
24085f02-5dde-4b59-ad8e-887935bd08e1_jpg.rf.d216c61af0d1adf927b98f242a4fe85f.jpg,1,0.09831535071134567,0.40031763911247253,0.19663070142269135,0.7992125153541565,0.03390243649482727
24085f02-5dde-4b59-ad8e-887935bd08e1_jpg.rf.d216c61af0d1adf927b98f242a4fe85f.jpg,0,0.07557041198015213,0.5124451518058777,0.15114082396030426,0.9301080107688904,0.02044868841767311
24085f02-5dde-4b59-ad8e-887935bd08e1_jpg.rf.d216c61af0d1adf927b98f242a4fe85f.jpg,1,0.7835403680801392,0.2414652556180954,0.43291932344436646,0.48259350657463074,0.007289167493581772
24085f02-5dde-4b59-ad8e-887935bd08e1_jpg.rf.d216c61af0d1adf927b98f242a4fe85f.jpg,0,0.3045909106731415,0.5235388278961182,0.4858395457267761,0.9380293488502502,0.005828491412103176
24085f02-5dde-4b59-ad8e-887935bd08e1_jpg.rf.d216c61af0d1adf927b98f242a4fe85f.jpg,0,0.6651626825332642,0.6306140422821045,0.6696746349334717,0.7381192445755005,0.003776717698201537
24085f02-5dde-4b59-ad8e-887935bd08e1_jpg.rf.d216c61af0d1adf927b98f242a4fe85f.jpg,1,0.17356085777282715,0.016170931980013847,0.04191421717405319,0.03212816268205643,0.00335583183914423
27beeb65-e6ea-4c4a-9dea-597500f26e7f_jpg.rf.29ca4c588d77178889b70d59993eb0ff.jpg,0,0.5365992188453674,0.4616035223007202,0.7281195521354675,0.8757222890853882,0.9993743300437927
27beeb65-e6ea-4c4a-9dea-597500f26e7f_jpg.rf.29ca4c588d77178889b70d59993eb0ff.jpg,0,0.8994499444961548,0.4773159325122833,0.20110012590885162,0.9163483381271362,0.14611199498176575
27beeb65-e6ea-4c4a-9dea-597500f26e7f_jpg.rf.29ca4c588d77178889b70d59993eb0ff.jpg,0,0.7490844130516052,0.46574142575263977,0.5018312335014343,0.8960409164428711,0.021601717919111252
27beeb65-e6ea-4c4a-9dea-597500f26e7f_jpg.rf.29ca4c588d77178889b70d59993eb0ff.jpg,1,0.1426667869091034,0.44101330637931824,0.2853335738182068,0.8760197758674622,0.0011048991000279784
27beeb65-e6ea-4c4a-9dea-597500f26e7f_jpg.rf.29ca4c588d77178889b70d59993eb0ff.jpg,0,0.6367408037185669,0.4926803410053253,0.5583717823028564,0.8268712759017944,0.0010526241967454553
643854b9-b9d9-4b74-99fb-830fde4a0b74_jpg.rf.4d252deec56db095b1acab7c1c0f1bdc.jpg,1,0.5421733856201172,0.49714258313179016,0.7002183198928833,0.8547567129135132,0.8639538884162903
643854b9-b9d9-4b74-99fb-830fde4a0b74_jpg.rf.4d252deec56db095b1acab7c1c0f1bdc.jpg,0,0.8727416396141052,0.4878610372543335,0.25451675057411194,0.885216474533081,0.008533104322850704
643854b9-b9d9-4b74-99fb-830fde4a0b74_jpg.rf.4d252deec56db095b1acab7c1c0f1bdc.jpg,0,0.10887645184993744,0.4622034728527069,0.21775290369987488,0.8870004415512085,0.006346654612571001
643854b9-b9d9-4b74-99fb-830fde4a0b74_jpg.rf.4d252deec56db095b1acab7c1c0f1bdc.jpg,1,0.8719937205314636,0.49116724729537964,0.2560124695301056,0.9064799547195435,0.004069824703037739
643854b9-b9d9-4b74-99fb-830fde4a0b74_jpg.rf.4d252deec56db095b1acab7c1c0f1bdc.jpg,0,0.0765608698129654,0.4679950177669525,0.1531217396259308,0.8659546971321106,0.0028711119666695595
643854b9-b9d9-4b74-99fb-830fde4a0b74_jpg.rf.4d252deec56db095b1acab7c1c0f1bdc.jpg,0,0.6974957585334778,0.4896929860115051,0.6050084829330444,0.8836753368377686,0.0024740279186517
643854b9-b9d9-4b74-99fb-830fde4a0b74_jpg.rf.4d252deec56db095b1acab7c1c0f1bdc.jpg,1,0.7392947673797607,0.4932156205177307,0.5214104056358337,0.8980394601821899,0.00197039102204144
643854b9-b9d9-4b74-99fb-830fde4a0b74_jpg.rf.4d252deec56db095b1acab7c1c0f1bdc.jpg,1,0.17613066732883453,0.46320074796676636,0.35179921984672546,0.8857353925704956,0.0016836774302646518
b413caec-028d-48e6-922b-fc63db1b7ebb_jpg.rf.259a6b31980f35168c8ec00a5e80c263.jpg,0,0.5143517255783081,0.47654610872268677,0.7262564301490784,0.8973346948623657,0.9999855756759644
b413caec-028d-48e6-922b-fc63db1b7ebb_jpg.rf.259a6b31980f35168c8ec00a5e80c263.jpg,0,0.7680571675300598,0.49208369851112366,0.45892149209976196,0.9588040709495544,0.7675849199295044
b413caec-028d-48e6-922b-fc63db1b7ebb_jpg.rf.259a6b31980f35168c8ec00a5e80c263.jpg,0,0.1394350379705429,0.4913276433944702,0.2771950662136078,0.9755337238311768,0.5905569791793823
b413caec-028d-48e6-922b-fc63db1b7ebb_jpg.rf.259a6b31980f35168c8ec00a5e80c263.jpg,0,0.885060727596283,0.49584195017814636,0.22852207720279694,0.964210569858551,0.5109913945198059
b413caec-028d-48e6-922b-fc63db1b7ebb_jpg.rf.259a6b31980f35168c8ec00a5e80c263.jpg,0,0.6724236011505127,0.48974302411079407,0.6551528573036194,0.9281812906265259,0.12824581563472748
b413caec-028d-48e6-922b-fc63db1b7ebb_jpg.rf.259a6b31980f35168c8ec00a5e80c263.jpg,0,0.3984232246875763,0.49499958753585815,0.5667858719825745,0.9296267628669739,0.011188424192368984
b413caec-028d-48e6-922b-fc63db1b7ebb_jpg.rf.259a6b31980f35168c8ec00a5e80c263.jpg,0,0.2395332157611847,0.4963659644126892,0.46346360445022583,0.9454711675643921,0.004847467876970768
b413caec-028d-48e6-922b-fc63db1b7ebb_jpg.rf.259a6b31980f35168c8ec00a5e80c263.jpg,0,0.3881174325942993,0.7429630756378174,0.5221467614173889,0.41503238677978516,0.0025325079914182425
b413caec-028d-48e6-922b-fc63db1b7ebb_jpg.rf.259a6b31980f35168c8ec00a5e80c263.jpg,0,0.8463947772979736,0.5699501037597656,0.30708804726600647,0.8600997924804688,0.0021122812759131193
b413caec-028d-48e6-922b-fc63db1b7ebb_jpg.rf.259a6b31980f35168c8ec00a5e80c263.jpg,0,0.4965021312236786,0.7400344610214233,0.6723864674568176,0.3877418339252472,0.0016525357495993376
FisheyeCamera_1_00000_png.rf.51e7c2d131818f5ac51613cb3d152380.jpg,14,0.6041290163993835,0.5434882640838623,0.023186683654785156,0.03191071376204491,0.9042897820472717
FisheyeCamera_1_00000_png.rf.51e7c2d131818f5ac51613cb3d152380.jpg,6,0.42222148180007935,0.5470937490463257,0.0071811676025390625,0.008602142333984375,0.013259119354188442
FisheyeCamera_1_00000_png.rf.51e7c2d131818f5ac51613cb3d152380.jpg,6,0.44532525539398193,0.547096312046051,0.007325942628085613,0.012516755610704422,0.007572226691991091
FisheyeCamera_1_00000_png.rf.51e7c2d131818f5ac51613cb3d152380.jpg,1,0.46692249178886414,0.5202402472496033,0.00559748150408268,0.003946487791836262,0.007342666387557983
FisheyeCamera_1_00000_png.rf.51e7c2d131818f5ac51613cb3d152380.jpg,0,0.6679348349571228,0.5381141901016235,0.005063056945800781,0.012654854916036129,0.003594036214053631
FisheyeCamera_1_00000_png.rf.51e7c2d131818f5ac51613cb3d152380.jpg,1,0.4466549754142761,0.5175625681877136,0.00785086676478386,0.0050771418027579784,0.0031802381854504347
FisheyeCamera_1_00000_png.rf.51e7c2d131818f5ac51613cb3d152380.jpg,1,0.4543873071670532,0.5189256072044373,0.004583762027323246,0.0025814129039645195,0.0016771444352343678
FisheyeCamera_1_00005_png.rf.2c3a5ef517c817ce7872439ac76a7c08.jpg,14,0.6442744135856628,0.5390415787696838,0.03049219585955143,0.0433843694627285,0.9354548454284668
FisheyeCamera_1_00005_png.rf.2c3a5ef517c817ce7872439ac76a7c08.jpg,0,0.4642564356327057,0.5180172920227051,0.0090791629627347,0.0028365941252559423,0.021949460729956627
FisheyeCamera_1_00005_png.rf.2c3a5ef517c817ce7872439ac76a7c08.jpg,6,0.429178386926651,0.5465535521507263,0.0058528827503323555,0.01126593817025423,0.02009018510580063
FisheyeCamera_1_00005_png.rf.2c3a5ef517c817ce7872439ac76a7c08.jpg,0,0.45972537994384766,0.517680823802948,0.007402603514492512,0.003833990776911378,0.018700938671827316
FisheyeCamera_1_00005_png.rf.2c3a5ef517c817ce7872439ac76a7c08.jpg,6,0.42039182782173157,0.5471417903900146,0.0038721011951565742,0.009674475528299809,0.015227613039314747
FisheyeCamera_1_00005_png.rf.2c3a5ef517c817ce7872439ac76a7c08.jpg,0,0.3916061222553253,0.5449125170707703,0.008813087828457355,0.009594697505235672,0.005922627169638872
FisheyeCamera_1_00005_png.rf.2c3a5ef517c817ce7872439ac76a7c08.jpg,6,0.4430047869682312,0.5472142100334167,0.004578223451972008,0.013123732060194016,0.005358854308724403
FisheyeCamera_1_00005_png.rf.2c3a5ef517c817ce7872439ac76a7c08.jpg,0,0.3863986134529114,0.5361851453781128,0.010487886145710945,0.012057230807840824,0.0022279582917690277
FisheyeCamera_1_00005_png.rf.2c3a5ef517c817ce7872439ac76a7c08.jpg,0,0.3857283294200897,0.5448521375656128,0.009217262268066406,0.008812830783426762,0.0016398708103224635
FisheyeCamera_1_00005_png.rf.2c3a5ef517c817ce7872439ac76a7c08.jpg,0,0.3937225937843323,0.5358619093894958,0.0109251094982028,0.012833778746426105,0.0015956759452819824
FisheyeCamera_1_00005_png.rf.2c3a5ef517c817ce7872439ac76a7c08.jpg,1,0.44692009687423706,0.5193091034889221,0.007695418316870928,0.00506346020847559,0.00110589899122715
FisheyeCamera_1_00005_png.rf.2c3a5ef517c817ce7872439ac76a7c08.jpg,6,0.4043086767196655,0.5462827682495117,0.004767601378262043,0.010048389434814453,0.0010397982550784945
FisheyeCamera_1_00012_png.rf.72d6e678caad674f4fe8c948471cf743.jpg,2,0.33092185854911804,0.519188642501831,0.032820407301187515,0.04601995646953583,0.8761684894561768
FisheyeCamera_1_00012_png.rf.72d6e678caad674f4fe8c948471cf743.jpg,2,0.6126693487167358,0.5353396534919739,0.018260883167386055,0.02472763881087303,0.4084327220916748
FisheyeCamera_1_00012_png.rf.72d6e678caad674f4fe8c948471cf743.jpg,2,0.3972560167312622,0.5392510294914246,0.014596865512430668,0.021516066044569016,0.08057665824890137
FisheyeCamera_1_00012_png.rf.72d6e678caad674f4fe8c948471cf743.jpg,9,0.3305348753929138,0.5196667313575745,0.03312169760465622,0.044814109802246094,0.045024532824754715
FisheyeCamera_1_00012_png.rf.72d6e678caad674f4fe8c948471cf743.jpg,9,0.612402617931366,0.53672856092453,0.019274162128567696,0.023540202528238297,0.026391472667455673
FisheyeCamera_1_00012_png.rf.72d6e678caad674f4fe8c948471cf743.jpg,2,0.5568018555641174,0.5429616570472717,0.012752936221659184,0.01768721081316471,0.012159232050180435
FisheyeCamera_1_00012_png.rf.72d6e678caad674f4fe8c948471cf743.jpg,1,0.5571298003196716,0.542355477809906,0.013589088805019855,0.017167935147881508,0.006070127245038748
FisheyeCamera_1_00018_png.rf.765c48e66c9a0a7d70f6e4b0af00494c.jpg,2,0.639864981174469,0.5226045846939087,0.02816779725253582,0.04331056773662567,0.9051273465156555
FisheyeCamera_1_00018_png.rf.765c48e66c9a0a7d70f6e4b0af00494c.jpg,2,0.04116741567850113,0.4379958510398865,0.030829094350337982,0.10339117050170898,0.2884591519832611
FisheyeCamera_1_00018_png.rf.765c48e66c9a0a7d70f6e4b0af00494c.jpg,6,0.3026113510131836,0.5275284051895142,0.021671881899237633,0.03184050694108009,0.25626838207244873
FisheyeCamera_1_00018_png.rf.765c48e66c9a0a7d70f6e4b0af00494c.jpg,7,0.3026634752750397,0.527368426322937,0.021655835211277008,0.031573884189128876,0.24272575974464417
FisheyeCamera_1_00018_png.rf.765c48e66c9a0a7d70f6e4b0af00494c.jpg,6,0.5350968241691589,0.5388120412826538,0.018065819516777992,0.02352828159928322,0.16672632098197937
FisheyeCamera_1_00018_png.rf.765c48e66c9a0a7d70f6e4b0af00494c.jpg,12,0.0408589243888855,0.441123902797699,0.030346890911459923,0.09702282398939133,0.07932060956954956
FisheyeCamera_1_00018_png.rf.765c48e66c9a0a7d70f6e4b0af00494c.jpg,9,0.6397322416305542,0.5222106575965881,0.02862277440726757,0.04335975646972656,0.07391534745693207
FisheyeCamera_1_00018_png.rf.765c48e66c9a0a7d70f6e4b0af00494c.jpg,2,0.3494764566421509,0.539523720741272,0.013864664360880852,0.02072770707309246,0.0542297326028347
FisheyeCamera_1_00018_png.rf.765c48e66c9a0a7d70f6e4b0af00494c.jpg,7,0.3493807017803192,0.5397202372550964,0.013498819433152676,0.021162252873182297,0.041085027158260345
FisheyeCamera_1_00018_png.rf.765c48e66c9a0a7d70f6e4b0af00494c.jpg,5,0.04223058000206947,0.4382449686527252,0.030786331743001938,0.10426073521375656,0.03688030317425728
FisheyeCamera_1_00018_png.rf.765c48e66c9a0a7d70f6e4b0af00494c.jpg,9,0.3024161756038666,0.5270243883132935,0.02323436737060547,0.029746605083346367,0.030484529212117195
FisheyeCamera_1_00018_png.rf.765c48e66c9a0a7d70f6e4b0af00494c.jpg,11,0.04209410399198532,0.4371989369392395,0.030072510242462158,0.10302679240703583,0.02226143516600132
FisheyeCamera_1_00018_png.rf.765c48e66c9a0a7d70f6e4b0af00494c.jpg,9,0.5348235964775085,0.5398482084274292,0.018024444580078125,0.02218151092529297,0.013332359492778778
FisheyeCamera_1_00018_png.rf.765c48e66c9a0a7d70f6e4b0af00494c.jpg,8,0.30301225185394287,0.5281031131744385,0.02204645611345768,0.032682713121175766,0.008886604569852352
FisheyeCamera_1_00018_png.rf.765c48e66c9a0a7d70f6e4b0af00494c.jpg,11,0.3763682544231415,0.5453733801841736,0.009834949858486652,0.012104878202080727,0.00718657486140728
FisheyeCamera_1_00018_png.rf.765c48e66c9a0a7d70f6e4b0af00494c.jpg,7,0.4845479726791382,0.5454565286636353,0.00922019686549902,0.012652800418436527,0.0027646690141409636
FisheyeCamera_1_00021_png.rf.703e3c27438f8fe990ef8ffbd48f2b51.jpg,6,0.3508192300796509,0.531072735786438,0.01819254830479622,0.028647972270846367,0.9090756177902222
FisheyeCamera_1_00021_png.rf.703e3c27438f8fe990ef8ffbd48f2b51.jpg,1,0.45598697662353516,0.5090835094451904,0.00615941546857357,0.005958373658359051,0.19030161201953888
FisheyeCamera_1_00021_png.rf.703e3c27438f8fe990ef8ffbd48f2b51.jpg,1,0.4344555139541626,0.505174994468689,0.008219902403652668,0.004969523288309574,0.01503397710621357
FisheyeCamera_1_00021_png.rf.703e3c27438f8fe990ef8ffbd48f2b51.jpg,0,0.455941379070282,0.5126835107803345,0.00598980812355876,0.01215879712253809,0.001686419127508998
FisheyeCamera_1_00021_png.rf.703e3c27438f8fe990ef8ffbd48f2b51.jpg,7,0.3889330327510834,0.5543728470802307,0.009650927037000656,0.009671504609286785,0.0012227626284584403
FisheyeCamera_1_00021_png.rf.703e3c27438f8fe990ef8ffbd48f2b51.jpg,0,0.3852968215942383,0.5469595789909363,0.008215830661356449,0.00703503517434001,0.0011782752117142081
FisheyeCamera_1_00022_png.rf.783465f75a2393c7aaa0ec3c3cd3ed4d.jpg,6,0.3389081358909607,0.5292196869850159,0.020113835111260414,0.031443193554878235,0.9249938130378723
FisheyeCamera_1_00022_png.rf.783465f75a2393c7aaa0ec3c3cd3ed4d.jpg,1,0.455966591835022,0.5087900161743164,0.006501307711005211,0.005763053894042969,0.09357785433530807
FisheyeCamera_1_00022_png.rf.783465f75a2393c7aaa0ec3c3cd3ed4d.jpg,9,0.3394416570663452,0.5292443633079529,0.020129533484578133,0.03217722848057747,0.0690237283706665
FisheyeCamera_1_00022_png.rf.783465f75a2393c7aaa0ec3c3cd3ed4d.jpg,7,0.38530996441841125,0.5535604357719421,0.008225257508456707,0.012180108577013016,0.0091536371037364
FisheyeCamera_1_00022_png.rf.783465f75a2393c7aaa0ec3c3cd3ed4d.jpg,1,0.4339119791984558,0.5048955678939819,0.00891626812517643,0.0063053276389837265,0.0076794857159256935
FisheyeCamera_1_00022_png.rf.783465f75a2393c7aaa0ec3c3cd3ed4d.jpg,0,0.41040581464767456,0.5152102112770081,0.009200463071465492,0.007845218293368816,0.002702548401430249
FisheyeCamera_1_00022_png.rf.783465f75a2393c7aaa0ec3c3cd3ed4d.jpg,6,0.38437044620513916,0.5476882457733154,0.006863410584628582,0.008336910977959633,0.002317430218681693
FisheyeCamera_1_00023_png.rf.cd1aa333b9e78ad2f7b2de3c154e7429.jpg,6,0.3242175877094269,0.526204526424408,0.02106083370745182,0.03438359126448631,0.8703845739364624
FisheyeCamera_1_00023_png.rf.cd1aa333b9e78ad2f7b2de3c154e7429.jpg,1,0.4555988311767578,0.5076249241828918,0.006026451475918293,0.004621102474629879,0.15782694518566132
FisheyeCamera_1_00023_png.rf.cd1aa333b9e78ad2f7b2de3c154e7429.jpg,1,0.43344593048095703,0.5032476186752319,0.008826842531561852,0.007277855649590492,0.012565415352582932
FisheyeCamera_1_00023_png.rf.cd1aa333b9e78ad2f7b2de3c154e7429.jpg,7,0.38350531458854675,0.5541826486587524,0.006664422806352377,0.011663253419101238,0.007620510179549456
FisheyeCamera_1_00023_png.rf.cd1aa333b9e78ad2f7b2de3c154e7429.jpg,0,0.4103289246559143,0.5153770446777344,0.009352133609354496,0.0072650909423828125,0.0043039689771831036
FisheyeCamera_1_00023_png.rf.cd1aa333b9e78ad2f7b2de3c154e7429.jpg,6,0.42897576093673706,0.546271800994873,0.005831498187035322,0.009118666872382164,0.0038501406088471413
FisheyeCamera_1_00023_png.rf.cd1aa333b9e78ad2f7b2de3c154e7429.jpg,0,0.38212284445762634,0.5467551946640015,0.005850021727383137,0.006706898100674152,0.0036227870732545853
FisheyeCamera_1_00023_png.rf.cd1aa333b9e78ad2f7b2de3c154e7429.jpg,0,0.41121652722358704,0.5108591318130493,0.010388924740254879,0.010496689938008785,0.001591014675796032
FisheyeCamera_1_00023_png.rf.cd1aa333b9e78ad2f7b2de3c154e7429.jpg,13,0.9088956117630005,0.49956023693084717,0.011932959780097008,0.03446043282747269,0.0012879879213869572
FisheyeCamera_1_00023_png.rf.cd1aa333b9e78ad2f7b2de3c154e7429.jpg,9,0.3247211277484894,0.5247730016708374,0.022933850064873695,0.03779447823762894,0.0011845811968669295
FisheyeCamera_1_00023_png.rf.cd1aa333b9e78ad2f7b2de3c154e7429.jpg,0,0.3647764027118683,0.521369993686676,0.011558422818779945,0.008851161226630211,0.001117548905313015
FisheyeCamera_1_00023_png.rf.cd1aa333b9e78ad2f7b2de3c154e7429.jpg,6,0.4194597899913788,0.546181321144104,0.004259292967617512,0.007610137574374676,0.001106188166886568
FisheyeCamera_1_00027_png.rf.dfb965799faeb1514f927e69c5ec0fd2.jpg,6,0.23563489317893982,0.5071144700050354,0.026628311723470688,0.05269908905029297,0.7843201756477356
FisheyeCamera_1_00027_png.rf.dfb965799faeb1514f927e69c5ec0fd2.jpg,0,0.45218461751937866,0.5059189796447754,0.0086061405017972,0.005804428830742836,0.25644350051879883
FisheyeCamera_1_00027_png.rf.dfb965799faeb1514f927e69c5ec0fd2.jpg,9,0.23562170565128326,0.5067603588104248,0.027913423255085945,0.05334146320819855,0.05942462384700775
FisheyeCamera_1_00027_png.rf.dfb965799faeb1514f927e69c5ec0fd2.jpg,0,0.4490653872489929,0.505720853805542,0.010839095339179039,0.0051273563876748085,0.055193666368722916
FisheyeCamera_1_00027_png.rf.dfb965799faeb1514f927e69c5ec0fd2.jpg,0,0.371969074010849,0.5472798943519592,0.006897632963955402,0.007726375944912434,0.013850459828972816
FisheyeCamera_1_00027_png.rf.dfb965799faeb1514f927e69c5ec0fd2.jpg,6,0.42994534969329834,0.5438114404678345,0.00564186368137598,0.012934134341776371,0.006601187400519848
FisheyeCamera_1_00027_png.rf.dfb965799faeb1514f927e69c5ec0fd2.jpg,7,0.37233102321624756,0.5530222654342651,0.007508754730224609,0.013560001738369465,0.0022527752444148064
FisheyeCamera_1_00028_png.rf.f6f0a58dd52d1cf0fe75c8496a37b067.jpg,6,0.20092561841011047,0.4994141459465027,0.02604389190673828,0.058213599026203156,0.8701167106628418
FisheyeCamera_1_00028_png.rf.f6f0a58dd52d1cf0fe75c8496a37b067.jpg,0,0.44876283407211304,0.5050948262214661,0.010115513578057289,0.004039580933749676,0.1541074514389038
FisheyeCamera_1_00028_png.rf.f6f0a58dd52d1cf0fe75c8496a37b067.jpg,0,0.451764851808548,0.5050286054611206,0.009152009151875973,0.0045658256858587265,0.12927836179733276
FisheyeCamera_1_00028_png.rf.f6f0a58dd52d1cf0fe75c8496a37b067.jpg,9,0.20116303861141205,0.4990662932395935,0.02541305497288704,0.05677586421370506,0.046068958938121796
FisheyeCamera_1_00028_png.rf.f6f0a58dd52d1cf0fe75c8496a37b067.jpg,0,0.3690274953842163,0.5467187166213989,0.006004883907735348,0.006988635286688805,0.0077894823625683784
FisheyeCamera_1_00028_png.rf.f6f0a58dd52d1cf0fe75c8496a37b067.jpg,6,0.4292006194591522,0.5435758233070374,0.006558674853295088,0.011477177031338215,0.003279728116467595
FisheyeCamera_1_00028_png.rf.f6f0a58dd52d1cf0fe75c8496a37b067.jpg,7,0.36946040391921997,0.5555123686790466,0.006495879031717777,0.018785659223794937,0.0012761129764840007
FisheyeCamera_1_00036_png.rf.a4fcf0fd896e50b389c7a93fae4d3a07.jpg,7,0.5825117230415344,0.5272088646888733,0.03001117706298828,0.040175143629312515,0.6055290102958679
FisheyeCamera_1_00036_png.rf.a4fcf0fd896e50b389c7a93fae4d3a07.jpg,6,0.5825484395027161,0.5272427797317505,0.02997112274169922,0.039760589599609375,0.4025036692619324
FisheyeCamera_1_00036_png.rf.a4fcf0fd896e50b389c7a93fae4d3a07.jpg,8,0.5825297832489014,0.5271737575531006,0.030245890840888023,0.04001503810286522,0.31542906165122986
FisheyeCamera_1_00036_png.rf.a4fcf0fd896e50b389c7a93fae4d3a07.jpg,5,0.059357769787311554,0.47383391857147217,0.025926731526851654,0.06317006796598434,0.14937502145767212
FisheyeCamera_1_00036_png.rf.a4fcf0fd896e50b389c7a93fae4d3a07.jpg,10,0.0591919980943203,0.4737234115600586,0.026627041399478912,0.06369209289550781,0.067418172955513
FisheyeCamera_1_00036_png.rf.a4fcf0fd896e50b389c7a93fae4d3a07.jpg,2,0.059324562549591064,0.47426626086235046,0.0262388177216053,0.06428366154432297,0.06291623413562775
FisheyeCamera_1_00036_png.rf.a4fcf0fd896e50b389c7a93fae4d3a07.jpg,6,0.05911349505186081,0.47387629747390747,0.02641705796122551,0.06412612646818161,0.039269786328077316
FisheyeCamera_1_00036_png.rf.a4fcf0fd896e50b389c7a93fae4d3a07.jpg,6,0.3511938750743866,0.5360369086265564,0.016940630972385406,0.021089553833007812,0.02606041170656681
FisheyeCamera_1_00036_png.rf.a4fcf0fd896e50b389c7a93fae4d3a07.jpg,2,0.35115674138069153,0.5361408591270447,0.016959190368652344,0.02124137058854103,0.023542972281575203
FisheyeCamera_1_00036_png.rf.a4fcf0fd896e50b389c7a93fae4d3a07.jpg,8,0.35093989968299866,0.536135733127594,0.01709090732038021,0.021727267652750015,0.010679959319531918
FisheyeCamera_1_00036_png.rf.a4fcf0fd896e50b389c7a93fae4d3a07.jpg,5,0.5827447772026062,0.5272632241249084,0.02903234027326107,0.040833767503499985,0.00965727400034666
FisheyeCamera_1_00036_png.rf.a4fcf0fd896e50b389c7a93fae4d3a07.jpg,11,0.06031537801027298,0.4723981022834778,0.024352939799427986,0.06199854984879494,0.005383525509387255
FisheyeCamera_1_00036_png.rf.a4fcf0fd896e50b389c7a93fae4d3a07.jpg,1,0.31750965118408203,0.5396732091903687,0.008600748144090176,0.008736243471503258,0.0025022760964930058
FisheyeCamera_1_00036_png.rf.a4fcf0fd896e50b389c7a93fae4d3a07.jpg,9,0.5332232117652893,0.5418481826782227,0.013618946075439453,0.01645146869122982,0.0022906088270246983
FisheyeCamera_1_00036_png.rf.a4fcf0fd896e50b389c7a93fae4d3a07.jpg,7,0.5334329605102539,0.5422948598861694,0.012075607664883137,0.0176693107932806,0.0010038695763796568
FisheyeCamera_1_00041_png.rf.402d963ad90df5846463e66a301debd3.jpg,0,0.4407498240470886,0.4952862858772278,0.007485022768378258,0.0057209087535738945,0.30036765336990356
FisheyeCamera_1_00041_png.rf.402d963ad90df5846463e66a301debd3.jpg,6,0.31145769357681274,0.5404746532440186,0.010433013550937176,0.011206810362637043,0.08164049685001373
FisheyeCamera_1_00041_png.rf.402d963ad90df5846463e66a301debd3.jpg,0,0.43762537837028503,0.4951454997062683,0.01278954278677702,0.004845142364501953,0.056777410209178925
FisheyeCamera_1_00041_png.rf.402d963ad90df5846463e66a301debd3.jpg,6,0.3135959804058075,0.5406840443611145,0.010328476317226887,0.010358810424804688,0.047884244471788406
FisheyeCamera_1_00041_png.rf.402d963ad90df5846463e66a301debd3.jpg,1,0.31207212805747986,0.5402743816375732,0.0064052436500787735,0.012599761597812176,0.01609005033969879
FisheyeCamera_1_00041_png.rf.402d963ad90df5846463e66a301debd3.jpg,1,0.46647360920906067,0.5209953188896179,0.0065631866455078125,0.0050998833030462265,0.005757379811257124
FisheyeCamera_1_00041_png.rf.402d963ad90df5846463e66a301debd3.jpg,6,0.31139883399009705,0.5374889969825745,0.010387714020907879,0.014636590145528316,0.0031741911079734564
FisheyeCamera_1_00041_png.rf.402d963ad90df5846463e66a301debd3.jpg,7,0.5333766341209412,0.5520695447921753,0.006266777403652668,0.008550643920898438,0.0020374262239784002
FisheyeCamera_1_00041_png.rf.402d963ad90df5846463e66a301debd3.jpg,1,0.45770931243896484,0.5202201008796692,0.0037933497224003077,0.003883838653564453,0.00131092534866184
FisheyeCamera_1_00041_png.rf.402d963ad90df5846463e66a301debd3.jpg,0,0.604816734790802,0.5328671336174011,0.010399634949862957,0.009630203247070312,0.0012701923260465264
FisheyeCamera_1_00041_png.rf.402d963ad90df5846463e66a301debd3.jpg,0,0.44058501720428467,0.4988481402397156,0.00805913470685482,0.014927644282579422,0.001034029759466648
FisheyeCamera_1_00089_png.rf.3a437fe3f7f2a546183b5ef50bf92eab.jpg,7,0.3114595115184784,0.5400288701057434,0.010432371869683266,0.0129548953846097,0.6805887222290039
FisheyeCamera_1_00089_png.rf.3a437fe3f7f2a546183b5ef50bf92eab.jpg,7,0.313223659992218,0.5402088761329651,0.011069591157138348,0.012502853758633137,0.313727468252182
FisheyeCamera_1_00089_png.rf.3a437fe3f7f2a546183b5ef50bf92eab.jpg,0,0.2614610195159912,0.3025244176387787,0.02482384815812111,0.018348107114434242,0.23639564216136932
FisheyeCamera_1_00089_png.rf.3a437fe3f7f2a546183b5ef50bf92eab.jpg,1,0.4405515491962433,0.49050241708755493,0.008778095245361328,0.006880760192871094,0.14670872688293457
FisheyeCamera_1_00089_png.rf.3a437fe3f7f2a546183b5ef50bf92eab.jpg,1,0.312400221824646,0.5404373407363892,0.007715885527431965,0.013409431092441082,0.05568592622876167
FisheyeCamera_1_00089_png.rf.3a437fe3f7f2a546183b5ef50bf92eab.jpg,1,0.43650752305984497,0.4906095266342163,0.011742115020751953,0.006874964572489262,0.02733725868165493
FisheyeCamera_1_00089_png.rf.3a437fe3f7f2a546183b5ef50bf92eab.jpg,1,0.603947639465332,0.5422114133834839,0.020756354555487633,0.015994952991604805,0.005244368687272072
FisheyeCamera_1_00089_png.rf.3a437fe3f7f2a546183b5ef50bf92eab.jpg,0,0.4805527329444885,0.5542826652526855,0.007133007049560547,0.015353789553046227,0.0052012912929058075
FisheyeCamera_1_00089_png.rf.3a437fe3f7f2a546183b5ef50bf92eab.jpg,1,0.3780435025691986,0.547468900680542,0.007074723020195961,0.00861604418605566,0.002206313656643033
FisheyeCamera_1_00089_png.rf.3a437fe3f7f2a546183b5ef50bf92eab.jpg,0,0.2773747742176056,0.5188446640968323,0.011647884733974934,0.008371720090508461,0.0015225629322230816
FisheyeCamera_1_00089_png.rf.3a437fe3f7f2a546183b5ef50bf92eab.jpg,0,0.48145559430122375,0.5502325892448425,0.006340503692626953,0.01533258892595768,0.0013723954325541854
FisheyeCamera_1_00089_png.rf.3a437fe3f7f2a546183b5ef50bf92eab.jpg,0,0.602522075176239,0.5425153970718384,0.019115447998046875,0.01537077222019434,0.001367507386021316
FisheyeCamera_1_00095_png.rf.7339640275f9c4483536f89fb2c815e0.jpg,7,0.2700533866882324,0.535784900188446,0.008561134338378906,0.01660420373082161,0.7804142236709595
FisheyeCamera_1_00095_png.rf.7339640275f9c4483536f89fb2c815e0.jpg,1,0.43025749921798706,0.4814814329147339,0.009252915158867836,0.006384482607245445,0.39174628257751465
FisheyeCamera_1_00095_png.rf.7339640275f9c4483536f89fb2c815e0.jpg,9,0.6372069120407104,0.5382333993911743,0.02799760363996029,0.021430419757962227,0.10219544917345047
FisheyeCamera_1_00095_png.rf.7339640275f9c4483536f89fb2c815e0.jpg,1,0.6374107003211975,0.5385727882385254,0.028090624138712883,0.021801581606268883,0.004381258971989155
FisheyeCamera_1_00095_png.rf.7339640275f9c4483536f89fb2c815e0.jpg,1,0.43655160069465637,0.4824107885360718,0.015457630157470703,0.007790565490722656,0.002687141764909029
FisheyeCamera_1_00097_png.rf.fb72097a4038b905024bea71b14c1434.jpg,7,0.25216278433799744,0.5333853363990784,0.00918846856802702,0.016558464616537094,0.4829503893852234
FisheyeCamera_1_00097_png.rf.fb72097a4038b905024bea71b14c1434.jpg,1,0.4265306293964386,0.47808966040611267,0.009664718993008137,0.006733234040439129,0.24762246012687683
FisheyeCamera_1_00097_png.rf.fb72097a4038b905024bea71b14c1434.jpg,1,0.4241744875907898,0.4781430661678314,0.010919790714979172,0.006777836941182613,0.0824088379740715
FisheyeCamera_1_00097_png.rf.fb72097a4038b905024bea71b14c1434.jpg,7,0.25013965368270874,0.5335544943809509,0.01279011182487011,0.01606607437133789,0.0052879913710057735
FisheyeCamera_1_00097_png.rf.fb72097a4038b905024bea71b14c1434.jpg,13,0.7928444743156433,0.5231204032897949,0.008413314819335938,0.022192368283867836,0.0022247382439672947
FisheyeCamera_1_00097_png.rf.fb72097a4038b905024bea71b14c1434.jpg,13,0.7919581532478333,0.5194737315177917,0.007928481325507164,0.01788828894495964,0.0011765883537009358
FisheyeCamera_1_00098_png.rf.937d582ee38fb9c9007c37c872df3176.jpg,7,0.2429509162902832,0.5323149561882019,0.010127635672688484,0.018438925966620445,0.7738702297210693
FisheyeCamera_1_00098_png.rf.937d582ee38fb9c9007c37c872df3176.jpg,1,0.42395272850990295,0.4775407612323761,0.010749523527920246,0.0077052852138876915,0.12378306686878204
FisheyeCamera_1_00098_png.rf.937d582ee38fb9c9007c37c872df3176.jpg,1,0.42627137899398804,0.4773998558521271,0.010267441160976887,0.007820055820047855,0.06717165559530258
FisheyeCamera_1_00098_png.rf.937d582ee38fb9c9007c37c872df3176.jpg,9,0.24220268428325653,0.5324442982673645,0.011225664056837559,0.017341431230306625,0.0033753772731870413
FisheyeCamera_1_00098_png.rf.937d582ee38fb9c9007c37c872df3176.jpg,1,0.42712122201919556,0.4739798903465271,0.00914247240871191,0.010826881043612957,0.0027509965002536774
FisheyeCamera_1_00098_png.rf.937d582ee38fb9c9007c37c872df3176.jpg,13,0.5321508049964905,0.5486177802085876,0.007754325866699219,0.011190011166036129,0.0013459732290357351
FisheyeCamera_1_00098_png.rf.937d582ee38fb9c9007c37c872df3176.jpg,0,0.47963130474090576,0.5508127808570862,0.006775489076972008,0.01660805568099022,0.0013385281199589372
FisheyeCamera_1_00100_png.rf.683a106328c4647fb8dcd00c1c2af90f.jpg,7,0.22099605202674866,0.5292981863021851,0.010099208913743496,0.019076714292168617,0.7501271963119507
FisheyeCamera_1_00100_png.rf.683a106328c4647fb8dcd00c1c2af90f.jpg,1,0.422667533159256,0.47253772616386414,0.010983540676534176,0.007794013246893883,0.5310203433036804
FisheyeCamera_1_00100_png.rf.683a106328c4647fb8dcd00c1c2af90f.jpg,1,0.42252540588378906,0.47554415464401245,0.010692412964999676,0.011438149958848953,0.05409635230898857
FisheyeCamera_1_00100_png.rf.683a106328c4647fb8dcd00c1c2af90f.jpg,1,0.424723356962204,0.4754919707775116,0.013594994321465492,0.011567959561944008,0.003853196045383811
FisheyeCamera_1_00104_png.rf.4b7fdfa8ad94152180492a204dfd629d.jpg,11,0.36046525835990906,0.525315523147583,0.028263496235013008,0.03914862498641014,0.5161833167076111
FisheyeCamera_1_00104_png.rf.4b7fdfa8ad94152180492a204dfd629d.jpg,9,0.35985419154167175,0.5251618027687073,0.02749769575893879,0.039123646914958954,0.03086152859032154
FisheyeCamera_1_00104_png.rf.4b7fdfa8ad94152180492a204dfd629d.jpg,2,0.711463212966919,0.5351632237434387,0.012874750420451164,0.019269393756985664,0.02684512920677662
FisheyeCamera_1_00104_png.rf.4b7fdfa8ad94152180492a204dfd629d.jpg,4,0.3596890866756439,0.5257360339164734,0.026803897693753242,0.03877771645784378,0.02116493694484234
FisheyeCamera_1_00104_png.rf.4b7fdfa8ad94152180492a204dfd629d.jpg,9,0.7117839455604553,0.5346595644950867,0.01069149561226368,0.016768088564276695,0.014326617121696472
FisheyeCamera_1_00104_png.rf.4b7fdfa8ad94152180492a204dfd629d.jpg,12,0.595923125743866,0.5469654202461243,0.006148118060082197,0.008666038513183594,0.012630359269678593
FisheyeCamera_1_00104_png.rf.4b7fdfa8ad94152180492a204dfd629d.jpg,11,0.4539414942264557,0.5468229055404663,0.008907024748623371,0.013542652130126953,0.012065136805176735
FisheyeCamera_1_00104_png.rf.4b7fdfa8ad94152180492a204dfd629d.jpg,7,0.7114486694335938,0.5354585647583008,0.012709984555840492,0.019177913665771484,0.008803083561360836
FisheyeCamera_1_00104_png.rf.4b7fdfa8ad94152180492a204dfd629d.jpg,12,0.7119365930557251,0.5350615978240967,0.01384221576154232,0.01939469203352928,0.0035620012786239386
FisheyeCamera_1_00142_png.rf.def6aeee07cff082ea33cd3d659e7024.jpg,9,0.5976651310920715,0.5434994101524353,0.00833500362932682,0.013092591427266598,0.9266196489334106
FisheyeCamera_1_00142_png.rf.def6aeee07cff082ea33cd3d659e7024.jpg,9,0.5641571879386902,0.5475495457649231,0.009192099794745445,0.009174750186502934,0.22698935866355896
FisheyeCamera_1_00142_png.rf.def6aeee07cff082ea33cd3d659e7024.jpg,9,0.5612292289733887,0.5474969148635864,0.009967217221856117,0.009547783993184566,0.07037056982517242
FisheyeCamera_1_00142_png.rf.def6aeee07cff082ea33cd3d659e7024.jpg,9,0.623052716255188,0.5440516471862793,0.008743653073906898,0.0121307373046875,0.0677800178527832
FisheyeCamera_1_00142_png.rf.def6aeee07cff082ea33cd3d659e7024.jpg,1,0.45296794176101685,0.5166975855827332,0.0074596405029296875,0.004537215456366539,0.01933637075126171
FisheyeCamera_1_00142_png.rf.def6aeee07cff082ea33cd3d659e7024.jpg,9,0.6002139449119568,0.5433411598205566,0.012087051756680012,0.014010429382324219,0.014752894639968872
FisheyeCamera_1_00142_png.rf.def6aeee07cff082ea33cd3d659e7024.jpg,1,0.48359915614128113,0.5178391337394714,0.005774607881903648,0.0035380583722144365,0.013067279011011124
FisheyeCamera_1_00142_png.rf.def6aeee07cff082ea33cd3d659e7024.jpg,1,0.46656370162963867,0.5170469284057617,0.005577747710049152,0.004394237883388996,0.00875367596745491
FisheyeCamera_1_00142_png.rf.def6aeee07cff082ea33cd3d659e7024.jpg,1,0.4946737289428711,0.5201327204704285,0.0051158759742975235,0.004320438019931316,0.0028137497138231993
FisheyeCamera_1_00142_png.rf.def6aeee07cff082ea33cd3d659e7024.jpg,11,0.34519878029823303,0.5442872643470764,0.005854129791259766,0.009281158447265625,0.0019695181399583817
FisheyeCamera_1_00142_png.rf.def6aeee07cff082ea33cd3d659e7024.jpg,9,0.46729785203933716,0.5512069463729858,0.01638166792690754,0.027109146118164062,0.0016146277775987983
FisheyeCamera_1_00142_png.rf.def6aeee07cff082ea33cd3d659e7024.jpg,0,0.4481903910636902,0.5175110697746277,0.010240774601697922,0.0038881301879882812,0.001509755733422935
FisheyeCamera_1_00142_png.rf.def6aeee07cff082ea33cd3d659e7024.jpg,6,0.4638034403324127,0.5503365993499756,0.01569623127579689,0.026303840801119804,0.0012136093573644757
FisheyeCamera_1_00142_png.rf.def6aeee07cff082ea33cd3d659e7024.jpg,0,0.5022521018981934,0.5469586253166199,0.00824862252920866,0.00730206398293376,0.00117273919750005
FisheyeCamera_1_00150_png.rf.59de5a3cfa738990cf21ba7d18b79444.jpg,13,0.36365482211112976,0.5302798748016357,0.021519513800740242,0.031547434628009796,0.7918497920036316
FisheyeCamera_1_00150_png.rf.59de5a3cfa738990cf21ba7d18b79444.jpg,12,0.5323331356048584,0.5479724407196045,0.005647256039083004,0.009013946168124676,0.06857817620038986
FisheyeCamera_1_00150_png.rf.59de5a3cfa738990cf21ba7d18b79444.jpg,4,0.3637106120586395,0.5315550565719604,0.02162247523665428,0.031383879482746124,0.060721829533576965
FisheyeCamera_1_00150_png.rf.59de5a3cfa738990cf21ba7d18b79444.jpg,11,0.4045727849006653,0.544539749622345,0.008530800230801105,0.012073333375155926,0.043192069977521896
FisheyeCamera_1_00150_png.rf.59de5a3cfa738990cf21ba7d18b79444.jpg,12,0.5326376557350159,0.5500564575195312,0.006040756590664387,0.012458140961825848,0.02329583466053009
FisheyeCamera_1_00150_png.rf.59de5a3cfa738990cf21ba7d18b79444.jpg,1,0.6155064105987549,0.5423983335494995,0.010152339935302734,0.016468048095703125,0.012546627782285213
FisheyeCamera_1_00150_png.rf.59de5a3cfa738990cf21ba7d18b79444.jpg,11,0.2824355959892273,0.5315188765525818,0.008486362174153328,0.0070461491122841835,0.0013384789926931262
FisheyeCamera_1_00151_png.rf.ff1355b3e842019c0228380552ea0c2c.jpg,13,0.3538379669189453,0.527960479259491,0.02471879869699478,0.03412473946809769,0.7262066602706909
FisheyeCamera_1_00151_png.rf.ff1355b3e842019c0228380552ea0c2c.jpg,11,0.40361374616622925,0.5446435213088989,0.008697142824530602,0.01433706283569336,0.407379150390625
FisheyeCamera_1_00151_png.rf.ff1355b3e842019c0228380552ea0c2c.jpg,4,0.3532868027687073,0.5281342267990112,0.024864014238119125,0.03324354439973831,0.06505907326936722
FisheyeCamera_1_00151_png.rf.ff1355b3e842019c0228380552ea0c2c.jpg,12,0.6218634247779846,0.5431801676750183,0.010600823909044266,0.014319052919745445,0.019449399784207344
FisheyeCamera_1_00151_png.rf.ff1355b3e842019c0228380552ea0c2c.jpg,12,0.5343546867370605,0.5484834909439087,0.00696563720703125,0.010104729793965816,0.0018819987308233976
FisheyeCamera_1_00151_png.rf.ff1355b3e842019c0228380552ea0c2c.jpg,12,0.6235805153846741,0.5434500575065613,0.015390469692647457,0.01480616070330143,0.0010920303175225854
FisheyeCamera_1_00153_png.rf.19444df592470cf02432f62dfd784f12.jpg,9,0.5860685706138611,0.5448516011238098,0.009821634739637375,0.011231825686991215,0.7416703701019287
FisheyeCamera_1_00153_png.rf.19444df592470cf02432f62dfd784f12.jpg,9,0.6632500290870667,0.5347325801849365,0.014912678860127926,0.023832431063055992,0.7210986614227295
FisheyeCamera_1_00153_png.rf.19444df592470cf02432f62dfd784f12.jpg,9,0.587847113609314,0.5448746681213379,0.011824607849121094,0.011940589174628258,0.13501742482185364
FisheyeCamera_1_00153_png.rf.19444df592470cf02432f62dfd784f12.jpg,1,0.4527774453163147,0.5099363923072815,0.007353782653808594,0.0076259830966591835,0.09088737517595291
FisheyeCamera_1_00153_png.rf.19444df592470cf02432f62dfd784f12.jpg,1,0.48339828848838806,0.5153831839561462,0.005590145476162434,0.0068004680797457695,0.029289154335856438
FisheyeCamera_1_00153_png.rf.19444df592470cf02432f62dfd784f12.jpg,1,0.4559187889099121,0.5146644115447998,0.004062652587890625,0.008207504637539387,0.019391469657421112
FisheyeCamera_1_00153_png.rf.19444df592470cf02432f62dfd784f12.jpg,13,0.6851309537887573,0.5378767848014832,0.008277819491922855,0.018817974254488945,0.01743171736598015
FisheyeCamera_1_00153_png.rf.19444df592470cf02432f62dfd784f12.jpg,1,0.44695913791656494,0.5099400877952576,0.008377845399081707,0.007898147217929363,0.014651073142886162
FisheyeCamera_1_00153_png.rf.19444df592470cf02432f62dfd784f12.jpg,1,0.44584977626800537,0.5144883990287781,0.007734885439276695,0.008611898869276047,0.014115863479673862
FisheyeCamera_1_00153_png.rf.19444df592470cf02432f62dfd784f12.jpg,1,0.4822224974632263,0.50984126329422,0.005174233578145504,0.007640655152499676,0.013052994385361671
FisheyeCamera_1_00153_png.rf.19444df592470cf02432f62dfd784f12.jpg,10,0.4656229615211487,0.5442363023757935,0.013257796876132488,0.015755359083414078,0.007741796318441629
FisheyeCamera_1_00153_png.rf.19444df592470cf02432f62dfd784f12.jpg,10,0.4629848897457123,0.543984591960907,0.013825123198330402,0.01664755865931511,0.0063264151103794575
FisheyeCamera_1_00153_png.rf.19444df592470cf02432f62dfd784f12.jpg,1,0.5862293839454651,0.5432253479957581,0.008825302124023438,0.015523800626397133,0.003183196298778057
FisheyeCamera_1_00153_png.rf.19444df592470cf02432f62dfd784f12.jpg,14,0.6831761002540588,0.5373163223266602,0.01580311730504036,0.017135802656412125,0.0015632763970643282
FisheyeCamera_1_00153_png.rf.19444df592470cf02432f62dfd784f12.jpg,1,0.49255168437957764,0.5185235738754272,0.00476448331028223,0.0029278534930199385,0.00121104228310287
FisheyeCamera_1_00153_png.rf.19444df592470cf02432f62dfd784f12.jpg,9,0.685283362865448,0.5361893773078918,0.008389472961425781,0.02090597152709961,0.001175030949525535
FisheyeCamera_1_00153_png.rf.19444df592470cf02432f62dfd784f12.jpg,13,0.6885963082313538,0.5391889810562134,0.010329466313123703,0.015074913389980793,0.0011287303641438484
FisheyeCamera_1_00154_png.rf.be661e0bba8aead34dbcded1d4e5b260.jpg,9,0.5894674062728882,0.5443654656410217,0.009482567198574543,0.013517379760742188,0.9090203642845154
FisheyeCamera_1_00154_png.rf.be661e0bba8aead34dbcded1d4e5b260.jpg,9,0.6734117269515991,0.5330911874771118,0.015181908383965492,0.024379180744290352,0.8440064787864685
FisheyeCamera_1_00154_png.rf.be661e0bba8aead34dbcded1d4e5b260.jpg,13,0.6947005391120911,0.5358733534812927,0.009117493405938148,0.021326247602701187,0.05560564994812012
FisheyeCamera_1_00154_png.rf.be661e0bba8aead34dbcded1d4e5b260.jpg,1,0.4534834027290344,0.5100148320198059,0.00647735595703125,0.007840926758944988,0.0502975694835186
FisheyeCamera_1_00154_png.rf.be661e0bba8aead34dbcded1d4e5b260.jpg,1,0.4829424023628235,0.509914755821228,0.0059452056884765625,0.007602508179843426,0.04618362709879875
FisheyeCamera_1_00154_png.rf.be661e0bba8aead34dbcded1d4e5b260.jpg,10,0.46553200483322144,0.5441197156906128,0.013435730710625648,0.016086211428046227,0.040697626769542694
FisheyeCamera_1_00154_png.rf.be661e0bba8aead34dbcded1d4e5b260.jpg,1,0.48310279846191406,0.5149168372154236,0.0056888507679104805,0.0077045513316988945,0.017160093411803246
FisheyeCamera_1_00154_png.rf.be661e0bba8aead34dbcded1d4e5b260.jpg,9,0.6947225332260132,0.5354062914848328,0.008586370386183262,0.02098824456334114,0.01648770272731781
FisheyeCamera_1_00154_png.rf.be661e0bba8aead34dbcded1d4e5b260.jpg,10,0.463121622800827,0.5442293286323547,0.014178862795233727,0.017950057983398438,0.010429651476442814
FisheyeCamera_1_00154_png.rf.be661e0bba8aead34dbcded1d4e5b260.jpg,1,0.45740240812301636,0.5151335000991821,0.005072667263448238,0.007358367554843426,0.008135875687003136
FisheyeCamera_1_00154_png.rf.be661e0bba8aead34dbcded1d4e5b260.jpg,1,0.4468170702457428,0.5094746351242065,0.007861797697842121,0.00777061190456152,0.006580033339560032
FisheyeCamera_1_00154_png.rf.be661e0bba8aead34dbcded1d4e5b260.jpg,1,0.5899881720542908,0.5425001382827759,0.009815692901611328,0.015187556855380535,0.004259197041392326
FisheyeCamera_1_00154_png.rf.be661e0bba8aead34dbcded1d4e5b260.jpg,1,0.4466595947742462,0.5151708126068115,0.007315562106668949,0.007570083253085613,0.0018098828149959445
FisheyeCamera_1_00154_png.rf.be661e0bba8aead34dbcded1d4e5b260.jpg,10,0.4981845021247864,0.5444073677062988,0.009101464413106441,0.0066143181174993515,0.0011212287936359644
FisheyeCamera_1_00194_png.rf.21c8dbe947c18776eaab4e5caec1585b.jpg,1,0.3544147312641144,0.48336678743362427,0.00937282107770443,0.006312370300292969,0.5882501006126404
FisheyeCamera_1_00194_png.rf.21c8dbe947c18776eaab4e5caec1585b.jpg,10,0.31085294485092163,0.5434870719909668,0.010079310275614262,0.007918724790215492,0.1687549650669098
FisheyeCamera_1_00194_png.rf.21c8dbe947c18776eaab4e5caec1585b.jpg,1,0.3176102340221405,0.4832199811935425,0.010445778258144855,0.007592568174004555,0.16681453585624695
FisheyeCamera_1_00194_png.rf.21c8dbe947c18776eaab4e5caec1585b.jpg,10,0.3162061870098114,0.5452396273612976,0.006491954438388348,0.008517265319824219,0.09437142312526703
FisheyeCamera_1_00194_png.rf.21c8dbe947c18776eaab4e5caec1585b.jpg,10,0.30965253710746765,0.5365895628929138,0.008887767791748047,0.014950495213270187,0.011655114591121674
FisheyeCamera_1_00194_png.rf.21c8dbe947c18776eaab4e5caec1585b.jpg,0,0.2564685046672821,0.5367609858512878,0.007155656814575195,0.012777108699083328,0.010134204290807247
FisheyeCamera_1_00194_png.rf.21c8dbe947c18776eaab4e5caec1585b.jpg,1,0.30569031834602356,0.48325854539871216,0.009304432198405266,0.006992890499532223,0.009538581594824791
FisheyeCamera_1_00194_png.rf.21c8dbe947c18776eaab4e5caec1585b.jpg,10,0.315884530544281,0.538658857345581,0.007935266941785812,0.01881885528564453,0.004159949719905853
FisheyeCamera_1_00194_png.rf.21c8dbe947c18776eaab4e5caec1585b.jpg,0,0.41779571771621704,0.5279726386070251,0.005096435546875,0.006882484070956707,0.003745566587895155
FisheyeCamera_1_00194_png.rf.21c8dbe947c18776eaab4e5caec1585b.jpg,1,0.3506506681442261,0.4828990399837494,0.0139007568359375,0.006824786774814129,0.0035004066303372383
FisheyeCamera_1_00194_png.rf.21c8dbe947c18776eaab4e5caec1585b.jpg,0,0.4192714989185333,0.5227435827255249,0.006692006252706051,0.009816463105380535,0.003042924450710416
FisheyeCamera_1_00194_png.rf.21c8dbe947c18776eaab4e5caec1585b.jpg,13,0.35349157452583313,0.5405964255332947,0.00592803955078125,0.011054148897528648,0.0028293689247220755
FisheyeCamera_1_00194_png.rf.21c8dbe947c18776eaab4e5caec1585b.jpg,0,0.4776274561882019,0.5308265089988708,0.008065957576036453,0.007700920104980469,0.002486766315996647
FisheyeCamera_1_00194_png.rf.21c8dbe947c18776eaab4e5caec1585b.jpg,1,0.296976774930954,0.48290732502937317,0.008313564583659172,0.0073549565859138966,0.0017718947492539883
FisheyeCamera_1_00194_png.rf.21c8dbe947c18776eaab4e5caec1585b.jpg,1,0.3154624402523041,0.48892009258270264,0.008371279574930668,0.01000727154314518,0.0017460519447922707
FisheyeCamera_1_00194_png.rf.21c8dbe947c18776eaab4e5caec1585b.jpg,1,0.3614216446876526,0.4836743474006653,0.016304420307278633,0.006739506497979164,0.0010157170472666621
FisheyeCamera_1_00195_png.rf.c958e21bb68e76adac7817623d7c1f75.jpg,0,0.4619239568710327,0.3823106586933136,0.023185143247246742,0.015133380889892578,0.6554720401763916
FisheyeCamera_1_00195_png.rf.c958e21bb68e76adac7817623d7c1f75.jpg,0,0.5535472631454468,0.3985552489757538,0.02110283263027668,0.013453960418701172,0.4763944447040558
FisheyeCamera_1_00195_png.rf.c958e21bb68e76adac7817623d7c1f75.jpg,5,0.7667645215988159,0.5255800485610962,0.01645396277308464,0.02661055698990822,0.10939321666955948
FisheyeCamera_1_00195_png.rf.c958e21bb68e76adac7817623d7c1f75.jpg,9,0.7676133513450623,0.5257314443588257,0.01639842987060547,0.027005966752767563,0.019159799441695213
FisheyeCamera_1_00195_png.rf.c958e21bb68e76adac7817623d7c1f75.jpg,0,0.46236008405685425,0.3842094838619232,0.02534220740199089,0.01982714608311653,0.01600351370871067
FisheyeCamera_1_00195_png.rf.c958e21bb68e76adac7817623d7c1f75.jpg,12,0.7669743895530701,0.5242081880569458,0.017488699406385422,0.02859097346663475,0.011988014914095402
FisheyeCamera_1_00195_png.rf.c958e21bb68e76adac7817623d7c1f75.jpg,0,0.557765007019043,0.4011041820049286,0.027459988370537758,0.014409065246582031,0.006592400372028351
FisheyeCamera_1_00195_png.rf.c958e21bb68e76adac7817623d7c1f75.jpg,0,0.5536607503890991,0.39577117562294006,0.022001853212714195,0.020943092182278633,0.005309524945914745
FisheyeCamera_1_00195_png.rf.c958e21bb68e76adac7817623d7c1f75.jpg,13,0.4289674758911133,0.47255194187164307,0.008194923400878906,0.007929985411465168,0.004008678253740072
FisheyeCamera_1_00195_png.rf.c958e21bb68e76adac7817623d7c1f75.jpg,0,0.5575706362724304,0.3989373743534088,0.02321588061749935,0.014816908165812492,0.0039275758899748325
FisheyeCamera_1_00195_png.rf.c958e21bb68e76adac7817623d7c1f75.jpg,1,0.41853758692741394,0.37957242131233215,0.015344436280429363,0.010652542114257812,0.0020515858195722103
FisheyeCamera_1_00195_png.rf.c958e21bb68e76adac7817623d7c1f75.jpg,0,0.4621003270149231,0.37847116589546204,0.02675265446305275,0.024377088993787766,0.0015107134822756052
FisheyeCamera_1_00202_png.rf.ee30ccd577d5cfc9c2f6c16edaeacdf2.jpg,0,0.510888934135437,0.3026561737060547,0.031341552734375,0.02200355939567089,0.7656140327453613
FisheyeCamera_1_00202_png.rf.ee30ccd577d5cfc9c2f6c16edaeacdf2.jpg,0,0.6384961605072021,0.32964247465133667,0.026241596788167953,0.01838662102818489,0.7281218767166138
FisheyeCamera_1_00202_png.rf.ee30ccd577d5cfc9c2f6c16edaeacdf2.jpg,1,0.5336857438087463,0.4622548520565033,0.011919975280761719,0.007006571628153324,0.01665196381509304
FisheyeCamera_1_00202_png.rf.ee30ccd577d5cfc9c2f6c16edaeacdf2.jpg,4,0.47788354754447937,0.45967406034469604,0.00931156612932682,0.007191364653408527,0.007107520941644907
FisheyeCamera_1_00202_png.rf.ee30ccd577d5cfc9c2f6c16edaeacdf2.jpg,1,0.533766508102417,0.4641117751598358,0.011641905643045902,0.009498486295342445,0.006955533754080534
FisheyeCamera_1_00202_png.rf.ee30ccd577d5cfc9c2f6c16edaeacdf2.jpg,1,0.1885671466588974,0.45339328050613403,0.010447978973388672,0.01480245590209961,0.0025759204290807247
FisheyeCamera_1_00202_png.rf.ee30ccd577d5cfc9c2f6c16edaeacdf2.jpg,1,0.18557097017765045,0.452208012342453,0.00875815935432911,0.017236527055501938,0.001050001592375338
FisheyeCamera_1_00204_png.rf.19edfa32d48b66e0365f54c7325dcbd4.jpg,0,0.528205394744873,0.2659204304218292,0.03612804412841797,0.025623945519328117,0.8037095665931702
FisheyeCamera_1_00204_png.rf.19edfa32d48b66e0365f54c7325dcbd4.jpg,0,0.6723427176475525,0.29778701066970825,0.030238810926675797,0.02098829858005047,0.7264540791511536
FisheyeCamera_1_00204_png.rf.19edfa32d48b66e0365f54c7325dcbd4.jpg,4,0.49525532126426697,0.455024778842926,0.009579951874911785,0.007381255738437176,0.0013439449248835444
FisheyeCamera_1_00211_png.rf.4d937346689834589353be2d154dc924.jpg,0,0.5761206746101379,0.08654318749904633,0.05910319462418556,0.04244619607925415,0.7972844839096069
FisheyeCamera_1_00211_png.rf.4d937346689834589353be2d154dc924.jpg,0,0.7811410427093506,0.18138280510902405,0.04018592834472656,0.03439338505268097,0.46480801701545715
FisheyeCamera_1_00211_png.rf.4d937346689834589353be2d154dc924.jpg,1,0.5890997648239136,0.4732925295829773,0.015319457277655602,0.00975300744175911,0.1312868297100067
FisheyeCamera_1_00211_png.rf.4d937346689834589353be2d154dc924.jpg,4,0.5174910426139832,0.4711153209209442,0.012090316042304039,0.007955441251397133,0.04027808830142021
FisheyeCamera_1_00211_png.rf.4d937346689834589353be2d154dc924.jpg,1,0.4811987578868866,0.4704570770263672,0.0079791359603405,0.005810554139316082,0.0037200613878667355
FisheyeCamera_1_00211_png.rf.4d937346689834589353be2d154dc924.jpg,1,0.5886520147323608,0.47472360730171204,0.016748355701565742,0.013150691986083984,0.002634572796523571
FisheyeCamera_1_00211_png.rf.4d937346689834589353be2d154dc924.jpg,0,0.77390456199646,0.17821954190731049,0.04004742577672005,0.03515172004699707,0.0020551797933876514
FisheyeCamera_1_00230_png.rf.0abfb32b639a38aefee3263df7d3733e.jpg,1,0.5519145727157593,0.43900007009506226,0.04289209097623825,0.028093447908759117,0.8058097958564758
FisheyeCamera_1_00230_png.rf.0abfb32b639a38aefee3263df7d3733e.jpg,1,0.7166354656219482,0.4533618092536926,0.032314375042915344,0.022618843242526054,0.6791110038757324
FisheyeCamera_1_00230_png.rf.de641278e85b0675e5c4ec40b2fdf74f.jpg,10,0.31302976608276367,0.5241317749023438,0.022506805136799812,0.03755415230989456,0.9230175614356995
FisheyeCamera_1_00230_png.rf.de641278e85b0675e5c4ec40b2fdf74f.jpg,1,0.4345015287399292,0.3759760558605194,0.02213316783308983,0.0138246463611722,0.761354386806488
FisheyeCamera_1_00230_png.rf.de641278e85b0675e5c4ec40b2fdf74f.jpg,1,0.3390771746635437,0.38284316658973694,0.018841084092855453,0.01962907426059246,0.5293719172477722
FisheyeCamera_1_00230_png.rf.de641278e85b0675e5c4ec40b2fdf74f.jpg,0,0.49817702174186707,0.5139755606651306,0.014262382872402668,0.00990563165396452,0.5039981007575989
FisheyeCamera_1_00230_png.rf.de641278e85b0675e5c4ec40b2fdf74f.jpg,0,0.4984797239303589,0.512134850025177,0.01589166186749935,0.01208763848990202,0.3499212861061096
FisheyeCamera_1_00230_png.rf.de641278e85b0675e5c4ec40b2fdf74f.jpg,4,0.3127785921096802,0.5238965749740601,0.022019091993570328,0.03820984065532684,0.07363877445459366
FisheyeCamera_1_00230_png.rf.de641278e85b0675e5c4ec40b2fdf74f.jpg,0,0.6884962320327759,0.45046424865722656,0.012827579863369465,0.013700301758944988,0.031213456764817238
FisheyeCamera_1_00230_png.rf.de641278e85b0675e5c4ec40b2fdf74f.jpg,1,0.43471914529800415,0.3786756098270416,0.02424544468522072,0.019691137596964836,0.004796821624040604
FisheyeCamera_1_00230_png.rf.de641278e85b0675e5c4ec40b2fdf74f.jpg,0,0.49544912576675415,0.5111926198005676,0.018475936725735664,0.013796329498291016,0.003563426434993744
FisheyeCamera_1_00230_png.rf.de641278e85b0675e5c4ec40b2fdf74f.jpg,0,0.2953079044818878,0.3920148015022278,0.018568038940429688,0.009561135433614254,0.0024885411839932203
FisheyeCamera_1_00230_png.rf.de641278e85b0675e5c4ec40b2fdf74f.jpg,0,0.39273256063461304,0.5231664180755615,0.006421235855668783,0.016639526933431625,0.0023907003924250603
FisheyeCamera_1_00230_png.rf.de641278e85b0675e5c4ec40b2fdf74f.jpg,0,0.3927189111709595,0.5247999429702759,0.005347435362637043,0.014527210965752602,0.0014413511380553246
FisheyeCamera_1_00239_png.rf.d6a3e883bbb92412f2642432771f2d09.jpg,1,0.46148747205734253,0.2562979459762573,0.03689098358154297,0.025196461006999016,0.7447900772094727
FisheyeCamera_1_00239_png.rf.d6a3e883bbb92412f2642432771f2d09.jpg,0,0.5651034116744995,0.5023041367530823,0.019682884216308594,0.011679465882480145,0.613400399684906
FisheyeCamera_1_00239_png.rf.d6a3e883bbb92412f2642432771f2d09.jpg,1,0.32214319705963135,0.3004191219806671,0.02863803319633007,0.018107010051608086,0.4747287929058075
FisheyeCamera_1_00239_png.rf.d6a3e883bbb92412f2642432771f2d09.jpg,1,0.5182186961174011,0.5449423789978027,0.004579067230224609,0.00856267474591732,0.043447352945804596
FisheyeCamera_1_00239_png.rf.d6a3e883bbb92412f2642432771f2d09.jpg,1,0.32024669647216797,0.304473876953125,0.022394657135009766,0.01960468292236328,0.020127829164266586
FisheyeCamera_1_00239_png.rf.d6a3e883bbb92412f2642432771f2d09.jpg,0,0.39865508675575256,0.5046692490577698,0.010039439424872398,0.03855188190937042,0.011529546231031418
FisheyeCamera_1_00239_png.rf.d6a3e883bbb92412f2642432771f2d09.jpg,1,0.31887486577033997,0.3038778007030487,0.027124222368001938,0.015680331736803055,0.008509810082614422
FisheyeCamera_1_00239_png.rf.d6a3e883bbb92412f2642432771f2d09.jpg,1,0.32748129963874817,0.2969922721385956,0.023636523634195328,0.02450123243033886,0.005709159653633833
FisheyeCamera_1_00239_png.rf.d6a3e883bbb92412f2642432771f2d09.jpg,0,0.30894678831100464,0.43004608154296875,0.026703448966145515,0.018653687089681625,0.0024712146259844303
FisheyeCamera_1_00239_png.rf.d6a3e883bbb92412f2642432771f2d09.jpg,1,0.3050573766231537,0.4314901530742645,0.022134285420179367,0.0147092891857028,0.0023365416564047337
FisheyeCamera_1_00239_png.rf.d6a3e883bbb92412f2642432771f2d09.jpg,1,0.3210102915763855,0.29753661155700684,0.025944966822862625,0.027824219316244125,0.002220463939011097
FisheyeCamera_1_00239_png.rf.d6a3e883bbb92412f2642432771f2d09.jpg,0,0.4007854461669922,0.5105074644088745,0.010951335541903973,0.02797185443341732,0.0017922531114891171
FisheyeCamera_1_00239_png.rf.d6a3e883bbb92412f2642432771f2d09.jpg,0,0.3527289927005768,0.42200982570648193,0.018958935514092445,0.019665535539388657,0.0014672867255285382
FisheyeCamera_1_00239_png.rf.d6a3e883bbb92412f2642432771f2d09.jpg,0,0.40030333399772644,0.5060300827026367,0.011926541104912758,0.03796929493546486,0.0010687373578548431
FisheyeCamera_1_00257_png.rf.fd48c32db227dac063bcd71340f4f334.jpg,0,0.7540331482887268,0.4538610279560089,0.029519667848944664,0.01606064662337303,0.781500518321991
FisheyeCamera_1_00257_png.rf.fd48c32db227dac063bcd71340f4f334.jpg,13,0.7711331844329834,0.5350821614265442,0.0063629150390625,0.00992565881460905,0.6570412516593933
FisheyeCamera_1_00257_png.rf.fd48c32db227dac063bcd71340f4f334.jpg,0,0.7555342316627502,0.45452457666397095,0.02041105180978775,0.018253326416015625,0.14397747814655304
FisheyeCamera_1_00257_png.rf.fd48c32db227dac063bcd71340f4f334.jpg,1,0.6222200989723206,0.5423359274864197,0.007143094204366207,0.007886703126132488,0.1385103464126587
FisheyeCamera_1_00257_png.rf.fd48c32db227dac063bcd71340f4f334.jpg,1,0.6263465881347656,0.5412474274635315,0.009831061586737633,0.008423401974141598,0.10795183479785919
FisheyeCamera_1_00257_png.rf.fd48c32db227dac063bcd71340f4f334.jpg,0,0.6965974569320679,0.5334751009941101,0.007150063291192055,0.01180017925798893,0.04539194703102112
FisheyeCamera_1_00257_png.rf.fd48c32db227dac063bcd71340f4f334.jpg,13,0.6847239136695862,0.5416532158851624,0.007519575301557779,0.008060675114393234,0.018711240962147713
FisheyeCamera_1_00257_png.rf.fd48c32db227dac063bcd71340f4f334.jpg,0,0.7567722797393799,0.45201432704925537,0.027721991762518883,0.02073020115494728,0.017551228404045105
FisheyeCamera_1_00257_png.rf.fd48c32db227dac063bcd71340f4f334.jpg,0,0.7490972280502319,0.45516014099121094,0.026908360421657562,0.01929987408220768,0.004906688816845417
FisheyeCamera_1_00257_png.rf.fd48c32db227dac063bcd71340f4f334.jpg,13,0.7750861048698425,0.5342109203338623,0.012446329928934574,0.009529883973300457,0.002752879401668906
FisheyeCamera_1_00257_png.rf.fd48c32db227dac063bcd71340f4f334.jpg,1,0.8114821314811707,0.4220883250236511,0.00990808941423893,0.041197776794433594,0.0020903481636196375
FisheyeCamera_1_00257_png.rf.fd48c32db227dac063bcd71340f4f334.jpg,1,0.6230051517486572,0.5380678176879883,0.008632512763142586,0.01453150250017643,0.0015470940852537751
FisheyeCamera_1_00282_png.rf.8432bcb7705139cd0bcd1421987aaff7.jpg,0,0.5951253771781921,0.5273390412330627,0.00885508581995964,0.019753456115722656,0.8107550740242004
FisheyeCamera_1_00282_png.rf.8432bcb7705139cd0bcd1421987aaff7.jpg,13,0.8170573711395264,0.5229259729385376,0.013487815856933594,0.023102210834622383,0.6806564927101135
FisheyeCamera_1_00282_png.rf.8432bcb7705139cd0bcd1421987aaff7.jpg,1,0.47149088978767395,0.539078414440155,0.0060459282249212265,0.011265534907579422,0.6089568138122559
FisheyeCamera_1_00282_png.rf.8432bcb7705139cd0bcd1421987aaff7.jpg,11,0.3837815821170807,0.5468953251838684,0.00663313502445817,0.010728432796895504,0.4195094406604767
FisheyeCamera_1_00282_png.rf.8432bcb7705139cd0bcd1421987aaff7.jpg,1,0.453515887260437,0.5425993800163269,0.006466498598456383,0.009669597260653973,0.050503216683864594
FisheyeCamera_1_00282_png.rf.8432bcb7705139cd0bcd1421987aaff7.jpg,14,0.817021369934082,0.5232093334197998,0.014614252373576164,0.027991699054837227,0.004005175083875656
FisheyeCamera_1_00282_png.rf.8432bcb7705139cd0bcd1421987aaff7.jpg,11,0.3838685154914856,0.5487863421440125,0.007398421876132488,0.015175599604845047,0.0015132920816540718
FisheyeCamera_1_00282_png.rf.8432bcb7705139cd0bcd1421987aaff7.jpg,9,0.8169957399368286,0.5259948968887329,0.013918876647949219,0.030337151139974594,0.0010379934683442116
FisheyeCamera_1_00283_png.rf.e88cf39eb00a52dfcceb2fcfddf89260.jpg,13,0.8304183483123779,0.5208967924118042,0.013858428224921227,0.022690845653414726,0.8420393466949463
FisheyeCamera_1_00283_png.rf.e88cf39eb00a52dfcceb2fcfddf89260.jpg,0,0.5969506502151489,0.5267312526702881,0.009138951078057289,0.020583556964993477,0.7682242393493652
FisheyeCamera_1_00283_png.rf.e88cf39eb00a52dfcceb2fcfddf89260.jpg,1,0.4710158705711365,0.5397967100143433,0.005482490174472332,0.012653534300625324,0.44947540760040283
FisheyeCamera_1_00283_png.rf.e88cf39eb00a52dfcceb2fcfddf89260.jpg,11,0.3805473744869232,0.5465709567070007,0.005968020297586918,0.010654449462890625,0.18479372560977936
FisheyeCamera_1_00283_png.rf.e88cf39eb00a52dfcceb2fcfddf89260.jpg,1,0.4479577839374542,0.5439043641090393,0.008574742823839188,0.00901031494140625,0.07176467776298523
FisheyeCamera_1_00283_png.rf.e88cf39eb00a52dfcceb2fcfddf89260.jpg,14,0.8316650986671448,0.5213301777839661,0.01538599468767643,0.02501601353287697,0.013700375333428383
FisheyeCamera_1_00283_png.rf.e88cf39eb00a52dfcceb2fcfddf89260.jpg,1,0.4511532783508301,0.5426269769668579,0.01024114154279232,0.011039330624043941,0.004664797335863113
FisheyeCamera_1_00283_png.rf.e88cf39eb00a52dfcceb2fcfddf89260.jpg,11,0.952140212059021,0.5064924955368042,0.008316773921251297,0.01076258160173893,0.00224844622425735
FisheyeCamera_1_00283_png.rf.e88cf39eb00a52dfcceb2fcfddf89260.jpg,0,0.5991954803466797,0.526584267616272,0.014166465029120445,0.02079886570572853,0.001375614432618022
FisheyeCamera_1_00283_png.rf.e88cf39eb00a52dfcceb2fcfddf89260.jpg,11,0.307218998670578,0.5328071117401123,0.005357008893042803,0.011345460079610348,0.001023348537273705
FisheyeCamera_1_00285_png.rf.cbc33d5d21aad4b5d0d195479cb4f9ef.jpg,13,0.859454870223999,0.5156019926071167,0.015958786010742188,0.02608526684343815,0.8448013663291931
FisheyeCamera_1_00285_png.rf.cbc33d5d21aad4b5d0d195479cb4f9ef.jpg,11,0.37193429470062256,0.5459235310554504,0.00712977908551693,0.010280425660312176,0.7149794101715088
FisheyeCamera_1_00285_png.rf.cbc33d5d21aad4b5d0d195479cb4f9ef.jpg,1,0.46677035093307495,0.5384599566459656,0.00560687156394124,0.013244042173027992,0.6536452770233154
FisheyeCamera_1_00285_png.rf.cbc33d5d21aad4b5d0d195479cb4f9ef.jpg,0,0.5989761352539062,0.5249204039573669,0.01053476333618164,0.020860854536294937,0.6027939915657043
FisheyeCamera_1_00285_png.rf.cbc33d5d21aad4b5d0d195479cb4f9ef.jpg,1,0.43864214420318604,0.5433043837547302,0.010428612120449543,0.012457847595214844,0.08052319288253784
FisheyeCamera_1_00285_png.rf.cbc33d5d21aad4b5d0d195479cb4f9ef.jpg,1,0.43617281317710876,0.5428177714347839,0.009935085661709309,0.011804507113993168,0.05106556415557861
FisheyeCamera_1_00285_png.rf.cbc33d5d21aad4b5d0d195479cb4f9ef.jpg,14,0.8602864742279053,0.5160213708877563,0.014617186039686203,0.02591569535434246,0.025318900123238564
FisheyeCamera_1_00285_png.rf.cbc33d5d21aad4b5d0d195479cb4f9ef.jpg,1,0.46504104137420654,0.5398643016815186,0.008904824033379555,0.011905486695468426,0.014775194227695465
FisheyeCamera_1_00285_png.rf.cbc33d5d21aad4b5d0d195479cb4f9ef.jpg,1,0.4377627372741699,0.5406733751296997,0.006796469911932945,0.01364917028695345,0.01427569892257452
FisheyeCamera_1_00285_png.rf.cbc33d5d21aad4b5d0d195479cb4f9ef.jpg,0,0.5944105386734009,0.4977831542491913,0.012508942745625973,0.011392850428819656,0.0012246811529621482
FisheyeCamera_1_00298_png.rf.a4bc4257abfe5a5f97a7ab4671d5a682.jpg,11,0.28658583760261536,0.5382264852523804,0.010690010152757168,0.01537073589861393,0.7881250381469727
FisheyeCamera_1_00298_png.rf.a4bc4257abfe5a5f97a7ab4671d5a682.jpg,0,0.6269471049308777,0.5079655051231384,0.013402571901679039,0.03334217891097069,0.7480298280715942
FisheyeCamera_1_00298_png.rf.a4bc4257abfe5a5f97a7ab4671d5a682.jpg,1,0.4319360554218292,0.5329914689064026,0.007193088531494141,0.016450881958007812,0.7337971925735474
FisheyeCamera_1_00298_png.rf.a4bc4257abfe5a5f97a7ab4671d5a682.jpg,1,0.22983139753341675,0.5209605097770691,0.00465259188786149,0.014859933406114578,0.07741723209619522
FisheyeCamera_1_00298_png.rf.a4bc4257abfe5a5f97a7ab4671d5a682.jpg,5,0.28778567910194397,0.5389178991317749,0.008048295974731445,0.016325179487466812,0.030720610171556473
FisheyeCamera_1_00298_png.rf.a4bc4257abfe5a5f97a7ab4671d5a682.jpg,1,0.4328135848045349,0.5319523811340332,0.0112001346424222,0.016310691833496094,0.01892770826816559
FisheyeCamera_1_00298_png.rf.a4bc4257abfe5a5f97a7ab4671d5a682.jpg,0,0.6283459067344666,0.5089746713638306,0.019870463758707047,0.036656782031059265,0.005138664972037077
FisheyeCamera_1_00298_png.rf.a4bc4257abfe5a5f97a7ab4671d5a682.jpg,0,0.6002299785614014,0.4795498549938202,0.015309150330722332,0.012361709959805012,0.0044510243460536
FisheyeCamera_1_00302_png.rf.89395bab7d8fb4a6da3324a58b3497cd.jpg,5,0.2526476979255676,0.5336536765098572,0.010916801169514656,0.016536712646484375,0.7866665720939636
FisheyeCamera_1_00302_png.rf.89395bab7d8fb4a6da3324a58b3497cd.jpg,1,0.4217650294303894,0.5311131477355957,0.008109753020107746,0.017638573423027992,0.6479026675224304
FisheyeCamera_1_00302_png.rf.89395bab7d8fb4a6da3324a58b3497cd.jpg,0,0.6494670510292053,0.497203528881073,0.01578301563858986,0.03983372822403908,0.5712680220603943
FisheyeCamera_1_00302_png.rf.89395bab7d8fb4a6da3324a58b3497cd.jpg,1,0.208027184009552,0.5177711248397827,0.005259715486317873,0.01429235003888607,0.10083388537168503
FisheyeCamera_1_00302_png.rf.89395bab7d8fb4a6da3324a58b3497cd.jpg,0,0.6081644296646118,0.47140172123908997,0.013818190433084965,0.014208867214620113,0.003449277253821492
FisheyeCamera_1_00302_png.rf.89395bab7d8fb4a6da3324a58b3497cd.jpg,5,0.25050339102745056,0.5335443019866943,0.013542065396904945,0.01603192463517189,0.0026158466935157776
FisheyeCamera_1_00302_png.rf.89395bab7d8fb4a6da3324a58b3497cd.jpg,13,0.07239364087581635,0.5152339935302734,0.013821923173964024,0.041245825588703156,0.0012071564560756087
FisheyeCamera_1_00314_png.rf.f10aa9e570183b2892515007c415b9cf.jpg,1,0.4294811487197876,0.5222910642623901,0.010560586117208004,0.02338695526123047,0.6184172034263611
FisheyeCamera_1_00314_png.rf.f10aa9e570183b2892515007c415b9cf.jpg,0,0.8713954091072083,0.4083751440048218,0.03089369274675846,0.08651351928710938,0.5609127283096313
FisheyeCamera_1_00314_png.rf.f10aa9e570183b2892515007c415b9cf.jpg,11,0.13374805450439453,0.5144636034965515,0.014559177681803703,0.025592876598238945,0.3407663404941559
FisheyeCamera_1_00314_png.rf.f10aa9e570183b2892515007c415b9cf.jpg,5,0.13386672735214233,0.5147772431373596,0.01457448210567236,0.025366012006998062,0.14298078417778015
FisheyeCamera_1_00314_png.rf.f10aa9e570183b2892515007c415b9cf.jpg,4,0.133906289935112,0.5152668356895447,0.013963167555630207,0.02497727982699871,0.03918682038784027
FisheyeCamera_1_00314_png.rf.f10aa9e570183b2892515007c415b9cf.jpg,1,0.4311334490776062,0.5219647288322449,0.014511695131659508,0.024577874690294266,0.012099051848053932
FisheyeCamera_1_00314_png.rf.f10aa9e570183b2892515007c415b9cf.jpg,1,0.17261263728141785,0.5090019106864929,0.0077962325885891914,0.016535978764295578,0.008678652346134186
FisheyeCamera_1_00314_png.rf.f10aa9e570183b2892515007c415b9cf.jpg,6,0.8709685802459717,0.40850818157196045,0.0328754261136055,0.08389098942279816,0.002796769142150879
FisheyeCamera_1_00315_png.rf.14c625eca5ff0f371a2459cb470b6dd5.jpg,1,0.43223536014556885,0.5218906402587891,0.010448639281094074,0.02375144138932228,0.6441934108734131
FisheyeCamera_1_00315_png.rf.14c625eca5ff0f371a2459cb470b6dd5.jpg,0,0.9068723917007446,0.3922364115715027,0.0333637073636055,0.09372743964195251,0.4875968396663666
FisheyeCamera_1_00315_png.rf.14c625eca5ff0f371a2459cb470b6dd5.jpg,5,0.1220591813325882,0.51228928565979,0.014349744655191898,0.025357723236083984,0.3520868718624115
FisheyeCamera_1_00315_png.rf.14c625eca5ff0f371a2459cb470b6dd5.jpg,1,0.17161113023757935,0.5090121626853943,0.007067258469760418,0.017526626586914062,0.18337474763393402
FisheyeCamera_1_00315_png.rf.14c625eca5ff0f371a2459cb470b6dd5.jpg,12,0.24628621339797974,0.5437710881233215,0.006267639342695475,0.007427215576171875,0.004136481788009405
FisheyeCamera_1_00315_png.rf.14c625eca5ff0f371a2459cb470b6dd5.jpg,0,0.7167686820030212,0.4161558747291565,0.01888788677752018,0.01955127716064453,0.0033691555727273226
FisheyeCamera_1_00315_png.rf.14c625eca5ff0f371a2459cb470b6dd5.jpg,14,0.12088337540626526,0.5127462148666382,0.018309492617845535,0.02688055858016014,0.003102413611486554
FisheyeCamera_1_00315_png.rf.14c625eca5ff0f371a2459cb470b6dd5.jpg,11,0.9160438776016235,0.5071398615837097,0.009012222290039062,0.018599290400743484,0.0012326627038419247
FisheyeCamera_1_00351_png.rf.0c9f77a62c69eb9b4b91da5b1454eda5.jpg,12,0.44157105684280396,0.5471770167350769,0.008372306823730469,0.011083383113145828,0.9279717803001404
FisheyeCamera_1_00351_png.rf.0c9f77a62c69eb9b4b91da5b1454eda5.jpg,13,0.2146252542734146,0.5325721502304077,0.008324825204908848,0.011813163757324219,0.7670190334320068
FisheyeCamera_1_00351_png.rf.0c9f77a62c69eb9b4b91da5b1454eda5.jpg,13,0.2121712565422058,0.5330365896224976,0.01184863317757845,0.011178016662597656,0.17687112092971802
FisheyeCamera_1_00351_png.rf.0c9f77a62c69eb9b4b91da5b1454eda5.jpg,13,0.13300220668315887,0.516792893409729,0.011319215409457684,0.022758373990654945,0.02707844041287899
FisheyeCamera_1_00351_png.rf.0c9f77a62c69eb9b4b91da5b1454eda5.jpg,13,0.12018304318189621,0.5170981884002686,0.018337203189730644,0.01985282078385353,0.010878843255341053
FisheyeCamera_1_00351_png.rf.0c9f77a62c69eb9b4b91da5b1454eda5.jpg,12,0.43816083669662476,0.5472835302352905,0.013937766663730145,0.011875812895596027,0.0020364646334201097
FisheyeCamera_1_00351_png.rf.0c9f77a62c69eb9b4b91da5b1454eda5.jpg,9,0.21395929157733917,0.5350416898727417,0.007640508469194174,0.015428616665303707,0.0019204691052436829
FisheyeCamera_1_00351_png.rf.0c9f77a62c69eb9b4b91da5b1454eda5.jpg,4,0.214390367269516,0.5349811315536499,0.008851711638271809,0.01765584945678711,0.0014683462213724852
FisheyeCamera_1_00364_png.rf.a9a2ae260182758dd32759d27a3f08ae.jpg,12,0.5206666588783264,0.5424772500991821,0.0130615234375,0.019395645707845688,0.9592207670211792
FisheyeCamera_1_00364_png.rf.a9a2ae260182758dd32759d27a3f08ae.jpg,13,0.18603302538394928,0.5272880792617798,0.010142894461750984,0.015929771587252617,0.9006325006484985
FisheyeCamera_1_00364_png.rf.a9a2ae260182758dd32759d27a3f08ae.jpg,13,0.1879962533712387,0.5268341302871704,0.011660723015666008,0.017794499173760414,0.01103129517287016
FisheyeCamera_1_00364_png.rf.a9a2ae260182758dd32759d27a3f08ae.jpg,13,0.12122702598571777,0.516798734664917,0.01799890585243702,0.020858360454440117,0.010616414248943329
FisheyeCamera_1_00364_png.rf.a9a2ae260182758dd32759d27a3f08ae.jpg,13,0.1312677562236786,0.517533540725708,0.01556071825325489,0.024021992459893227,0.010101567022502422
FisheyeCamera_1_00364_png.rf.a9a2ae260182758dd32759d27a3f08ae.jpg,12,0.5224826335906982,0.5425431132316589,0.01767594926059246,0.020994773134589195,0.0022858765441924334
FisheyeCamera_1_00364_png.rf.a9a2ae260182758dd32759d27a3f08ae.jpg,13,0.130445659160614,0.513580858707428,0.017616409808397293,0.025486286729574203,0.0018740034429356456
FisheyeCamera_1_00382_png.rf.da9f23f9bb25ab0a204cb881a5ccf798.jpg,13,0.05508657917380333,0.49892765283584595,0.01487267017364502,0.02797222137451172,0.7840462327003479
FisheyeCamera_1_00382_png.rf.da9f23f9bb25ab0a204cb881a5ccf798.jpg,0,0.21599024534225464,0.5155375599861145,0.006134693510830402,0.006530284881591797,0.04477487504482269
FisheyeCamera_1_00382_png.rf.da9f23f9bb25ab0a204cb881a5ccf798.jpg,13,0.11766796559095383,0.5065200328826904,0.02201077528297901,0.026302520185709,0.018712729215621948
FisheyeCamera_1_00382_png.rf.da9f23f9bb25ab0a204cb881a5ccf798.jpg,14,0.05581904202699661,0.49907809495925903,0.01631842739880085,0.03163224086165428,0.017336726188659668
FisheyeCamera_1_00382_png.rf.da9f23f9bb25ab0a204cb881a5ccf798.jpg,0,0.21649615466594696,0.5109682083129883,0.007620041258633137,0.0098421024158597,0.007061611860990524
FisheyeCamera_1_00382_png.rf.da9f23f9bb25ab0a204cb881a5ccf798.jpg,13,0.11141618341207504,0.5057145953178406,0.016081737354397774,0.025305161252617836,0.005090975668281317
FisheyeCamera_1_00382_png.rf.da9f23f9bb25ab0a204cb881a5ccf798.jpg,13,0.1219678670167923,0.515232503414154,0.018484454602003098,0.026855945587158203,0.00296768662519753
FisheyeCamera_1_00382_png.rf.da9f23f9bb25ab0a204cb881a5ccf798.jpg,13,0.25418394804000854,0.5419945120811462,0.005614794325083494,0.005397026427090168,0.0018028506310656667
FisheyeCamera_1_00382_png.rf.da9f23f9bb25ab0a204cb881a5ccf798.jpg,0,0.2119750678539276,0.5157427191734314,0.011668296530842781,0.006400878541171551,0.0011850659502670169
FisheyeCamera_1_00454_png.rf.69544c267e97e6de7d8ff36d70f8a8f6.jpg,3,0.8021712899208069,0.5240525007247925,0.013229810632765293,0.022384461015462875,0.7425563335418701
FisheyeCamera_1_00454_png.rf.69544c267e97e6de7d8ff36d70f8a8f6.jpg,0,0.731072187423706,0.46071508526802063,0.025472568348050117,0.012809350155293941,0.33601871132850647
FisheyeCamera_1_00454_png.rf.69544c267e97e6de7d8ff36d70f8a8f6.jpg,0,0.6830715537071228,0.4636501967906952,0.010044758208096027,0.010284313932061195,0.15756724774837494
FisheyeCamera_1_00454_png.rf.69544c267e97e6de7d8ff36d70f8a8f6.jpg,0,0.6847509741783142,0.4609612822532654,0.011090352199971676,0.009597521275281906,0.03957041725516319
FisheyeCamera_1_00454_png.rf.69544c267e97e6de7d8ff36d70f8a8f6.jpg,0,0.6858810782432556,0.4617714583873749,0.010426521301269531,0.008152558468282223,0.0030151228420436382
FisheyeCamera_1_00454_png.rf.69544c267e97e6de7d8ff36d70f8a8f6.jpg,0,0.7311226725578308,0.479805052280426,0.019769009202718735,0.021333694458007812,0.002788581419736147
FisheyeCamera_1_00454_png.rf.69544c267e97e6de7d8ff36d70f8a8f6.jpg,0,0.6880267262458801,0.4602659046649933,0.012312815524637699,0.008472259156405926,0.001612746505998075
FisheyeCamera_1_00471_png.rf.eb0a04fb4ec3ae41bf4b96e27bd5d26d.jpg,0,0.3405096232891083,0.4589720368385315,0.031207561492919922,0.08461515605449677,0.8841251134872437
FisheyeCamera_1_00471_png.rf.eb0a04fb4ec3ae41bf4b96e27bd5d26d.jpg,0,0.5194501280784607,0.45873260498046875,0.03455715999007225,0.08611411601305008,0.8732155561447144
FisheyeCamera_1_00471_png.rf.eb0a04fb4ec3ae41bf4b96e27bd5d26d.jpg,6,0.3403718173503876,0.45744192600250244,0.030020860955119133,0.08053695410490036,0.0021509204525500536
FisheyeCamera_1_00476_png.rf.9039468fbc1dab58476b697e479807f8.jpg,0,0.5339468717575073,0.3898032307624817,0.062056176364421844,0.15013504028320312,0.901683509349823
FisheyeCamera_1_00476_png.rf.9039468fbc1dab58476b697e479807f8.jpg,0,0.2505510747432709,0.4022313356399536,0.04226148873567581,0.12675894796848297,0.6450121998786926
FisheyeCamera_1_00479_png.rf.f7e77b725ba1e70b5dc8b0697e0b1f92.jpg,3,0.9321022629737854,0.5018393993377686,0.014377153478562832,0.028005782514810562,0.8294187188148499
FisheyeCamera_1_00479_png.rf.f7e77b725ba1e70b5dc8b0697e0b1f92.jpg,0,0.5031543970108032,0.417888343334198,0.019236747175455093,0.011391419917345047,0.652094304561615
FisheyeCamera_1_00479_png.rf.f7e77b725ba1e70b5dc8b0697e0b1f92.jpg,1,0.7330347895622253,0.40149804949760437,0.04207053408026695,0.024163905531167984,0.134730264544487
FisheyeCamera_1_00479_png.rf.f7e77b725ba1e70b5dc8b0697e0b1f92.jpg,0,0.7328291535377502,0.4023706316947937,0.043686721473932266,0.024356622248888016,0.12681420147418976
FisheyeCamera_1_00479_png.rf.f7e77b725ba1e70b5dc8b0697e0b1f92.jpg,1,0.5048965215682983,0.47340917587280273,0.008768265135586262,0.009461035951972008,0.09455389529466629
FisheyeCamera_1_00479_png.rf.f7e77b725ba1e70b5dc8b0697e0b1f92.jpg,1,0.5042524337768555,0.476249635219574,0.008970847353339195,0.010031516663730145,0.03267866373062134
FisheyeCamera_1_00479_png.rf.f7e77b725ba1e70b5dc8b0697e0b1f92.jpg,4,0.9322608709335327,0.5022532939910889,0.01384470984339714,0.030144287273287773,0.01975584588944912
FisheyeCamera_1_00479_png.rf.f7e77b725ba1e70b5dc8b0697e0b1f92.jpg,1,0.499785453081131,0.47659650444984436,0.012858317233622074,0.009401981718838215,0.004260437097400427
FisheyeCamera_1_00479_png.rf.f7e77b725ba1e70b5dc8b0697e0b1f92.jpg,0,0.5025541186332703,0.41497454047203064,0.02322930470108986,0.019567856565117836,0.002081287559121847
FisheyeCamera_1_00479_png.rf.f7e77b725ba1e70b5dc8b0697e0b1f92.jpg,1,0.5000613331794739,0.47319018840789795,0.01308422815054655,0.009263038635253906,0.0018304644618183374
FisheyeCamera_1_00479_png.rf.f7e77b725ba1e70b5dc8b0697e0b1f92.jpg,1,0.5124532580375671,0.47330284118652344,0.01380942389369011,0.00950479507446289,0.001051615341566503
FisheyeCamera_1_00480_png.rf.ff94615495e0c4eb7cd3a1cfce3cf2cd.jpg,3,0.951401948928833,0.49697959423065186,0.014308562502264977,0.02853899821639061,0.8342787027359009
FisheyeCamera_1_00480_png.rf.ff94615495e0c4eb7cd3a1cfce3cf2cd.jpg,13,0.9513052701950073,0.49702298641204834,0.014279952272772789,0.028792014345526695,0.5596187710762024
FisheyeCamera_1_00480_png.rf.ff94615495e0c4eb7cd3a1cfce3cf2cd.jpg,0,0.5046889781951904,0.41219213604927063,0.02029525302350521,0.012739071622490883,0.4375404715538025
FisheyeCamera_1_00480_png.rf.ff94615495e0c4eb7cd3a1cfce3cf2cd.jpg,1,0.5032980442047119,0.4723771810531616,0.010583584196865559,0.00751245953142643,0.2755483090877533
FisheyeCamera_1_00480_png.rf.ff94615495e0c4eb7cd3a1cfce3cf2cd.jpg,0,0.7457813620567322,0.3933614492416382,0.044582661241292953,0.026772204786539078,0.1633547693490982
FisheyeCamera_1_00480_png.rf.ff94615495e0c4eb7cd3a1cfce3cf2cd.jpg,0,0.5001904368400574,0.4723260700702667,0.013393182307481766,0.007777690887451172,0.06414131820201874
FisheyeCamera_1_00480_png.rf.ff94615495e0c4eb7cd3a1cfce3cf2cd.jpg,1,0.7455794811248779,0.3923886716365814,0.04541609808802605,0.02756243571639061,0.05160133168101311
FisheyeCamera_1_00480_png.rf.ff94615495e0c4eb7cd3a1cfce3cf2cd.jpg,0,0.503420889377594,0.47523564100265503,0.010067829862236977,0.012043366208672523,0.004484434146434069
FisheyeCamera_1_00480_png.rf.ff94615495e0c4eb7cd3a1cfce3cf2cd.jpg,1,0.5115900635719299,0.47229960560798645,0.015462691895663738,0.007891728542745113,0.0014315281296148896
FisheyeCamera_1_00509_png.rf.a4fdcf5053bc422a3b30b4cef69e5ea6.jpg,4,0.6397367715835571,0.546786904335022,0.008326530456542969,0.009972388856112957,0.475344717502594
FisheyeCamera_1_00509_png.rf.a4fdcf5053bc422a3b30b4cef69e5ea6.jpg,0,0.5086393356323242,0.31884530186653137,0.030203048139810562,0.019289126619696617,0.36704912781715393
FisheyeCamera_1_00509_png.rf.a4fdcf5053bc422a3b30b4cef69e5ea6.jpg,1,0.5082359910011292,0.31851768493652344,0.030277252197265625,0.017930617555975914,0.2833966612815857
FisheyeCamera_1_00509_png.rf.a4fdcf5053bc422a3b30b4cef69e5ea6.jpg,12,0.6371453404426575,0.5459336638450623,0.011810302734375,0.009626498445868492,0.08354181051254272
FisheyeCamera_1_00509_png.rf.a4fdcf5053bc422a3b30b4cef69e5ea6.jpg,4,0.6398122310638428,0.5486980676651001,0.00820424035191536,0.015178496949374676,0.0191607978194952
FisheyeCamera_1_00509_png.rf.a4fdcf5053bc422a3b30b4cef69e5ea6.jpg,1,0.655665397644043,0.5210108757019043,0.00551531882956624,0.005062690004706383,0.0013740349095314741
FisheyeCamera_1_00587_png.rf.8f637c2480c931d014f8cc2877541abd.jpg,4,0.535601019859314,0.547578752040863,0.008772263303399086,0.0097047733142972,0.48009929060935974
FisheyeCamera_1_00587_png.rf.8f637c2480c931d014f8cc2877541abd.jpg,1,0.6333882212638855,0.4903227686882019,0.007900824770331383,0.0069732666015625,0.294679194688797
FisheyeCamera_1_00587_png.rf.8f637c2480c931d014f8cc2877541abd.jpg,4,0.5387672185897827,0.5476698279380798,0.009992599487304688,0.009422779083251953,0.09218572080135345
FisheyeCamera_1_00587_png.rf.8f637c2480c931d014f8cc2877541abd.jpg,1,0.6339660286903381,0.4876544177532196,0.010586004704236984,0.005414302460849285,0.007818210870027542
FisheyeCamera_1_00587_png.rf.8f637c2480c931d014f8cc2877541abd.jpg,4,0.5354080200195312,0.5493419170379639,0.008436386473476887,0.013893897645175457,0.00660692760720849
FisheyeCamera_1_00587_png.rf.8f637c2480c931d014f8cc2877541abd.jpg,1,0.6371603608131409,0.490171879529953,0.013266196474432945,0.007399449124932289,0.00198320671916008
FisheyeCamera_1_00587_png.rf.8f637c2480c931d014f8cc2877541abd.jpg,4,0.5390192866325378,0.5496562719345093,0.009482970461249352,0.013232231140136719,0.0019457892049103975
FisheyeCamera_1_00587_png.rf.8f637c2480c931d014f8cc2877541abd.jpg,1,0.6333851218223572,0.4869002103805542,0.008383017033338547,0.011426999233663082,0.0019356452394276857
FisheyeCamera_1_00594_png.rf.dc0e60f4633360af03461b14c31a1454.jpg,4,0.5203825831413269,0.5463648438453674,0.009165983647108078,0.012622833251953125,0.9003946781158447
FisheyeCamera_1_00594_png.rf.dc0e60f4633360af03461b14c31a1454.jpg,1,0.6264616250991821,0.48263078927993774,0.010543236508965492,0.0073482440784573555,0.20856957137584686
FisheyeCamera_1_00594_png.rf.dc0e60f4633360af03461b14c31a1454.jpg,1,0.6246967315673828,0.4828033447265625,0.012131104245781898,0.006801421754062176,0.16680189967155457
FisheyeCamera_1_00600_png.rf.99bc40dcb86cb45b4425a2604dd3cd8d.jpg,4,0.49613073468208313,0.5451799631118774,0.011287872679531574,0.01513404119759798,0.8957008123397827
FisheyeCamera_1_00600_png.rf.99bc40dcb86cb45b4425a2604dd3cd8d.jpg,1,0.6177790760993958,0.47369053959846497,0.010835390537977219,0.009936259128153324,0.3681771159172058
FisheyeCamera_1_00600_png.rf.99bc40dcb86cb45b4425a2604dd3cd8d.jpg,1,0.6167603731155396,0.47627830505371094,0.009550094604492188,0.009962852112948895,0.2506306767463684
FisheyeCamera_1_00600_png.rf.99bc40dcb86cb45b4425a2604dd3cd8d.jpg,1,0.6127443313598633,0.4767439067363739,0.013092370703816414,0.009100547060370445,0.002618200145661831
FisheyeCamera_1_00604_png.rf.fd483074d74e8bee0d71bb87e77ab3ef.jpg,4,0.4726342558860779,0.5432561635971069,0.01349658239632845,0.01660079136490822,0.8391713500022888
FisheyeCamera_1_00604_png.rf.fd483074d74e8bee0d71bb87e77ab3ef.jpg,1,0.6047020554542542,0.46938464045524597,0.010274483822286129,0.006915275938808918,0.5742981433868408
FisheyeCamera_1_00604_png.rf.fd483074d74e8bee0d71bb87e77ab3ef.jpg,14,0.4715786278247833,0.5432382822036743,0.020050708204507828,0.01923234574496746,0.005318452138453722
FisheyeCamera_1_00604_png.rf.fd483074d74e8bee0d71bb87e77ab3ef.jpg,1,0.6104685068130493,0.46951228380203247,0.017539428547024727,0.007958962582051754,0.003585629165172577
FisheyeCamera_1_00604_png.rf.fd483074d74e8bee0d71bb87e77ab3ef.jpg,1,0.6006949543952942,0.46906834840774536,0.013944625854492188,0.00730133056640625,0.0014923710841685534
FisheyeCamera_1_00615_png.rf.6b8b9a4df61e83d15119053ea613f434.jpg,4,0.3388422429561615,0.5267473459243774,0.02597801573574543,0.035623952746391296,0.8894133567810059
FisheyeCamera_1_00615_png.rf.6b8b9a4df61e83d15119053ea613f434.jpg,1,0.5606400370597839,0.44433343410491943,0.013843903318047523,0.008696189150214195,0.5767041444778442
FisheyeCamera_1_00615_png.rf.6b8b9a4df61e83d15119053ea613f434.jpg,5,0.33894065022468567,0.5261837244033813,0.02650444395840168,0.03603190556168556,0.29577532410621643
FisheyeCamera_1_00615_png.rf.6b8b9a4df61e83d15119053ea613f434.jpg,1,0.5604654550552368,0.44242894649505615,0.014113609679043293,0.012492546811699867,0.02988085150718689
FisheyeCamera_1_00615_png.rf.6b8b9a4df61e83d15119053ea613f434.jpg,1,0.5722256302833557,0.4451127052307129,0.021644409745931625,0.009413352236151695,0.0011563000734895468
FisheyeCamera_1_00631_png.rf.ef7fde7123c71d075628496a468eb1df.jpg,1,0.5108001232147217,0.3463500142097473,0.025042129680514336,0.016636665910482407,0.656258225440979
FisheyeCamera_1_00631_png.rf.ef7fde7123c71d075628496a468eb1df.jpg,11,0.43599775433540344,0.5463842153549194,0.009543528780341148,0.010651295073330402,0.05908941850066185
FisheyeCamera_1_00631_png.rf.ef7fde7123c71d075628496a468eb1df.jpg,11,0.43896371126174927,0.5462596416473389,0.009595870971679688,0.010557541623711586,0.018618546426296234
FisheyeCamera_1_00922_png.rf.408835a278b9c700eb1a2f358ca58d07.jpg,1,0.18350131809711456,0.4914204478263855,0.010453939437866211,0.0075189885683357716,0.05413173511624336
FisheyeCamera_1_00922_png.rf.408835a278b9c700eb1a2f358ca58d07.jpg,1,0.18317557871341705,0.487887978553772,0.01447442825883627,0.008078758604824543,0.005743664223700762
FisheyeCamera_1_00922_png.rf.408835a278b9c700eb1a2f358ca58d07.jpg,7,0.20938491821289062,0.4823572039604187,0.006681735627353191,0.01624070666730404,0.0033453621435910463
FisheyeCamera_1_00922_png.rf.408835a278b9c700eb1a2f358ca58d07.jpg,0,0.1583988517522812,0.4854738116264343,0.009017467498779297,0.009743103757500648,0.0028693880885839462
FisheyeCamera_1_00922_png.rf.408835a278b9c700eb1a2f358ca58d07.jpg,1,0.16197603940963745,0.4858990013599396,0.010526509955525398,0.009454140439629555,0.0012442441657185555
FisheyeCamera_1_00922_png.rf.408835a278b9c700eb1a2f358ca58d07.jpg,0,0.1582736074924469,0.48741501569747925,0.008559226989746094,0.012713432312011719,0.001037860056385398
FisheyeCamera_1_01013_png.rf.9464970b75fa02363baae3c682e99f39.jpg,0,0.5693308115005493,0.510084867477417,0.013249874114990234,0.008471672423183918,0.5926993489265442
FisheyeCamera_1_01013_png.rf.9464970b75fa02363baae3c682e99f39.jpg,0,0.5370022654533386,0.5104468464851379,0.01186227798461914,0.008982768282294273,0.4607292413711548
FisheyeCamera_1_01013_png.rf.9464970b75fa02363baae3c682e99f39.jpg,1,0.6840397715568542,0.43333911895751953,0.027968700975179672,0.019573982805013657,0.21486817300319672
FisheyeCamera_1_01013_png.rf.9464970b75fa02363baae3c682e99f39.jpg,0,0.5365497469902039,0.5129492282867432,0.011206407099962234,0.011654670350253582,0.05899405851960182
FisheyeCamera_1_01013_png.rf.9464970b75fa02363baae3c682e99f39.jpg,0,0.5665163397789001,0.5098727345466614,0.01923513412475586,0.010578632354736328,0.03735234960913658
FisheyeCamera_1_01013_png.rf.9464970b75fa02363baae3c682e99f39.jpg,0,0.5697271227836609,0.5123913884162903,0.013056755065917969,0.012749562039971352,0.03580479323863983
FisheyeCamera_1_01013_png.rf.9464970b75fa02363baae3c682e99f39.jpg,1,0.7258808612823486,0.44747862219810486,0.02087879180908203,0.014835944399237633,0.006551739294081926
FisheyeCamera_1_01013_png.rf.9464970b75fa02363baae3c682e99f39.jpg,0,0.5723152756690979,0.5098031759262085,0.01809079758822918,0.0089414669200778,0.00218705041334033
FisheyeCamera_1_01013_png.rf.9464970b75fa02363baae3c682e99f39.jpg,1,0.684895932674408,0.4303067922592163,0.030048370361328125,0.02744065783917904,0.0010001732734963298
FisheyeCamera_1_01026_png.rf.dfb591570ded3c052e6641cb4f2d80c1.jpg,0,0.44073155522346497,0.49566954374313354,0.015179560519754887,0.010191330686211586,0.7597206234931946
FisheyeCamera_1_01026_png.rf.dfb591570ded3c052e6641cb4f2d80c1.jpg,0,0.3987191617488861,0.4937828779220581,0.01543815340846777,0.012061705812811852,0.6784987449645996
FisheyeCamera_1_01026_png.rf.dfb591570ded3c052e6641cb4f2d80c1.jpg,1,0.42135077714920044,0.5419182777404785,0.005509779788553715,0.00984705425798893,0.006160925608128309
FisheyeCamera_1_01026_png.rf.dfb591570ded3c052e6641cb4f2d80c1.jpg,0,0.43995028734207153,0.4933163523674011,0.015723999589681625,0.015628814697265625,0.0034043947234749794
FisheyeCamera_1_01026_png.rf.dfb591570ded3c052e6641cb4f2d80c1.jpg,0,0.44100886583328247,0.4986006021499634,0.015729721635580063,0.015406058169901371,0.001827560132369399
FisheyeCamera_1_01037_png.rf.870a2a09f0f8cb2a0b5f4a4a3b3ccadc.jpg,0,0.37099966406822205,0.4699404835700989,0.021897243335843086,0.012604163028299809,0.7700415253639221
FisheyeCamera_1_01037_png.rf.870a2a09f0f8cb2a0b5f4a4a3b3ccadc.jpg,0,0.312442421913147,0.4648851156234741,0.022643383592367172,0.014735808596014977,0.711296558380127
FisheyeCamera_1_01037_png.rf.870a2a09f0f8cb2a0b5f4a4a3b3ccadc.jpg,1,0.37173524498939514,0.5375130772590637,0.006117307115346193,0.013034270144999027,0.010587433353066444
FisheyeCamera_1_01082_png.rf.da2e5bebfb023e66aacd368902a130ef.jpg,1,0.800989031791687,0.5029826164245605,0.010785836726427078,0.026909461244940758,0.807594895362854
FisheyeCamera_1_01082_png.rf.da2e5bebfb023e66aacd368902a130ef.jpg,1,0.6844250559806824,0.5070476531982422,0.008765073493123055,0.005380263552069664,0.008060390129685402
FisheyeCamera_1_01086_png.rf.dd1b44b6d6e2e2da3f3f6ab8f823bc01.jpg,1,0.7789722681045532,0.502995491027832,0.011899654753506184,0.02825450897216797,0.8186466097831726
FisheyeCamera_1_01086_png.rf.dd1b44b6d6e2e2da3f3f6ab8f823bc01.jpg,1,0.6348778605461121,0.5090062022209167,0.008220819756388664,0.006272022612392902,0.2061021625995636
FisheyeCamera_1_01086_png.rf.dd1b44b6d6e2e2da3f3f6ab8f823bc01.jpg,1,0.6380983591079712,0.5090516209602356,0.011555304750800133,0.00665037427097559,0.004531633574515581
FisheyeCamera_1_01086_png.rf.dd1b44b6d6e2e2da3f3f6ab8f823bc01.jpg,1,0.7809562683105469,0.5009763240814209,0.014973640441894531,0.032882507890462875,0.0022773263044655323
FisheyeCamera_1_01090_png.rf.663e34306a969d1e2d3f1ca290e1ddd7.jpg,1,0.7536929845809937,0.5017542839050293,0.012694871984422207,0.031718842685222626,0.7940511703491211
FisheyeCamera_1_01090_png.rf.663e34306a969d1e2d3f1ca290e1ddd7.jpg,1,0.5800379514694214,0.5089395642280579,0.006836597807705402,0.006145477294921875,0.03586045280098915
FisheyeCamera_1_01098_png.rf.e141b30ac0a11cc0c857435f655656fc.jpg,1,0.808711588382721,0.4816630482673645,0.015040544793009758,0.04112166538834572,0.8004101514816284
FisheyeCamera_1_01098_png.rf.e141b30ac0a11cc0c857435f655656fc.jpg,1,0.5536864995956421,0.5047122836112976,0.007256507873535156,0.0057376716285943985,0.018781641498208046
FisheyeCamera_1_01098_png.rf.e141b30ac0a11cc0c857435f655656fc.jpg,1,0.5494658350944519,0.5049523115158081,0.01183176040649414,0.005333900451660156,0.002415308728814125
FisheyeCamera_1_01098_png.rf.e141b30ac0a11cc0c857435f655656fc.jpg,7,0.8102502226829529,0.5323467254638672,0.00821685791015625,0.010730926878750324,0.0017063136911019683
FisheyeCamera_1_01098_png.rf.e141b30ac0a11cc0c857435f655656fc.jpg,8,0.8283251523971558,0.47994768619537354,0.025252342224121094,0.04021318256855011,0.001545403734780848
FisheyeCamera_1_01099_png.rf.d3e2606bc19452ecaec7548723f05a0b.jpg,1,0.8180750608444214,0.4782716631889343,0.01611320860683918,0.04276297613978386,0.7173780202865601
FisheyeCamera_1_01099_png.rf.d3e2606bc19452ecaec7548723f05a0b.jpg,1,0.5532108545303345,0.5045096278190613,0.007981703616678715,0.005962958559393883,0.0902119129896164
FisheyeCamera_1_01099_png.rf.d3e2606bc19452ecaec7548723f05a0b.jpg,1,0.5498997569084167,0.5044986605644226,0.012431731447577477,0.005631446838378906,0.002940446138381958
FisheyeCamera_1_01104_png.rf.1c0a4fa66929930288c5ff6e293ca501.jpg,1,0.8616180419921875,0.46023207902908325,0.017663368955254555,0.052585419267416,0.8228042125701904
FisheyeCamera_1_01104_png.rf.1c0a4fa66929930288c5ff6e293ca501.jpg,1,0.5181885361671448,0.5024545192718506,0.009097282774746418,0.007734849117696285,0.1624329686164856
FisheyeCamera_1_01104_png.rf.1c0a4fa66929930288c5ff6e293ca501.jpg,11,0.865159273147583,0.5232518911361694,0.007348647341132164,0.010429015383124352,0.002686187392100692
FisheyeCamera_1_01104_png.rf.1c0a4fa66929930288c5ff6e293ca501.jpg,1,0.5189768671989441,0.4991801381111145,0.010006317868828773,0.011004631407558918,0.0018438507104292512
FisheyeCamera_1_01147_png.rf.4b377ccbafe830dd921c6b606ab4f94a.jpg,0,0.43672826886177063,0.40923112630844116,0.016197608783841133,0.011670882813632488,0.19275783002376556
FisheyeCamera_1_01147_png.rf.4b377ccbafe830dd921c6b606ab4f94a.jpg,0,0.43672052025794983,0.4114118814468384,0.017386142164468765,0.014978812076151371,0.01523656863719225
road104_png.rf.4468adcd7c2dcfc04377146de785c0a6.jpg,11,0.48874232172966003,0.48598146438598633,0.7573026418685913,0.9288835525512695,0.958913266658783
road108_png.rf.9655ebb7a27af56ab1d0360d10685ec8.jpg,6,0.45211923122406006,0.544447660446167,0.02964305877685547,0.04783010482788086,0.39116036891937256
road108_png.rf.9655ebb7a27af56ab1d0360d10685ec8.jpg,1,0.45136183500289917,0.5441027283668518,0.030193695798516273,0.04698331654071808,0.05704929679632187
road108_png.rf.9655ebb7a27af56ab1d0360d10685ec8.jpg,8,0.44702470302581787,0.5435611605644226,0.042689140886068344,0.04797818139195442,0.002109933877363801
road108_png.rf.9655ebb7a27af56ab1d0360d10685ec8.jpg,7,0.4526604115962982,0.5441811680793762,0.03286229819059372,0.04925364628434181,0.0018261733930557966
road108_png.rf.9655ebb7a27af56ab1d0360d10685ec8.jpg,1,0.8950443267822266,0.20993804931640625,0.03156434744596481,0.029010571539402008,0.001458943821489811
road109_png.rf.c7fd39b9ac59c325ec73dc6b5ece99fd.jpg,8,0.6496598124504089,0.5129004716873169,0.08165950328111649,0.11406887322664261,0.9225676655769348
road109_png.rf.c7fd39b9ac59c325ec73dc6b5ece99fd.jpg,7,0.6487751007080078,0.5144872069358826,0.0812772586941719,0.11469198763370514,0.005464188288897276
road112_png.rf.b765c2b5d3a2145d317b0ceadfb08464.jpg,5,0.5114965438842773,0.3100592792034149,0.33893412351608276,0.5125925540924072,0.9922027587890625
road11_png.rf.40b76142a629faa238c042bcb209cc27.jpg,0,0.49274927377700806,0.3856239318847656,0.04738503322005272,0.116795614361763,0.688495934009552
road11_png.rf.40b76142a629faa238c042bcb209cc27.jpg,0,0.8131596446037292,0.6221507787704468,0.043483734130859375,0.09987699240446091,0.6014083027839661
road11_png.rf.40b76142a629faa238c042bcb209cc27.jpg,1,0.703765869140625,0.14693115651607513,0.04600348696112633,0.02698025293648243,0.026766469702124596
road11_png.rf.40b76142a629faa238c042bcb209cc27.jpg,1,0.8728598356246948,0.017478832975029945,0.027461638674139977,0.03495766595005989,0.012623914517462254
road11_png.rf.40b76142a629faa238c042bcb209cc27.jpg,1,0.8907856345176697,0.019855478778481483,0.03623749688267708,0.03971095755696297,0.006890890654176474
road11_png.rf.40b76142a629faa238c042bcb209cc27.jpg,8,0.87703937292099,0.15630432963371277,0.03151167184114456,0.04761294275522232,0.006139243952929974
road11_png.rf.40b76142a629faa238c042bcb209cc27.jpg,9,0.8775951862335205,0.15562202036380768,0.031772248446941376,0.0490838922560215,0.0026300286408513784
road11_png.rf.40b76142a629faa238c042bcb209cc27.jpg,1,0.8960169553756714,0.02811410091817379,0.043053038418293,0.05622820183634758,0.0012723894324153662
road11_png.rf.40b76142a629faa238c042bcb209cc27.jpg,12,0.8754532337188721,0.018698738887906075,0.03261793404817581,0.03737414628267288,0.001093691331334412
road157_png.rf.e48c88408b366592b950018ee5d6426d.jpg,8,0.7240893840789795,0.2074229121208191,0.12394142150878906,0.09383909404277802,0.9151390194892883
road157_png.rf.e48c88408b366592b950018ee5d6426d.jpg,13,0.9580033421516418,0.5649071335792542,0.0134124755859375,0.022053536027669907,0.00673174811527133
road157_png.rf.e48c88408b366592b950018ee5d6426d.jpg,10,0.6992462873458862,0.6354364156723022,0.01466633751988411,0.025620166212320328,0.004267762415111065
road157_png.rf.e48c88408b366592b950018ee5d6426d.jpg,1,0.6115071177482605,0.022477179765701294,0.06983276456594467,0.04444090649485588,0.0023731919936835766
road16_png.rf.9aba07c7ac70aab405028e7e8a750fb7.jpg,1,0.585680365562439,0.2570052742958069,0.04540425166487694,0.15550707280635834,0.8305176496505737
road16_png.rf.9aba07c7ac70aab405028e7e8a750fb7.jpg,1,0.28096961975097656,0.47448861598968506,0.037803832441568375,0.08936397731304169,0.38127169013023376
road16_png.rf.9aba07c7ac70aab405028e7e8a750fb7.jpg,1,0.586725115776062,0.2310478538274765,0.038962069898843765,0.10697802901268005,0.046839721500873566
road16_png.rf.9aba07c7ac70aab405028e7e8a750fb7.jpg,5,0.6775552034378052,0.7633786797523499,0.6354756951332092,0.47324270009994507,0.0015904981410130858
road16_png.rf.9aba07c7ac70aab405028e7e8a750fb7.jpg,5,0.33599743247032166,0.40851789712905884,0.03170347213745117,0.05009287968277931,0.0012295563938096166
road196_png.rf.6aa5da1b76ad6487d317d27963cc00d1.jpg,8,0.5597311854362488,0.3213440775871277,0.22864705324172974,0.17978714406490326,0.9524672031402588
road196_png.rf.6aa5da1b76ad6487d317d27963cc00d1.jpg,1,0.7314240336418152,0.7608567476272583,0.015700193122029305,0.008451828733086586,0.043683771044015884
road196_png.rf.6aa5da1b76ad6487d317d27963cc00d1.jpg,0,0.40144646167755127,0.8100321888923645,0.012333283200860023,0.008498191833496094,0.03110843524336815
road196_png.rf.6aa5da1b76ad6487d317d27963cc00d1.jpg,1,0.3996012806892395,0.8100039958953857,0.013393108732998371,0.008594145998358727,0.028884051367640495
road196_png.rf.6aa5da1b76ad6487d317d27963cc00d1.jpg,1,0.7299208045005798,0.7608749866485596,0.016637802124023438,0.01086697168648243,0.026585431769490242
road196_png.rf.6aa5da1b76ad6487d317d27963cc00d1.jpg,1,0.3725321590900421,0.8078842163085938,0.009302652440965176,0.005893707275390625,0.010675566270947456
road196_png.rf.6aa5da1b76ad6487d317d27963cc00d1.jpg,0,0.40167078375816345,0.8127654790878296,0.012749304994940758,0.01203419640660286,0.010498537681996822
road196_png.rf.6aa5da1b76ad6487d317d27963cc00d1.jpg,1,0.44596976041793823,0.8142257332801819,0.013477912172675133,0.00911221094429493,0.010062875226140022
road196_png.rf.6aa5da1b76ad6487d317d27963cc00d1.jpg,0,0.39808493852615356,0.812870442867279,0.012712185271084309,0.011797904968261719,0.008338293060660362
road196_png.rf.6aa5da1b76ad6487d317d27963cc00d1.jpg,1,0.3801741302013397,0.8090749979019165,0.008664021268486977,0.0074651422910392284,0.001697884756140411
road196_png.rf.6aa5da1b76ad6487d317d27963cc00d1.jpg,1,0.7270869016647339,0.7606506943702698,0.017241477966308594,0.011725058779120445,0.001207074266858399
road19_png.rf.05e1657af2361aab3c4d5deb43b29087.jpg,0,0.4108271300792694,0.3288108706474304,0.07824607938528061,0.12580886483192444,0.7260898351669312
road19_png.rf.05e1657af2361aab3c4d5deb43b29087.jpg,0,0.7005929350852966,0.49728888273239136,0.020557183772325516,0.023467430844902992,0.006764978636056185
road19_png.rf.05e1657af2361aab3c4d5deb43b29087.jpg,1,0.6076252460479736,0.49650371074676514,0.4488687217235565,0.9015390872955322,0.0060561588034033775
road19_png.rf.05e1657af2361aab3c4d5deb43b29087.jpg,12,0.40969645977020264,0.3274672329425812,0.07938575744628906,0.13456350564956665,0.0039854031056165695
road19_png.rf.05e1657af2361aab3c4d5deb43b29087.jpg,1,0.3412586748600006,0.5252680778503418,0.025765419006347656,0.022515883669257164,0.003159482963383198
road243_png.rf.555053220adbac3849def1e4105008fd.jpg,12,0.5260283946990967,0.6096870303153992,0.04239350184798241,0.0345289520919323,0.6811607480049133
road243_png.rf.555053220adbac3849def1e4105008fd.jpg,12,0.48265376687049866,0.6098997592926025,0.042771633714437485,0.035451337695121765,0.6145705580711365
road243_png.rf.555053220adbac3849def1e4105008fd.jpg,3,0.5262699723243713,0.6099783778190613,0.04192238673567772,0.03513237088918686,0.3015736937522888
road243_png.rf.555053220adbac3849def1e4105008fd.jpg,3,0.4808109998703003,0.6105446219444275,0.04070854187011719,0.03622623533010483,0.24697428941726685
road243_png.rf.555053220adbac3849def1e4105008fd.jpg,12,0.5184664130210876,0.6094716787338257,0.03310317173600197,0.036854781210422516,0.004965947940945625
road254_png.rf.5ed92d428851755882973a8e28944076.jpg,8,0.44384458661079407,0.2406814694404602,0.1583743840456009,0.11917732656002045,0.9672755002975464
road254_png.rf.5ed92d428851755882973a8e28944076.jpg,11,0.03807960823178291,0.7852026224136353,0.015024006366729736,0.0381639190018177,0.00139027985278517
road260_png.rf.47ad1e33078da07b4bf3b0e5712c926d.jpg,8,0.5427374839782715,0.4097220301628113,0.2257603108882904,0.1920977383852005,0.9734680652618408
road277_png.rf.3f53c2534447d823337f731b63c65c75.jpg,8,0.6622492074966431,0.32553309202194214,0.19495469331741333,0.14827150106430054,0.9576363563537598
road277_png.rf.3f53c2534447d823337f731b63c65c75.jpg,8,0.5201647877693176,0.87176513671875,0.02945632115006447,0.05277061462402344,0.003262218553572893
road277_png.rf.3f53c2534447d823337f731b63c65c75.jpg,13,0.05640304833650589,0.9961153268814087,0.01699453592300415,0.007100251968950033,0.0015687227714806795
road277_png.rf.3f53c2534447d823337f731b63c65c75.jpg,8,0.4760773777961731,0.23659668862819672,0.5021936893463135,0.4263778030872345,0.001296022324822843
road286_png.rf.702db0cc9906e626d838a77a4e79244d.jpg,8,0.47683191299438477,0.4226016402244568,0.22680531442165375,0.18131083250045776,0.9759759306907654
road286_png.rf.702db0cc9906e626d838a77a4e79244d.jpg,1,0.28884050250053406,0.009138397872447968,0.1944582164287567,0.018276795744895935,0.005880388431251049
road286_png.rf.702db0cc9906e626d838a77a4e79244d.jpg,0,0.2999921143054962,0.006204192992299795,0.1956779658794403,0.012177003547549248,0.0048473370261490345
road286_png.rf.702db0cc9906e626d838a77a4e79244d.jpg,8,0.23460155725479126,0.896388590335846,0.4574492871761322,0.2072228640317917,0.0017596971010789275
road286_png.rf.702db0cc9906e626d838a77a4e79244d.jpg,1,0.27053114771842957,0.0065411413088440895,0.18859106302261353,0.013057061471045017,0.0014691308606415987
road288_png.rf.db64fffa70c02e58aabcbb10e3a19798.jpg,8,0.39677003026008606,0.47176027297973633,0.11978211998939514,0.09425390511751175,0.9650418758392334
road289_png.rf.ba6012fe8a27d9f53d8d66bb29db5ad8.jpg,14,0.3478023111820221,0.4592399001121521,0.2812403440475464,0.22654280066490173,0.9421484470367432
road289_png.rf.ba6012fe8a27d9f53d8d66bb29db5ad8.jpg,0,0.9099501371383667,0.8989928364753723,0.1796794980764389,0.2020142674446106,0.5221152901649475
road289_png.rf.ba6012fe8a27d9f53d8d66bb29db5ad8.jpg,0,0.8427103757858276,0.8950820565223694,0.06808757781982422,0.2081460952758789,0.008081512525677681
road28_png.rf.d0de3563c76ae8b60ecdaf41757d472b.jpg,1,0.44930174946784973,0.07987970858812332,0.04019641876220703,0.13541343808174133,0.7782342433929443
road28_png.rf.d0de3563c76ae8b60ecdaf41757d472b.jpg,1,0.4488803744316101,0.06114903837442398,0.036919668316841125,0.09998328983783722,0.13564126193523407
road28_png.rf.d0de3563c76ae8b60ecdaf41757d472b.jpg,1,0.6414280533790588,0.014438276179134846,0.028548460453748703,0.028868189081549644,0.0031546989921480417
road28_png.rf.d0de3563c76ae8b60ecdaf41757d472b.jpg,5,0.23361891508102417,0.605675995349884,0.08294109255075455,0.11754344403743744,0.0016512932488694787
road28_png.rf.d0de3563c76ae8b60ecdaf41757d472b.jpg,1,0.6417308449745178,0.008506900630891323,0.02818833850324154,0.017013801261782646,0.0015262106899172068
road305_png.rf.f807df671677244a7387d2ffbe200f58.jpg,8,0.5395810008049011,0.4177235960960388,0.4966578781604767,0.5535496473312378,0.9849016070365906
road305_png.rf.f807df671677244a7387d2ffbe200f58.jpg,8,0.9247470498085022,0.257783979177475,0.14981189370155334,0.4664350152015686,0.005576478783041239
road305_png.rf.f807df671677244a7387d2ffbe200f58.jpg,8,0.7991272807121277,0.8337005376815796,0.3999411463737488,0.3324948847293854,0.0013785759219899774
road312_png.rf.ad2229fb2f7e136d7747b9568f121af4.jpg,8,0.29000937938690186,0.37319499254226685,0.5333312749862671,0.5721269845962524,0.9765475392341614
road312_png.rf.ad2229fb2f7e136d7747b9568f121af4.jpg,8,0.6460264921188354,0.8160069584846497,0.5996123552322388,0.3679860830307007,0.0010726071195676923
road314_png.rf.697a2d138347ee6ee2da288b2ffe8e9d.jpg,8,0.4745383560657501,0.49158671498298645,0.19126422703266144,0.14816723763942719,0.9534223079681396
road314_png.rf.697a2d138347ee6ee2da288b2ffe8e9d.jpg,8,0.1721663624048233,0.7127605080604553,0.08908260613679886,0.06855972111225128,0.8973528742790222
road320_png.rf.65f55afb9e0eb549cb01be72786c8b42.jpg,8,0.612165093421936,0.5980526208877563,0.1670013964176178,0.1282222867012024,0.9674468636512756
road320_png.rf.65f55afb9e0eb549cb01be72786c8b42.jpg,8,0.5361371636390686,0.4833369255065918,0.9277257323265076,0.9642711877822876,0.002383480779826641
road320_png.rf.65f55afb9e0eb549cb01be72786c8b42.jpg,8,0.48876330256462097,0.5276156067848206,0.6339667439460754,0.8290964365005493,0.0019315280951559544
road321_png.rf.f9c13308da074b8ee78f43f6c7ea54f3.jpg,8,0.5183786153793335,0.47954368591308594,0.14270217716693878,0.10953081399202347,0.9677894115447998
road321_png.rf.f9c13308da074b8ee78f43f6c7ea54f3.jpg,8,0.3438599705696106,0.6076962351799011,0.05574912205338478,0.05639340355992317,0.046019047498703
road321_png.rf.f9c13308da074b8ee78f43f6c7ea54f3.jpg,1,0.36050891876220703,0.01826341263949871,0.1875036060810089,0.03652682527899742,0.0014870739541947842
road321_png.rf.f9c13308da074b8ee78f43f6c7ea54f3.jpg,5,0.3429217040538788,0.6076772212982178,0.05397117882966995,0.05875246226787567,0.0014502274570986629
road321_png.rf.f9c13308da074b8ee78f43f6c7ea54f3.jpg,1,0.1568533033132553,0.014036973938345909,0.16701167821884155,0.028073947876691818,0.0013015783624723554
road321_png.rf.f9c13308da074b8ee78f43f6c7ea54f3.jpg,1,0.16077345609664917,0.010382574051618576,0.22352927923202515,0.020765148103237152,0.0010478895856067538
road322_png.rf.6028574359019d435c66689704d0418f.jpg,8,0.42531850934028625,0.45226848125457764,0.1561630368232727,0.16532135009765625,0.9363263845443726
road322_png.rf.6028574359019d435c66689704d0418f.jpg,8,0.6957436203956604,0.47270816564559937,0.4165515899658203,0.9239906072616577,0.0011459395755082369
road323_png.rf.b843dd95b3d22917710ac75cca4a57b0.jpg,9,0.6018619537353516,0.6150004267692566,0.28166329860687256,0.21940462291240692,0.9248506426811218
road323_png.rf.b843dd95b3d22917710ac75cca4a57b0.jpg,14,0.562683641910553,0.41734790802001953,0.25782856345176697,0.19630908966064453,0.8990813493728638
road339_png.rf.a176f5700f7182473dd4c3a268ebcbbd.jpg,14,0.4978519678115845,0.26118171215057373,0.38320955634117126,0.30778831243515015,0.9224321246147156
road339_png.rf.a176f5700f7182473dd4c3a268ebcbbd.jpg,0,0.3699197769165039,0.008971495553851128,0.04534970968961716,0.017630651593208313,0.002785811433568597
road339_png.rf.a176f5700f7182473dd4c3a268ebcbbd.jpg,1,0.3709356188774109,0.008894571103155613,0.04331882297992706,0.017002711072564125,0.0013371629174798727
road351_png.rf.917ea4e951348855c275b66bb4d890ad.jpg,8,0.5028499364852905,0.38191014528274536,0.25962385535240173,0.20765182375907898,0.9840786457061768
road351_png.rf.917ea4e951348855c275b66bb4d890ad.jpg,1,0.4649389684200287,0.011428973637521267,0.15576601028442383,0.022857947275042534,0.004511197097599506
road351_png.rf.917ea4e951348855c275b66bb4d890ad.jpg,13,0.7599151134490967,0.31291404366493225,0.2433236986398697,0.5118375420570374,0.003213105956092477
road351_png.rf.917ea4e951348855c275b66bb4d890ad.jpg,13,0.8287367224693298,0.3536258041858673,0.33976876735687256,0.5682048797607422,0.0012417483376339078
road353_png.rf.deb497f4908212e3409c887fbb0544df.jpg,8,0.44527575373649597,0.49595677852630615,0.2080666869878769,0.15444622933864594,0.9610130786895752
road353_png.rf.deb497f4908212e3409c887fbb0544df.jpg,0,0.594980776309967,0.02918156050145626,0.01477791741490364,0.0461832620203495,0.00826328992843628
road353_png.rf.deb497f4908212e3409c887fbb0544df.jpg,0,0.5946335792541504,0.03255601227283478,0.010990729555487633,0.0397535003721714,0.004444303922355175
road353_png.rf.deb497f4908212e3409c887fbb0544df.jpg,0,0.6169605255126953,0.006032149773091078,0.19967013597488403,0.011858755722641945,0.0033862749114632607
road353_png.rf.deb497f4908212e3409c887fbb0544df.jpg,1,0.6092161536216736,0.005991862155497074,0.1954604983329773,0.011543434113264084,0.002612501149997115
road353_png.rf.deb497f4908212e3409c887fbb0544df.jpg,0,0.6116686463356018,0.009502549655735493,0.2478674054145813,0.019005099311470985,0.001835869625210762
road353_png.rf.deb497f4908212e3409c887fbb0544df.jpg,1,0.3765795826911926,0.018737278878688812,0.1531127393245697,0.03746093809604645,0.0011088791070505977
road355_png.rf.c43f3ac674a10af91051d8cb228747ad.jpg,8,0.41554737091064453,0.3736593425273895,0.18891000747680664,0.13810554146766663,0.9632635712623596
road362_png.rf.765355e68b8097399c60024a6f28840c.jpg,8,0.39260461926460266,0.4951014816761017,0.22980032861232758,0.1826724261045456,0.9759090542793274
road367_png.rf.68facda4326805592fce6d2bfb2dba6c.jpg,7,0.4376589059829712,0.4284290075302124,0.1329927146434784,0.10561447590589523,0.9377851486206055
road388_png.rf.cc49d1d1343172eaa95da35bf070a7d3.jpg,13,0.5368626713752747,0.38293516635894775,0.1167091578245163,0.08875644952058792,0.947577714920044
road388_png.rf.cc49d1d1343172eaa95da35bf070a7d3.jpg,1,0.09473026543855667,0.43508756160736084,0.021769357845187187,0.014144310727715492,0.012254889123141766
road388_png.rf.cc49d1d1343172eaa95da35bf070a7d3.jpg,0,0.9927753210067749,0.7435726523399353,0.012190598994493484,0.03271454945206642,0.012102159671485424
road388_png.rf.cc49d1d1343172eaa95da35bf070a7d3.jpg,0,0.9936951994895935,0.7298533916473389,0.012109389528632164,0.058938391506671906,0.0010144530097022653
road38_png.rf.8b6e15b041aab397eb10b38728fa1e15.jpg,1,0.7236363291740417,0.7299172282218933,0.21214786171913147,0.4432474970817566,0.8313053846359253
road38_png.rf.8b6e15b041aab397eb10b38728fa1e15.jpg,0,0.5736410617828369,0.014457449316978455,0.053817637264728546,0.028075028210878372,0.15576410293579102
road38_png.rf.8b6e15b041aab397eb10b38728fa1e15.jpg,1,0.13350549340248108,0.1979164481163025,0.10104375332593918,0.38527411222457886,0.02178713120520115
road38_png.rf.8b6e15b041aab397eb10b38728fa1e15.jpg,1,0.12338867783546448,0.19464661180973053,0.16508065164089203,0.3804456889629364,0.02159782499074936
road38_png.rf.8b6e15b041aab397eb10b38728fa1e15.jpg,5,0.2487102448940277,0.036351509392261505,0.08913623541593552,0.07249973714351654,0.00904880091547966
road38_png.rf.8b6e15b041aab397eb10b38728fa1e15.jpg,1,0.7189711332321167,0.6592426300048828,0.22342480719089508,0.6167363524436951,0.006097758188843727
road38_png.rf.8b6e15b041aab397eb10b38728fa1e15.jpg,1,0.09267456084489822,0.010970240458846092,0.0887661725282669,0.021940480917692184,0.004388226196169853
road38_png.rf.8b6e15b041aab397eb10b38728fa1e15.jpg,12,0.12044389545917511,0.19461533427238464,0.17356601357460022,0.38295605778694153,0.0027150383684784174
road38_png.rf.8b6e15b041aab397eb10b38728fa1e15.jpg,1,0.12520235776901245,0.14984053373336792,0.10775662958621979,0.29811394214630127,0.0024152901023626328
road38_png.rf.8b6e15b041aab397eb10b38728fa1e15.jpg,0,0.5354282855987549,0.012738347053527832,0.13349896669387817,0.0252966471016407,0.0016659469110891223
road393_png.rf.4fe43a89433923b9841d1435d98c4aae.jpg,3,0.545466423034668,0.6780436635017395,0.11482077091932297,0.09288912266492844,0.9794610738754272
road397_png.rf.64b46468e2e241a3cb5dbce555894da3.jpg,3,0.5835670828819275,0.251224547624588,0.31084686517715454,0.24011483788490295,0.9653603434562683
road400_png.rf.03186a0125d7e8f9ccbad9322201c91a.jpg,3,0.6331608295440674,0.5600478053092957,0.15737992525100708,0.12065637856721878,0.9821194410324097
road402_png.rf.8b57601c39d08578c3fba71d26f6dd1a.jpg,13,0.4219585657119751,0.6577500700950623,0.11732970923185349,0.0920095443725586,0.9562762379646301
road412_png.rf.f3dc3c3dcb2d0a679c190b33c3a3178b.jpg,3,0.5793972611427307,0.5111196637153625,0.08765964955091476,0.07162761688232422,0.9194303750991821
road412_png.rf.f3dc3c3dcb2d0a679c190b33c3a3178b.jpg,0,0.9319912791252136,0.958023190498352,0.0416034534573555,0.03226793557405472,0.0017066426808014512
road420_png.rf.4db7dbd13a7b9c37ddddb7df9adf0834.jpg,13,0.5342743992805481,0.6153713464736938,0.20887964963912964,0.16294489800930023,0.9744651317596436
road421_png.rf.cd6d5f5724ac207f49f64d2ecc32f9f6.jpg,13,0.5206549167633057,0.4965285062789917,0.2637264132499695,0.206085205078125,0.9987941980361938
road421_png.rf.cd6d5f5724ac207f49f64d2ecc32f9f6.jpg,1,0.9951264262199402,0.7109029293060303,0.009747138246893883,0.07540585100650787,0.0023386813700199127
road422_png.rf.9b9d58bbb154a5b030ff2addac608ef8.jpg,12,0.35743606090545654,0.5356701612472534,0.059660911560058594,0.0473736971616745,0.7502660751342773
road422_png.rf.9b9d58bbb154a5b030ff2addac608ef8.jpg,13,0.04437661170959473,0.6631602048873901,0.03275861591100693,0.028280772268772125,0.03464006260037422
road422_png.rf.9b9d58bbb154a5b030ff2addac608ef8.jpg,13,0.3577772378921509,0.5348975658416748,0.060427483171224594,0.04740484058856964,0.031170567497611046
road422_png.rf.9b9d58bbb154a5b030ff2addac608ef8.jpg,11,0.3590545058250427,0.53558349609375,0.060284726321697235,0.04774397984147072,0.003291840199381113
road422_png.rf.9b9d58bbb154a5b030ff2addac608ef8.jpg,1,0.9961509704589844,0.5670917630195618,0.00692675681784749,0.0074214935302734375,0.001219744561240077
road431_png.rf.4cf451707a1af9d139094513881b7654.jpg,13,0.18028369545936584,0.6025718450546265,0.19484223425388336,0.15130464732646942,0.9638083577156067
road439_png.rf.3a8f1ca30bf60d80f05733e8d83212d9.jpg,13,0.25846341252326965,0.7927111387252808,0.17552858591079712,0.1362937092781067,0.9688989520072937
road43_png.rf.c576096fc5f0b00379321f94ddffcbc6.jpg,0,0.24179162085056305,0.38284969329833984,0.03811130300164223,0.11484340578317642,0.8388393521308899
road43_png.rf.c576096fc5f0b00379321f94ddffcbc6.jpg,0,0.676498532295227,0.5281598567962646,0.03100365772843361,0.08171521872282028,0.8118543028831482
road43_png.rf.c576096fc5f0b00379321f94ddffcbc6.jpg,0,0.4597383141517639,0.36212846636772156,0.03855419158935547,0.11577463150024414,0.7940028309822083
road43_png.rf.c576096fc5f0b00379321f94ddffcbc6.jpg,0,0.8382444977760315,0.5264871716499329,0.030462265014648438,0.08548736572265625,0.7900002598762512
road43_png.rf.c576096fc5f0b00379321f94ddffcbc6.jpg,0,0.04266931861639023,0.4067831039428711,0.03975113481283188,0.11326103657484055,0.5305437445640564
road43_png.rf.c576096fc5f0b00379321f94ddffcbc6.jpg,1,0.6468003988265991,0.7362269759178162,0.02760601043701172,0.04467758908867836,0.1434546262025833
road43_png.rf.c576096fc5f0b00379321f94ddffcbc6.jpg,1,0.6059950590133667,0.7257798314094543,0.011926284059882164,0.016575446352362633,0.09458694607019424
road43_png.rf.c576096fc5f0b00379321f94ddffcbc6.jpg,1,0.5303895473480225,0.7325831055641174,0.02112458273768425,0.03999365121126175,0.08155285567045212
road43_png.rf.c576096fc5f0b00379321f94ddffcbc6.jpg,1,0.14527879655361176,0.7762566804885864,0.036357466131448746,0.020277976989746094,0.05604976788163185
road43_png.rf.c576096fc5f0b00379321f94ddffcbc6.jpg,0,0.25642961263656616,0.6945406794548035,0.012221519835293293,0.0404060073196888,0.04641839861869812
road43_png.rf.c576096fc5f0b00379321f94ddffcbc6.jpg,1,0.606015682220459,0.7223320603370667,0.012149443849921227,0.019837012514472008,0.046158697456121445
road43_png.rf.c576096fc5f0b00379321f94ddffcbc6.jpg,1,0.15424148738384247,0.7776162028312683,0.05154705047607422,0.023606006056070328,0.026121649891138077
road43_png.rf.c576096fc5f0b00379321f94ddffcbc6.jpg,1,0.1486235409975052,0.7842763662338257,0.04816855862736702,0.037067852914333344,0.023274878039956093
road43_png.rf.c576096fc5f0b00379321f94ddffcbc6.jpg,1,0.14596804976463318,0.7732887864112854,0.031093092635273933,0.019702764227986336,0.022341053932905197
road43_png.rf.c576096fc5f0b00379321f94ddffcbc6.jpg,1,0.5251545906066895,0.7300449013710022,0.01367950439453125,0.03706580027937889,0.021832376718521118
road43_png.rf.c576096fc5f0b00379321f94ddffcbc6.jpg,1,0.15742889046669006,0.7861862182617188,0.06790368258953094,0.039918240159749985,0.01473154779523611
road43_png.rf.c576096fc5f0b00379321f94ddffcbc6.jpg,1,0.5382528305053711,0.7350457906723022,0.02797471545636654,0.034676771610975266,0.012277553789317608
road43_png.rf.c576096fc5f0b00379321f94ddffcbc6.jpg,1,0.40222665667533875,0.8371365070343018,0.02514035813510418,0.05025973543524742,0.01100904867053032
road43_png.rf.c576096fc5f0b00379321f94ddffcbc6.jpg,1,0.024748435243964195,0.7375704646110535,0.04949687048792839,0.3679802119731903,0.0083888228982687
road43_png.rf.c576096fc5f0b00379321f94ddffcbc6.jpg,1,0.5364714860916138,0.73424232006073,0.03561287745833397,0.045680560171604156,0.007725991308689117
road43_png.rf.c576096fc5f0b00379321f94ddffcbc6.jpg,1,0.5648484826087952,0.7239897847175598,0.011827688664197922,0.01741020567715168,0.00615663779899478
road43_png.rf.c576096fc5f0b00379321f94ddffcbc6.jpg,1,0.1508895307779312,0.7736565470695496,0.03925112634897232,0.022829202935099602,0.006081117782741785
road43_png.rf.c576096fc5f0b00379321f94ddffcbc6.jpg,1,0.6432006359100342,0.7341379523277283,0.029820147901773453,0.036693572998046875,0.005058617796748877
road43_png.rf.c576096fc5f0b00379321f94ddffcbc6.jpg,0,0.4600880742073059,0.3836459815502167,0.041091516613960266,0.07260080426931381,0.0034104231745004654
road43_png.rf.c576096fc5f0b00379321f94ddffcbc6.jpg,0,0.5369402766227722,0.7391486763954163,0.031029921025037766,0.028314003720879555,0.003400065004825592
road43_png.rf.c576096fc5f0b00379321f94ddffcbc6.jpg,1,0.5622021555900574,0.7226899862289429,0.014610877260565758,0.016885317862033844,0.002356618409976363
road43_png.rf.c576096fc5f0b00379321f94ddffcbc6.jpg,1,0.31307655572891235,0.6902161240577698,0.011867797933518887,0.03516211733222008,0.0014885418349877
road43_png.rf.c576096fc5f0b00379321f94ddffcbc6.jpg,1,0.5367069840431213,0.7254734039306641,0.034370824694633484,0.034417152404785156,0.0014332645805552602
road43_png.rf.c576096fc5f0b00379321f94ddffcbc6.jpg,1,0.5591897964477539,0.7279240489006042,0.00993097759783268,0.022945256903767586,0.0011155502870678902
road446_png.rf.f38afaa2d572c8426b05a88bdb4a5d3d.jpg,13,0.5261050462722778,0.36015188694000244,0.22045248746871948,0.1800490915775299,0.996132493019104
road446_png.rf.f38afaa2d572c8426b05a88bdb4a5d3d.jpg,0,0.3676327168941498,0.6588125228881836,0.012327194213867188,0.006665009539574385,0.0023805219680070877
road450_png.rf.4066ba8e8ac659692b69cbcf144c575f.jpg,10,0.4796261489391327,0.44260546565055847,0.14947748184204102,0.11995143443346024,0.9621608257293701
road450_png.rf.4066ba8e8ac659692b69cbcf144c575f.jpg,9,0.4792203903198242,0.31799858808517456,0.14941082894802094,0.11728162318468094,0.015120854601264
road450_png.rf.4066ba8e8ac659692b69cbcf144c575f.jpg,11,0.47822922468185425,0.31758472323417664,0.15023429691791534,0.11842111498117447,0.0011221294989809394
road453_png.rf.2ac6332c02e34b01f38bd0daf2dee199.jpg,0,0.4470600485801697,0.4753858149051666,0.28905466198921204,0.23943845927715302,0.4784542918205261
road453_png.rf.2ac6332c02e34b01f38bd0daf2dee199.jpg,10,0.44838079810142517,0.4754968285560608,0.2870381474494934,0.23746930062770844,0.21827195584774017
road459_png.rf.90e8843192d53e6f83e48ef5a09736a3.jpg,12,0.482054203748703,0.4416668117046356,0.21667814254760742,0.17862412333488464,0.9786959886550903
road459_png.rf.90e8843192d53e6f83e48ef5a09736a3.jpg,1,0.41428643465042114,0.8766809701919556,0.13906925916671753,0.24591849744319916,0.32250773906707764
road459_png.rf.90e8843192d53e6f83e48ef5a09736a3.jpg,0,0.4155246615409851,0.8771802186965942,0.1366971880197525,0.24563942849636078,0.2255575954914093
road459_png.rf.90e8843192d53e6f83e48ef5a09736a3.jpg,12,0.4147782027721405,0.8763959407806396,0.13503606617450714,0.24544070661067963,0.10857299715280533
road45_png.rf.de2883de8bdeb35347f7dfbd23b1916c.jpg,0,0.6575049161911011,0.1499107927083969,0.041935186833143234,0.12027004361152649,0.5037617087364197
road45_png.rf.de2883de8bdeb35347f7dfbd23b1916c.jpg,0,0.6674830913543701,0.1808166801929474,0.04599263146519661,0.03324103355407715,0.18760675191879272
road45_png.rf.de2883de8bdeb35347f7dfbd23b1916c.jpg,0,0.6627781391143799,0.18291224539279938,0.053397323936223984,0.03943228721618652,0.04821000620722771
road45_png.rf.de2883de8bdeb35347f7dfbd23b1916c.jpg,0,0.662379801273346,0.176894411444664,0.05213891714811325,0.06071203574538231,0.03624756634235382
road45_png.rf.de2883de8bdeb35347f7dfbd23b1916c.jpg,0,0.6607993841171265,0.16140423715114594,0.05370888486504555,0.09619931876659393,0.022197958081960678
road45_png.rf.de2883de8bdeb35347f7dfbd23b1916c.jpg,1,0.6322140097618103,0.3282530903816223,0.1497245579957962,0.26239854097366333,0.002054995857179165
road45_png.rf.de2883de8bdeb35347f7dfbd23b1916c.jpg,0,0.988573431968689,0.9106191396713257,0.016318101435899734,0.01770283654332161,0.0015762638067826629
road45_png.rf.de2883de8bdeb35347f7dfbd23b1916c.jpg,0,0.7972004413604736,0.5356992483139038,0.06487002968788147,0.026759734377264977,0.0014796440955251455
road45_png.rf.de2883de8bdeb35347f7dfbd23b1916c.jpg,0,0.9876187443733215,0.9081884622573853,0.015722861513495445,0.012559890747070312,0.0012623978545889258
road466_png.rf.d57ae6325b53f1b11ebb16fbfefd48e0.jpg,12,0.3647793233394623,0.2503971755504608,0.2803138196468353,0.21706357598304749,0.9777236580848694
road466_png.rf.d57ae6325b53f1b11ebb16fbfefd48e0.jpg,0,0.3177185654640198,0.8022990822792053,0.1715979278087616,0.37460553646087646,0.9588773250579834
road470_png.rf.7670afafae0b681bed4d7bd1ce2f1775.jpg,12,0.32497119903564453,0.544559121131897,0.19243066012859344,0.15258540213108063,0.9684039950370789
road470_png.rf.7670afafae0b681bed4d7bd1ce2f1775.jpg,0,0.5912193059921265,0.9222434759140015,0.16045819222927094,0.1554737091064453,0.0019685050938278437
road470_png.rf.7670afafae0b681bed4d7bd1ce2f1775.jpg,0,0.7741094827651978,0.7071033120155334,0.03624659404158592,0.020798463374376297,0.0010006272932514548
road485_png.rf.27b8f614cd9acbfc022c4c40b8707cbf.jpg,12,0.38171151280403137,0.4735170006752014,0.4461829960346222,0.3402827978134155,0.9886578917503357
road487_png.rf.dc7045b0bb497d4a44959dc9f8466232.jpg,12,0.5751289129257202,0.42513614892959595,0.11289365589618683,0.08984455466270447,0.90434330701828
road487_png.rf.dc7045b0bb497d4a44959dc9f8466232.jpg,1,0.35599157214164734,0.004137636628001928,0.038126323372125626,0.008275273256003857,0.001202808110974729
road488_png.rf.d96ab5854f2c6a2137b4005752cadeec.jpg,12,0.6743913888931274,0.3597438633441925,0.1286037564277649,0.10244160145521164,0.9462795257568359
road488_png.rf.d96ab5854f2c6a2137b4005752cadeec.jpg,1,0.012674624100327492,0.016803326085209846,0.019760537892580032,0.03195810317993164,0.0018538401927798986
road488_png.rf.d96ab5854f2c6a2137b4005752cadeec.jpg,0,0.13959895074367523,0.6747961044311523,0.0393965058028698,0.022771688178181648,0.001369641744531691
road490_png.rf.464f4426af72921b633d86c047b4eb7a.jpg,12,0.5323134660720825,0.36900919675827026,0.16340047121047974,0.1295846849679947,0.9357417821884155
road490_png.rf.464f4426af72921b633d86c047b4eb7a.jpg,0,0.22569069266319275,0.8033339977264404,0.019687065854668617,0.012273568660020828,0.0020332441199570894
road490_png.rf.464f4426af72921b633d86c047b4eb7a.jpg,0,0.25589433312416077,0.8059539794921875,0.013977802358567715,0.01760108582675457,0.0015372905181720853
road490_png.rf.464f4426af72921b633d86c047b4eb7a.jpg,0,0.24508342146873474,0.8053022623062134,0.027239689603447914,0.014306068420410156,0.0010836434084922075
road491_png.rf.878b3a369b2f57b3edeb679ff3e03c23.jpg,12,0.5737776160240173,0.40182173252105713,0.20322415232658386,0.15765930712223053,0.9769247770309448
road491_png.rf.878b3a369b2f57b3edeb679ff3e03c23.jpg,1,0.007087715435773134,0.016050580888986588,0.011668599210679531,0.031367212533950806,0.0017780851339921355
road506_png.rf.7a13ac3369dd9c4a13997267c82b32a6.jpg,12,0.31045591831207275,0.6754935383796692,0.2374260574579239,0.19199047982692719,0.9764293432235718
road519_png.rf.aa9e93bebe13bca1fd49aa4b08f47354.jpg,12,0.5805104970932007,0.46984389424324036,0.09488659352064133,0.07252150028944016,0.9056986570358276
road519_png.rf.aa9e93bebe13bca1fd49aa4b08f47354.jpg,0,0.3682527244091034,0.7914286255836487,0.017721690237522125,0.011402716860175133,0.0011722076451405883
road51_png.rf.049d6ceefd959818a9f59c81f8d1387a.jpg,0,0.5555195808410645,0.5151203870773315,0.14146386086940765,0.3121722340583801,0.08179812133312225
road51_png.rf.049d6ceefd959818a9f59c81f8d1387a.jpg,0,0.5548684597015381,0.5798286199569702,0.1439584642648697,0.4855389893054962,0.033746138215065
road51_png.rf.049d6ceefd959818a9f59c81f8d1387a.jpg,1,0.5580095052719116,0.5053668022155762,0.1310100555419922,0.3105604350566864,0.0022083697840571404
road520_png.rf.937374420bcb13bddc7b27ad6128d860.jpg,12,0.6361325979232788,0.40882807970046997,0.1600572168827057,0.12222099304199219,0.9299980998039246
road554_png.rf.534262cf45c8f7f6ad9e709bfa74bd81.jpg,8,0.3828863799571991,0.7101858854293823,0.1805294156074524,0.1423959732055664,0.9654869437217712
road573_png.rf.692497fab5c04bfffa1d5f4b2b285213.jpg,8,0.3775576055049896,0.654853105545044,0.3022054135799408,0.24351629614830017,0.9804090261459351
road574_png.rf.e9300ee48cadd50aff3821e5d303d293.jpg,8,0.49298617243766785,0.6626564860343933,0.39913618564605713,0.3178127110004425,0.9689931869506836
road576_png.rf.f46db39f9f64118df1377c6196897c25.jpg,8,0.2553415596485138,0.33341068029403687,0.1292959749698639,0.09622392058372498,0.9572299122810364
road582_png.rf.930fbae49546d10b46e1f533c4e0a291.jpg,1,0.6445378661155701,0.6233298182487488,0.05911819636821747,0.1131986454129219,0.9435655474662781
road582_png.rf.930fbae49546d10b46e1f533c4e0a291.jpg,0,0.35372164845466614,0.36571788787841797,0.05642854422330856,0.10960032045841217,0.050046660006046295
road582_png.rf.930fbae49546d10b46e1f533c4e0a291.jpg,1,0.35322797298431396,0.3656022846698761,0.05597840994596481,0.1099734678864479,0.023362822830677032
road582_png.rf.930fbae49546d10b46e1f533c4e0a291.jpg,0,0.8161098957061768,0.8013114929199219,0.02068805694580078,0.01763629913330078,0.014836393296718597
road582_png.rf.930fbae49546d10b46e1f533c4e0a291.jpg,0,0.8083644509315491,0.7999699115753174,0.03742768242955208,0.020130524411797523,0.006620436441153288
road582_png.rf.930fbae49546d10b46e1f533c4e0a291.jpg,0,0.8225243091583252,0.8019298315048218,0.022904543206095695,0.018655337393283844,0.001962175127118826
road585_png.rf.9f55a59547b49a85d4b9012e0f24859c.jpg,12,0.5019127726554871,0.3183496594429016,0.1404104232788086,0.10866575688123703,0.8929156064987183
road585_png.rf.9f55a59547b49a85d4b9012e0f24859c.jpg,12,0.559356689453125,0.2747260332107544,0.2492486834526062,0.2598550617694855,0.001418476807884872
road585_png.rf.9f55a59547b49a85d4b9012e0f24859c.jpg,12,0.34314674139022827,0.3172193765640259,0.30334562063217163,0.37131112813949585,0.0012978826416656375
road587_png.rf.a53ec0d32057731c117123acb2f3b4e1.jpg,12,0.4528158903121948,0.5167047381401062,0.07063256949186325,0.056692857295274734,0.8750268816947937
road587_png.rf.a53ec0d32057731c117123acb2f3b4e1.jpg,1,0.024640526622533798,0.635280191898346,0.045142415910959244,0.03947221487760544,0.006498423870652914
road587_png.rf.a53ec0d32057731c117123acb2f3b4e1.jpg,1,0.034463126212358475,0.6397349238395691,0.022722311317920685,0.02606993541121483,0.005476261023432016
road587_png.rf.a53ec0d32057731c117123acb2f3b4e1.jpg,1,0.02431618422269821,0.6607351899147034,0.04863236844539642,0.10282810032367706,0.0034504083450883627
road587_png.rf.a53ec0d32057731c117123acb2f3b4e1.jpg,1,0.030675498768687248,0.6389408707618713,0.02999189868569374,0.03974092751741409,0.0029297126457095146
road596_png.rf.11f43967e3d8f54a7c94b5810f527f23.jpg,12,0.5055786967277527,0.38743433356285095,0.11295854300260544,0.09233085811138153,0.9115000367164612
road59_png.rf.f43173a745a9712aebbbc8f919e0fff6.jpg,14,0.6977706551551819,0.4960404634475708,0.4972487986087799,0.6264992356300354,0.9310874342918396
road59_png.rf.f43173a745a9712aebbbc8f919e0fff6.jpg,0,0.23476679623126984,0.009991854429244995,0.11268281936645508,0.01998370885848999,0.002182416385039687
road604_png.rf.78092f95d0c775d7e2b266dee85e6c5d.jpg,12,0.3336573839187622,0.2947882115840912,0.1598571389913559,0.12341805547475815,0.932348370552063
road613_png.rf.560c13a685d02ca31a65b6b2b172772a.jpg,7,0.5610582828521729,0.5173529386520386,0.09427583962678909,0.07375402003526688,0.6431376934051514
road613_png.rf.560c13a685d02ca31a65b6b2b172772a.jpg,12,0.5610607862472534,0.5168700814247131,0.09317933768033981,0.07335691899061203,0.41596293449401855
road613_png.rf.560c13a685d02ca31a65b6b2b172772a.jpg,1,0.8507357835769653,0.27387315034866333,0.022236457094550133,0.043753091245889664,0.00951777771115303
road613_png.rf.560c13a685d02ca31a65b6b2b172772a.jpg,1,0.8403656482696533,0.27198660373687744,0.030686231330037117,0.03760352358222008,0.0013183174887672067
road619_png.rf.afe775af026ad763791eed33be445f64.jpg,8,0.5265833735466003,0.43615657091140747,0.17555926740169525,0.13850156962871552,0.9594336748123169
road619_png.rf.afe775af026ad763791eed33be445f64.jpg,8,0.5556402206420898,0.3285406231880188,0.12256259471178055,0.07089653611183167,0.001187465968541801
road629_png.rf.79a049eae4f765c580544c533220d5f5.jpg,9,0.6647659540176392,0.37420517206192017,0.3501601219177246,0.27971357107162476,0.9738172888755798
road62_png.rf.b3288434b3cf3e2b6d2f057c1f5a0502.jpg,14,0.6382379531860352,0.3947370946407318,0.32499754428863525,0.23198255896568298,0.9655277132987976
road633_png.rf.282d128c502ba602126742a5064cd054.jpg,14,0.3943887948989868,0.31556621193885803,0.13459700345993042,0.10436347872018814,0.996321439743042
road639_png.rf.74306332af06fee257b44f5dd9ae02fb.jpg,11,0.5379443168640137,0.6265272498130798,0.1421131044626236,0.11509832739830017,0.9942753911018372
road639_png.rf.74306332af06fee257b44f5dd9ae02fb.jpg,9,0.07458426803350449,0.7744864225387573,0.06781373918056488,0.053432829678058624,0.5307406783103943
road639_png.rf.74306332af06fee257b44f5dd9ae02fb.jpg,12,0.07463850826025009,0.7746928930282593,0.06780199706554413,0.052835024893283844,0.21685822308063507
road639_png.rf.74306332af06fee257b44f5dd9ae02fb.jpg,7,0.07381047308444977,0.774927020072937,0.06833188235759735,0.0549396350979805,0.2030787467956543
road639_png.rf.74306332af06fee257b44f5dd9ae02fb.jpg,1,0.5260151624679565,0.02055983617901802,0.04077140986919403,0.04111967235803604,0.001573258894495666
road640_png.rf.d095777d03f03f86a0b6b1f5b32dfdd5.jpg,11,0.7821298837661743,0.32244640588760376,0.1608230173587799,0.12556646764278412,0.9854480624198914
road640_png.rf.d095777d03f03f86a0b6b1f5b32dfdd5.jpg,9,0.24436143040657043,0.4859711527824402,0.07291746139526367,0.058434486389160156,0.9229487180709839
road640_png.rf.d095777d03f03f86a0b6b1f5b32dfdd5.jpg,1,0.45341360569000244,0.00908873975276947,0.09374196827411652,0.01817747950553894,0.005190409719944
road64_png.rf.bf315b45291d211d2e01926d50ddfddf.jpg,14,0.5502681732177734,0.4748990833759308,0.8062553405761719,0.9132713675498962,0.9304041862487793
road650_png.rf.b4086d2eec2b5bfe4465ae484a3b762f.jpg,9,0.4824686050415039,0.31776002049446106,0.12093294411897659,0.0988069474697113,0.9910669922828674
road650_png.rf.b4086d2eec2b5bfe4465ae484a3b762f.jpg,1,0.585854709148407,0.025159252807497978,0.030263828113675117,0.050318505614995956,0.0033295960165560246
road650_png.rf.b4086d2eec2b5bfe4465ae484a3b762f.jpg,1,0.3240416944026947,0.03838324919342995,0.03321477025747299,0.0765506774187088,0.003020284464582801
road650_png.rf.b4086d2eec2b5bfe4465ae484a3b762f.jpg,1,0.561893880367279,0.029505126178264618,0.028871718794107437,0.059010252356529236,0.0016877393936738372
road650_png.rf.b4086d2eec2b5bfe4465ae484a3b762f.jpg,1,0.18141375482082367,0.03327333182096481,0.027017923071980476,0.06654666364192963,0.0013312197988852859
road650_png.rf.b4086d2eec2b5bfe4465ae484a3b762f.jpg,1,0.7812839150428772,0.12529996037483215,0.017113832756876945,0.0457962304353714,0.0012835352681577206
road650_png.rf.b4086d2eec2b5bfe4465ae484a3b762f.jpg,0,0.7796103954315186,0.12437956035137177,0.017300238832831383,0.047452833503484726,0.0010650950716808438
road650_png.rf.b4086d2eec2b5bfe4465ae484a3b762f.jpg,1,0.5605941414833069,0.03938104584813118,0.03101884387433529,0.07831338793039322,0.0010055974125862122
road652_png.rf.e82e3cfaed8d2378962fd6c1380f5d02.jpg,8,0.4808874726295471,0.45791876316070557,0.06643430888652802,0.04744357243180275,0.761726975440979
road652_png.rf.e82e3cfaed8d2378962fd6c1380f5d02.jpg,10,0.2875743806362152,0.4733965992927551,0.052968062460422516,0.03860330581665039,0.4679209589958191
road652_png.rf.e82e3cfaed8d2378962fd6c1380f5d02.jpg,3,0.28674107789993286,0.47360068559646606,0.05020942911505699,0.037800971418619156,0.14742252230644226
road652_png.rf.e82e3cfaed8d2378962fd6c1380f5d02.jpg,8,0.28811824321746826,0.43139177560806274,0.05578675493597984,0.040352270007133484,0.01811443828046322
road652_png.rf.e82e3cfaed8d2378962fd6c1380f5d02.jpg,8,0.2876848876476288,0.47238218784332275,0.053834639489650726,0.038665659725666046,0.010358259081840515
road652_png.rf.e82e3cfaed8d2378962fd6c1380f5d02.jpg,5,0.4810190498828888,0.4570087194442749,0.0641021728515625,0.04747772216796875,0.0054816631600260735
road652_png.rf.e82e3cfaed8d2378962fd6c1380f5d02.jpg,0,0.14391997456550598,0.006845243275165558,0.17845800518989563,0.013690486550331116,0.0023205645848065615
road652_png.rf.e82e3cfaed8d2378962fd6c1380f5d02.jpg,1,0.3917185664176941,0.006434979848563671,0.20735928416252136,0.012869959697127342,0.0019827745854854584
road652_png.rf.e82e3cfaed8d2378962fd6c1380f5d02.jpg,0,0.5263159275054932,0.006500639021396637,0.17567062377929688,0.013001278042793274,0.0019235681975260377
road652_png.rf.e82e3cfaed8d2378962fd6c1380f5d02.jpg,0,0.3851444125175476,0.006311121396720409,0.2154226303100586,0.012622242793440819,0.0016908417455852032
road652_png.rf.e82e3cfaed8d2378962fd6c1380f5d02.jpg,1,0.5516993999481201,0.01002840232104063,0.22017130255699158,0.020000221207737923,0.0014845456462353468
road652_png.rf.e82e3cfaed8d2378962fd6c1380f5d02.jpg,1,0.3566134572029114,0.011366542428731918,0.28349757194519043,0.022733084857463837,0.001481024781242013
road652_png.rf.e82e3cfaed8d2378962fd6c1380f5d02.jpg,1,0.49454402923583984,0.010284767486155033,0.31396573781967163,0.020569534972310066,0.0013032363494858146
road652_png.rf.e82e3cfaed8d2378962fd6c1380f5d02.jpg,0,0.5459287166595459,0.011333002708852291,0.19769741594791412,0.022666005417704582,0.0011787411058321595
road652_png.rf.e82e3cfaed8d2378962fd6c1380f5d02.jpg,1,0.28422048687934875,0.008253189735114574,0.1906258910894394,0.01650637947022915,0.0011417282512411475
road652_png.rf.e82e3cfaed8d2378962fd6c1380f5d02.jpg,1,0.38518092036247253,0.016064375638961792,0.227716863155365,0.032128751277923584,0.001054045045748353
road653_png.rf.a69e562a3dab509d536c1f6d7689c4de.jpg,8,0.5714740753173828,0.5724639892578125,0.07220077514648438,0.05413568764925003,0.7806540727615356
road653_png.rf.a69e562a3dab509d536c1f6d7689c4de.jpg,10,0.3344774544239044,0.5936847925186157,0.05383051186800003,0.04226035252213478,0.5124441385269165
road653_png.rf.a69e562a3dab509d536c1f6d7689c4de.jpg,3,0.33383888006210327,0.5936644673347473,0.05384095013141632,0.042202178388834,0.1078231930732727
road653_png.rf.a69e562a3dab509d536c1f6d7689c4de.jpg,12,0.3339381515979767,0.5936778783798218,0.05400818958878517,0.042277924716472626,0.07649065554141998
road653_png.rf.a69e562a3dab509d536c1f6d7689c4de.jpg,5,0.33593302965164185,0.5461626052856445,0.06099798157811165,0.04709874838590622,0.046662840992212296
road653_png.rf.a69e562a3dab509d536c1f6d7689c4de.jpg,8,0.3339189291000366,0.5934527516365051,0.055170830339193344,0.04343223571777344,0.04661663994193077
road653_png.rf.a69e562a3dab509d536c1f6d7689c4de.jpg,10,0.5716054439544678,0.5728580951690674,0.07261522114276886,0.05626088008284569,0.02677120640873909
road653_png.rf.a69e562a3dab509d536c1f6d7689c4de.jpg,5,0.572269856929779,0.5728137493133545,0.07125014811754227,0.05467987060546875,0.021253986284136772
road653_png.rf.a69e562a3dab509d536c1f6d7689c4de.jpg,0,0.8392978310585022,0.010520575568079948,0.23904456198215485,0.02097249962389469,0.0016263345023617148
road654_png.rf.dccac1ff09c216df1ecd3c90e1d3923b.jpg,8,0.4253709614276886,0.5006647706031799,0.0850633829832077,0.0649898573756218,0.9862303137779236
road654_png.rf.dccac1ff09c216df1ecd3c90e1d3923b.jpg,10,0.1388450562953949,0.5214926600456238,0.06069711595773697,0.04638063162565231,0.723175048828125
road654_png.rf.dccac1ff09c216df1ecd3c90e1d3923b.jpg,8,0.13885927200317383,0.4697888493537903,0.0615968331694603,0.04969710484147072,0.3978661298751831
road654_png.rf.dccac1ff09c216df1ecd3c90e1d3923b.jpg,12,0.13959647715091705,0.5222494006156921,0.06176409497857094,0.04727231711149216,0.139451801776886
road654_png.rf.dccac1ff09c216df1ecd3c90e1d3923b.jpg,5,0.13814415037631989,0.46923887729644775,0.06226596608757973,0.051397211849689484,0.08032600581645966
road654_png.rf.dccac1ff09c216df1ecd3c90e1d3923b.jpg,1,0.7974991202354431,0.006586330942809582,0.18444229662418365,0.013172661885619164,0.004090833477675915
road654_png.rf.dccac1ff09c216df1ecd3c90e1d3923b.jpg,0,0.7939590811729431,0.010474918410182,0.19133999943733215,0.020949836820364,0.0037809647619724274
road654_png.rf.dccac1ff09c216df1ecd3c90e1d3923b.jpg,0,0.7942466735839844,0.006484766490757465,0.18574348092079163,0.01296953298151493,0.002714729867875576
road654_png.rf.dccac1ff09c216df1ecd3c90e1d3923b.jpg,1,0.7798429727554321,0.010856696404516697,0.21866409480571747,0.021610179916024208,0.0019667448941618204
road655_png.rf.ff15054285f0f0f70cd01a48ab24b450.jpg,8,0.6457602381706238,0.5276304483413696,0.0953681617975235,0.07465190440416336,0.9211465716362
road655_png.rf.ff15054285f0f0f70cd01a48ab24b450.jpg,10,0.296807199716568,0.5621219873428345,0.06853591650724411,0.05292089283466339,0.8920303583145142
road655_png.rf.ff15054285f0f0f70cd01a48ab24b450.jpg,9,0.2972927391529083,0.561847984790802,0.06912732124328613,0.052614614367485046,0.5534180402755737
road655_png.rf.ff15054285f0f0f70cd01a48ab24b450.jpg,12,0.29664838314056396,0.5613306164741516,0.06815565377473831,0.05308055877685547,0.19175496697425842
road655_png.rf.ff15054285f0f0f70cd01a48ab24b450.jpg,9,0.29788488149642944,0.5059859156608582,0.06779714673757553,0.05591011047363281,0.021293383091688156
road655_png.rf.ff15054285f0f0f70cd01a48ab24b450.jpg,1,0.5319913625717163,0.00892451498657465,0.07354240864515305,0.0178490299731493,0.004621533211320639
road655_png.rf.ff15054285f0f0f70cd01a48ab24b450.jpg,1,0.5332162380218506,0.006417497992515564,0.07267684489488602,0.012834995985031128,0.0029574232175946236
road65_png.rf.35a17912d8a5df128c238eff97db75eb.jpg,14,0.5154534578323364,0.45544180274009705,0.45917049050331116,0.3159538507461548,0.9270172715187073
road65_png.rf.35a17912d8a5df128c238eff97db75eb.jpg,1,0.4465080499649048,0.9891217947006226,0.027674565091729164,0.012461149133741856,0.0017705305945128202
road65_png.rf.35a17912d8a5df128c238eff97db75eb.jpg,13,0.6198242902755737,0.13719342648983002,0.5256509184837341,0.27438685297966003,0.0011294601717963815
road661_png.rf.9b3a953ded6512ace828850f97be4472.jpg,8,0.5139710307121277,0.6418278813362122,0.2472577840089798,0.21116256713867188,0.970035970211029
road661_png.rf.9b3a953ded6512ace828850f97be4472.jpg,1,0.8357517719268799,0.004903511144220829,0.044508788734674454,0.009807022288441658,0.003828920889645815
road661_png.rf.9b3a953ded6512ace828850f97be4472.jpg,1,0.8274365663528442,0.00840345025062561,0.07164926081895828,0.01680690050125122,0.002198845846578479
road661_png.rf.9b3a953ded6512ace828850f97be4472.jpg,3,0.9904574155807495,0.6427959203720093,0.01853920891880989,0.08689098805189133,0.0012944844784215093
road666_png.rf.7d914d9d62e7d0fcc23d5bce18bb5d3c.jpg,10,0.5561681389808655,0.6951166391372681,0.3702647089958191,0.3010844588279724,0.930740237236023
road666_png.rf.7d914d9d62e7d0fcc23d5bce18bb5d3c.jpg,13,0.21720892190933228,0.204986572265625,0.4341200590133667,0.40997314453125,0.0014668802032247186
road673_png.rf.4180f0a6afa7416d52c729d8b9305d75.jpg,14,0.33244654536247253,0.4490426182746887,0.06633300334215164,0.053820427507162094,0.9595454335212708
road691_png.rf.3ca3931933e5623e51596577124c3447.jpg,5,0.5020956993103027,0.3526797592639923,0.16341781616210938,0.12666867673397064,0.9824801683425903
road691_png.rf.3ca3931933e5623e51596577124c3447.jpg,3,0.49961963295936584,0.5438836812973022,0.1641114354133606,0.12048845738172531,0.9818217158317566
road692_png.rf.428a4cfb2f374f0acb60ffc5c57e0750.jpg,3,0.44010865688323975,0.605268657207489,0.2334485799074173,0.1817680448293686,0.9675149321556091
road692_png.rf.428a4cfb2f374f0acb60ffc5c57e0750.jpg,5,0.4457719624042511,0.3314054608345032,0.23171216249465942,0.1837083250284195,0.9639514088630676
road701_png.rf.cdb390be5b29eb46e8125d30c802cde0.jpg,5,0.8904014229774475,0.37929674983024597,0.21919719874858856,0.1950727254152298,0.9588418006896973
road701_png.rf.cdb390be5b29eb46e8125d30c802cde0.jpg,3,0.8928654193878174,0.6744133234024048,0.21354565024375916,0.19009916484355927,0.9446023106575012
road701_png.rf.cdb390be5b29eb46e8125d30c802cde0.jpg,0,0.4519197344779968,0.2520272731781006,0.013479012995958328,0.033269111067056656,0.004260926507413387
road708_png.rf.d9bf7da6e0e73af3295909a18a2cabee.jpg,3,0.5240366458892822,0.7303526401519775,0.23792053759098053,0.19032317399978638,0.9611107110977173
road708_png.rf.d9bf7da6e0e73af3295909a18a2cabee.jpg,5,0.5217350721359253,0.44208070635795593,0.24497069418430328,0.1968643069267273,0.9574342370033264
road709_png.rf.4247ab0b03caf6c144ac9d5203850b81.jpg,3,0.48524969816207886,0.593812108039856,0.07896159589290619,0.058826226741075516,0.9328514337539673
road709_png.rf.4247ab0b03caf6c144ac9d5203850b81.jpg,5,0.4898226857185364,0.5035906434059143,0.07533245533704758,0.06006567180156708,0.8579531908035278
road709_png.rf.4247ab0b03caf6c144ac9d5203850b81.jpg,9,0.48879316449165344,0.5025582909584045,0.07652836292982101,0.06169861927628517,0.05172436684370041
road709_png.rf.4247ab0b03caf6c144ac9d5203850b81.jpg,11,0.4895363450050354,0.5024871826171875,0.07716674357652664,0.06131458282470703,0.0013773055979982018
road709_png.rf.4247ab0b03caf6c144ac9d5203850b81.jpg,5,0.4656873047351837,0.5050504207611084,0.11251306533813477,0.06820087879896164,0.001322240219451487
road709_png.rf.4247ab0b03caf6c144ac9d5203850b81.jpg,1,0.3729640543460846,0.11781279742717743,0.03210335597395897,0.02201056480407715,0.001046650460921228
road716_png.rf.b9085b6c292ddd763a6e1481465dd3cd.jpg,5,0.6202459335327148,0.553540050983429,0.06458590924739838,0.05513191223144531,0.9150825142860413
road716_png.rf.b9085b6c292ddd763a6e1481465dd3cd.jpg,3,0.5327333211898804,0.5488631129264832,0.06383807957172394,0.04883729666471481,0.794998824596405
road716_png.rf.b9085b6c292ddd763a6e1481465dd3cd.jpg,12,0.6209040880203247,0.5535029768943787,0.06522750854492188,0.055473510175943375,0.42799049615859985
road720_png.rf.bdc71460f5121259128f84a720780e9e.jpg,8,0.3797231912612915,0.5204794406890869,0.09396861493587494,0.07650364190340042,0.9363332986831665
road743_png.rf.09b77e4a47a21b7c3482c28b37c86ecb.jpg,3,0.258349746465683,0.48477452993392944,0.09598911553621292,0.06901436299085617,0.9864511489868164
road743_png.rf.09b77e4a47a21b7c3482c28b37c86ecb.jpg,5,0.2700028717517853,0.3782850503921509,0.09646769613027573,0.07609356194734573,0.9700541496276855
road743_png.rf.09b77e4a47a21b7c3482c28b37c86ecb.jpg,13,0.1687830239534378,0.24822553992271423,0.2803348898887634,0.4897686243057251,0.004621289670467377
road743_png.rf.09b77e4a47a21b7c3482c28b37c86ecb.jpg,13,0.15515801310539246,0.371091365814209,0.30638009309768677,0.13173352181911469,0.004104625899344683
road743_png.rf.09b77e4a47a21b7c3482c28b37c86ecb.jpg,13,0.15846030414104462,0.287502646446228,0.30260059237480164,0.3312360942363739,0.003616178408265114
road743_png.rf.09b77e4a47a21b7c3482c28b37c86ecb.jpg,13,0.2335939109325409,0.24585705995559692,0.1452237069606781,0.4834703207015991,0.0013717074180021882
road743_png.rf.09b77e4a47a21b7c3482c28b37c86ecb.jpg,13,0.16203585267066956,0.44240519404411316,0.3240717053413391,0.20730961859226227,0.0010151849128305912
road747_png.rf.66031af78137deac5c6878292d9ce7db.jpg,5,0.8902426362037659,0.3438788056373596,0.21951469779014587,0.19769732654094696,0.9522350430488586
road747_png.rf.66031af78137deac5c6878292d9ce7db.jpg,3,0.877621591091156,0.626923680305481,0.24120661616325378,0.19292886555194855,0.9480589032173157
road760_png.rf.cb25cb1c5c71e6bbf07a9dc3b11915d2.jpg,3,0.48678815364837646,0.35734593868255615,0.20871973037719727,0.16691496968269348,0.9538000226020813
road770_png.rf.192c2e4a2994c3c1bdfa14f69586392c.jpg,12,0.517699658870697,0.4481733441352844,0.10235951840877533,0.08199501037597656,0.6712216138839722
road770_png.rf.192c2e4a2994c3c1bdfa14f69586392c.jpg,1,0.700128972530365,0.4571039080619812,0.020202122628688812,0.0269321296364069,0.00448495801538229
road770_png.rf.192c2e4a2994c3c1bdfa14f69586392c.jpg,14,0.9649370908737183,0.2821624279022217,0.0653390884399414,0.03574991226196289,0.00264497147873044
road770_png.rf.192c2e4a2994c3c1bdfa14f69586392c.jpg,7,0.5167888402938843,0.4473866820335388,0.10066718608140945,0.08190803974866867,0.0015239909989759326
road773_png.rf.b467561d9bc1abfaa69c770187f44c38.jpg,9,0.6476044058799744,0.4954974949359894,0.06261884421110153,0.05069046840071678,0.4289543926715851
road773_png.rf.b467561d9bc1abfaa69c770187f44c38.jpg,12,0.6478480100631714,0.49531370401382446,0.06207803636789322,0.05125999450683594,0.27259671688079834
road773_png.rf.b467561d9bc1abfaa69c770187f44c38.jpg,13,0.6471384763717651,0.49517324566841125,0.0628524199128151,0.05041896551847458,0.1846766620874405
road773_png.rf.b467561d9bc1abfaa69c770187f44c38.jpg,5,0.6472976207733154,0.4952004551887512,0.06431179493665695,0.04917221888899803,0.021763211116194725
road773_png.rf.b467561d9bc1abfaa69c770187f44c38.jpg,10,0.6479052901268005,0.4953210651874542,0.061270494014024734,0.0531725138425827,0.013678176328539848
road773_png.rf.b467561d9bc1abfaa69c770187f44c38.jpg,0,0.004490859806537628,0.5583611726760864,0.008578503504395485,0.013881206512451172,0.005034345667809248
road773_png.rf.b467561d9bc1abfaa69c770187f44c38.jpg,0,0.00881117768585682,0.630649209022522,0.011183417402207851,0.010639924556016922,0.003847707062959671
road773_png.rf.b467561d9bc1abfaa69c770187f44c38.jpg,0,0.01823381334543228,0.6303366422653198,0.017904166132211685,0.009332289919257164,0.003559691831469536
road773_png.rf.b467561d9bc1abfaa69c770187f44c38.jpg,0,0.38434112071990967,0.5166108012199402,0.012182088568806648,0.0073887016624212265,0.00247465749271214
road773_png.rf.b467561d9bc1abfaa69c770187f44c38.jpg,0,0.05644413083791733,0.6281067728996277,0.0306949894875288,0.014737935736775398,0.001873166998848319
road773_png.rf.b467561d9bc1abfaa69c770187f44c38.jpg,0,0.38785406947135925,0.5165907144546509,0.012350082397460938,0.007361595518887043,0.0011648379731923342
road773_png.rf.b467561d9bc1abfaa69c770187f44c38.jpg,1,0.27740275859832764,0.5770303606987,0.008015339262783527,0.008474130183458328,0.0010653050849214196
road774_png.rf.01952886ddecdd8280c5df688e7f3f0e.jpg,9,0.6582406759262085,0.4351372718811035,0.0682588741183281,0.05848657339811325,0.656252384185791
road774_png.rf.01952886ddecdd8280c5df688e7f3f0e.jpg,12,0.659030020236969,0.43451887369155884,0.06544509530067444,0.059244412928819656,0.653424859046936
road774_png.rf.01952886ddecdd8280c5df688e7f3f0e.jpg,13,0.6589387655258179,0.4348030090332031,0.06797269731760025,0.05785292759537697,0.04729335382580757
road774_png.rf.01952886ddecdd8280c5df688e7f3f0e.jpg,10,0.659443199634552,0.4351847767829895,0.06437015533447266,0.059501830488443375,0.002936075208708644
road774_png.rf.01952886ddecdd8280c5df688e7f3f0e.jpg,1,0.37116095423698425,0.42899462580680847,0.011473582126200199,0.00783271063119173,0.0020063233096152544
road794_png.rf.3569e6160a38765029861dd0a34ebfdd.jpg,13,0.4447243809700012,0.6110080480575562,0.20760154724121094,0.16293086111545563,0.9567316770553589
road794_png.rf.3569e6160a38765029861dd0a34ebfdd.jpg,3,0.0842679813504219,0.9445724487304688,0.046272534877061844,0.04209327697753906,0.40399378538131714
road794_png.rf.3569e6160a38765029861dd0a34ebfdd.jpg,8,0.08522263169288635,0.9444919228553772,0.04714331775903702,0.04265367239713669,0.006390221882611513
road794_png.rf.3569e6160a38765029861dd0a34ebfdd.jpg,5,0.4741595387458801,0.4463178515434265,0.053552884608507156,0.047514550387859344,0.004714277572929859
road794_png.rf.3569e6160a38765029861dd0a34ebfdd.jpg,0,0.2754237651824951,0.2887781262397766,0.06545906513929367,0.03425946459174156,0.003248576307669282
road794_png.rf.3569e6160a38765029861dd0a34ebfdd.jpg,5,0.46342265605926514,0.446449875831604,0.06761110574007034,0.04567538946866989,0.003150172298774123
road803_png.rf.ec1de6db189d7a63e98b91529236a7d1.jpg,3,0.5298883318901062,0.5884037017822266,0.098130002617836,0.08042163401842117,0.9682369232177734
road804_png.rf.c07a9b7b679e771fad740f296ee3a8f7.jpg,3,0.6548470258712769,0.4910861849784851,0.1264284998178482,0.10074447095394135,0.9841011166572571
road811_png.rf.e8ae9aefbf35658164ee88a52ed39bd8.jpg,13,0.45281264185905457,0.5133870244026184,0.1805528849363327,0.13967473804950714,0.9743887186050415
road822_png.rf.b3ba7f5457042a083bad8aac3fe5f819.jpg,14,0.4564119577407837,0.26920607686042786,0.21027392148971558,0.1665831357240677,0.9008830785751343
road822_png.rf.b3ba7f5457042a083bad8aac3fe5f819.jpg,1,0.47853729128837585,0.557043194770813,0.13718700408935547,0.2823386490345001,0.8752902746200562
road822_png.rf.b3ba7f5457042a083bad8aac3fe5f819.jpg,0,0.37034842371940613,0.60318922996521,0.09119720011949539,0.19290997087955475,0.0056518795900046825
road836_png.rf.05522d5697471753f15583e9c74d9908.jpg,12,0.5857047438621521,0.3882153630256653,0.2030584216117859,0.15797339379787445,0.9615761041641235
road841_png.rf.7ddce1ff42545b101a28f63e6a1e5af7.jpg,12,0.4293498396873474,0.4084227681159973,0.13731130957603455,0.10569924861192703,0.9343962669372559
road842_png.rf.eaef28c5ea8a82fe3cfba78634bebf18.jpg,12,0.33365410566329956,0.44393956661224365,0.17113295197486877,0.13302025198936462,0.955003023147583
road842_png.rf.eaef28c5ea8a82fe3cfba78634bebf18.jpg,0,0.8959689736366272,0.31175515055656433,0.2070481926202774,0.4867478609085083,0.006271943915635347
road84_png.rf.3c4a24183c70e3af08fc01ae65761c88.jpg,14,0.4982326924800873,0.29825207591056824,0.2542739510536194,0.18270398676395416,0.9528687000274658
road84_png.rf.3c4a24183c70e3af08fc01ae65761c88.jpg,1,0.5141592621803284,0.6580883860588074,0.022070225328207016,0.0681137666106224,0.0018074713880196214
road850_png.rf.74fa86d3aaa9d85f0c87bf9bb5ce433e.jpg,12,0.29673734307289124,0.3316265344619751,0.06260644644498825,0.04647005349397659,0.4773905277252197
road850_png.rf.74fa86d3aaa9d85f0c87bf9bb5ce433e.jpg,9,0.2967671751976013,0.33250248432159424,0.06325454264879227,0.047110483050346375,0.261252224445343
road850_png.rf.74fa86d3aaa9d85f0c87bf9bb5ce433e.jpg,11,0.2965767979621887,0.3320903182029724,0.06223238259553909,0.04642827808856964,0.0690438449382782
road850_png.rf.74fa86d3aaa9d85f0c87bf9bb5ce433e.jpg,7,0.2962266504764557,0.3310752213001251,0.06243142858147621,0.04776974767446518,0.042607083916664124
road850_png.rf.74fa86d3aaa9d85f0c87bf9bb5ce433e.jpg,0,0.6210390329360962,0.13282479345798492,0.7310575842857361,0.26564958691596985,0.001096674706786871
road851_png.rf.30b2392d540fed2bdafd783c8defefb9.jpg,0,0.22360607981681824,0.15100900828838348,0.4410442113876343,0.30102160573005676,0.8715193271636963
road851_png.rf.30b2392d540fed2bdafd783c8defefb9.jpg,12,0.4152284860610962,0.31964111328125,0.07111699879169464,0.059466104954481125,0.7615953087806702
road851_png.rf.30b2392d540fed2bdafd783c8defefb9.jpg,13,0.4153364598751068,0.31974858045578003,0.07262153178453445,0.059626102447509766,0.40666091442108154
road851_png.rf.30b2392d540fed2bdafd783c8defefb9.jpg,0,0.22724732756614685,0.24633686244487762,0.4510347247123718,0.49267372488975525,0.2960991859436035
road851_png.rf.30b2392d540fed2bdafd783c8defefb9.jpg,3,0.9951906800270081,0.4106600880622864,0.009618612006306648,0.05865012854337692,0.0038284207694232464
road851_png.rf.30b2392d540fed2bdafd783c8defefb9.jpg,9,0.9952437877655029,0.4059617817401886,0.009512314572930336,0.05227452144026756,0.0011824601097032428
road856_png.rf.c56e130a9afef0aa81d3359ce467f4b1.jpg,12,0.5071840286254883,0.23197104036808014,0.1503952145576477,0.1191612184047699,0.9391580820083618
road856_png.rf.c56e130a9afef0aa81d3359ce467f4b1.jpg,0,0.23561978340148926,0.39323580265045166,0.4663713574409485,0.7732410430908203,0.014411612413823605
road859_png.rf.f0e4bbd39d237c79817d4ade35676364.jpg,12,0.46920087933540344,0.4068060517311096,0.08419583737850189,0.06706113368272781,0.9116359949111938
road85_png.rf.86fab2367257fba23a95cad102a7dd82.jpg,14,0.5199945569038391,0.5405938029289246,0.49654191732406616,0.3771119713783264,0.9382984042167664
road865_png.rf.d20a4a3f4030905929c2739f03eba9b8.jpg,13,0.5811716914176941,0.25636202096939087,0.11734239757061005,0.09180217236280441,0.8704017400741577
road86_png.rf.618acea5b57f584ad3cf0c2ddd8be8b3.jpg,14,0.4980713129043579,0.5115336775779724,0.280892014503479,0.4127238988876343,0.9144999384880066
road86_png.rf.618acea5b57f584ad3cf0c2ddd8be8b3.jpg,0,0.5693389177322388,0.10274691134691238,0.812742292881012,0.20493173599243164,0.10611088573932648
road86_png.rf.618acea5b57f584ad3cf0c2ddd8be8b3.jpg,0,0.5590309500694275,0.2940206825733185,0.8447293043136597,0.588041365146637,0.07332607358694077
road86_png.rf.618acea5b57f584ad3cf0c2ddd8be8b3.jpg,0,0.5094270706176758,0.22009533643722534,0.8789535164833069,0.4401906728744507,0.06994122266769409
road86_png.rf.618acea5b57f584ad3cf0c2ddd8be8b3.jpg,0,0.5742151737213135,0.07433957606554031,0.7782996296882629,0.14867915213108063,0.04073920473456383
road86_png.rf.618acea5b57f584ad3cf0c2ddd8be8b3.jpg,0,0.4778607189655304,0.13540984690189362,0.9421834945678711,0.27081969380378723,0.009572822600603104
road86_png.rf.618acea5b57f584ad3cf0c2ddd8be8b3.jpg,0,0.7983000874519348,0.07377350330352783,0.40334489941596985,0.14754700660705566,0.006697788834571838
road86_png.rf.618acea5b57f584ad3cf0c2ddd8be8b3.jpg,0,0.683610200881958,0.07119867205619812,0.6259846091270447,0.1421852856874466,0.003962008748203516
road86_png.rf.618acea5b57f584ad3cf0c2ddd8be8b3.jpg,0,0.2314351350069046,0.1045355349779129,0.4587383568286896,0.2090710699558258,0.002822255715727806
road86_png.rf.618acea5b57f584ad3cf0c2ddd8be8b3.jpg,0,0.47076040506362915,0.04617711156606674,0.8633947968482971,0.09156401455402374,0.0023384075611829758
road86_png.rf.618acea5b57f584ad3cf0c2ddd8be8b3.jpg,0,0.742211103439331,0.09173166751861572,0.5140679478645325,0.18346333503723145,0.0017459630034863949
road86_png.rf.618acea5b57f584ad3cf0c2ddd8be8b3.jpg,0,0.8487768769264221,0.08076194673776627,0.3024462163448334,0.16152389347553253,0.0015837694518268108
road86_png.rf.618acea5b57f584ad3cf0c2ddd8be8b3.jpg,0,0.4187256693840027,0.06516626477241516,0.8299541473388672,0.1299697756767273,0.0014064520364627242
road86_png.rf.618acea5b57f584ad3cf0c2ddd8be8b3.jpg,0,0.24854469299316406,0.05690830573439598,0.49572718143463135,0.11357800662517548,0.001071535749360919
road872_png.rf.d95002240567bc0114365d0ba181071f.jpg,8,0.3370267152786255,0.5511153340339661,0.10941760241985321,0.0869489461183548,0.966362476348877
road872_png.rf.d95002240567bc0114365d0ba181071f.jpg,14,0.7602567076683044,0.6723179221153259,0.04296603426337242,0.03809833526611328,0.6706030964851379
road876_png.rf.723330bcac2a5e357c0a325590dbff3c.jpg,8,0.47850945591926575,0.36632049083709717,0.227344810962677,0.1786903291940689,0.9835270047187805
road876_png.rf.723330bcac2a5e357c0a325590dbff3c.jpg,14,0.30185386538505554,0.7631750106811523,0.0507601760327816,0.04728684201836586,0.7355243563652039
road876_png.rf.723330bcac2a5e357c0a325590dbff3c.jpg,1,0.40147078037261963,0.810562014579773,0.025134636089205742,0.10578104108572006,0.004950925707817078
road94_png.rf.77920ec51ee4fe99a6fb6f8d99f67954.jpg,14,0.5129315853118896,0.5116938948631287,0.5504003167152405,0.5967709422111511,0.9152603149414062
road94_png.rf.77920ec51ee4fe99a6fb6f8d99f67954.jpg,14,0.5532388687133789,0.04691440239548683,0.8549411296844482,0.09294790774583817,0.0017279282910749316
road94_png.rf.77920ec51ee4fe99a6fb6f8d99f67954.jpg,14,0.5,0.12628605961799622,1.0,0.24591916799545288,0.00155631301458925
